source_id,url,publisher_key,catalog_kind,platform_families,score,states,source_scopes,observed_years,election_labels,signatures,target_status,verification_status,election_context_basis,observed_from,evidence_registries,target_snapshot_sha256,observed_at,served_jurisdiction_verified,live_coverage
discovered:1e04ee1401f7869c,https://electionarchive.washtenaw.org/eng,https://electionarchive.washtenaw.org/eng,authority_cms,civicplus,20,MI,official_source,,,civicplus-brand,fetched,fetched_unverified,link_or_target_keyword,https://electionarchive.washtenaw.org/eng,sources.csv,d069ac3a665bc6c6c0dbb781df7a0aff0778fe8966d69a6483e4143447593978,2026-10-09,false,false
discovered:a7175cfdfe534230,https://vote.mahoningcountyoh.gov/,https://vote.mahoningcountyoh.gov/,authority_cms,civicplus,20,OH,election_night_lead,,,civicplus-brand,fetched,fetched_unverified,link_or_target_keyword,https://vote.mahoningcountyoh.gov/,us_primary_election_localities.csv,d471109fb8ed4870c8cc74269eefd4d50cffc5d65f52c6ba78d1e9db01e6409e,2026-10-09,false,false
discovered:11b6ad81b2880cfb,https://www.alpenacounty.org/173/Election-Results,https://www.alpenacounty.org/173/Election-Results,authority_cms,civicplus,20,MI,historical_or_final_results,2010 | 2011 | 2012 | 2013 | 2014 | 2015 | 2016 | 2017 | 2018 | 2019 | 2020 | 2021 | 2022 | 2024 | 2026,2010 Election Results | 2011 Election Results | 2012 Election Results | 2013 Election Results | 2014 Election Results | 2015 Election Results | 2016 Election Results | 2017 Election Results | 2018 Election Results | 2019 Election Results | 2020 Election Results | 2021 Election Results | 2022 Election Results | 2024 Election Results | 2026 Election Results | Election Results | Skip to Main Content,civicplus-brand,fetched,fetched_unverified,link_or_target_keyword,https://www.alpenacounty.org/173/Election-Results,us_primary_election_localities.csv,9f29c64ad9242cd100978b9f97e1cae302b11a929cb655baf21e9d9be250dd05,2026-10-09,false,false
discovered:30dc77b380204160,https://www.berriencounty.org/169/Election-Reporting-Archive,https://www.berriencounty.org/169/Election-Reporting-Archive,authority_cms,civicplus,20,MI,election_night_lead,,,civicplus-brand,fetched,fetched_unverified,link_or_target_keyword,https://www.berriencounty.org/169/Election-Reporting-Archive,us_primary_election_localities.csv,cb8836ccadced02037b93cc3d33c5547fcdde54f7ddf4769b59407687a25822a,2026-10-09,false,false
discovered:f16b054dd7f3d64f,https://www.casscountymi.org/,https://www.casscountymi.org/,authority_cms,civicplus,20,MI,historical_or_final_results,,,civicplus-brand,fetched,fetched_unverified,link_or_target_keyword,https://www.casscountymi.org/,us_primary_election_localities.csv,7f10df0f47c3f9735a3d2efa5b7ed02f8e11a001727a44d1ccd5fee96439039a,2026-10-09,false,false
discovered:d3cf2edea430c400,https://www.clinton-county.org/228/Election-Information,https://www.clinton-county.org/228/Election-Information,authority_cms,civicplus,20,MI,historical_or_final_results,,,civicplus-brand,fetched,fetched_unverified,link_or_target_keyword,https://www.clinton-county.org/228/Election-Information,us_primary_election_localities.csv,bafc69c2d4e824850c5f744442d31ab99399d12f7bc6ea28c55054a668e62634,2026-10-09T21:50:49.552549+00:00,false,false
discovered:3a7ab127a418d5d4,https://www.eatoncounty.org/241/Election-Results,https://www.eatoncounty.org/241/Election-Results,authority_cms,civicplus,20,MI,historical_or_final_results,2018 | 2019 | 2020 | 2023 | 2024 | 2026,"2020 - 2023 Election Results | 2024 - 2026 Election Results | August 6, 2019 Election | August 7, 2018 Election | Election Results | May 7, 2019 Election | November 5, 2019 Election | November 6, 2018 Election | Skip to Main Content | https://www.eatoncounty.org/241/Elections",civicplus-brand,fetched,fetched_unverified,link_or_target_keyword,https://www.eatoncounty.org/241/Election-Results,us_primary_election_localities.csv,f21704292c427a4b89299f47912bc88ac7641fd5a6be98dd4460a575a089669c,2026-10-09T21:47:20.784624+00:00,false,false
discovered:bd41b721e54093eb,https://www.kentcountymi.gov/197/Elections,https://www.kentcountymi.gov/197/Elections,authority_cms,civicplus,20,MI,election_night_lead,,,civicplus-brand,fetched,fetched_unverified,link_or_target_keyword,https://www.kentcountymi.gov/197/Elections,us_primary_election_localities.csv,66fec0887cb10a9e0a782b09f5304bf23d7343d74d83d340cded4a572f14935f,2026-10-09,false,false
discovered:9284b1f26b1bdc2f,https://www.mijackson.org/3158/Election-Results-Archive,https://www.mijackson.org/3158/Election-Results-Archive,authority_cms,civicplus,20,MI,official_source,2023 | 2024,"2023 Elections | 2024 Elections | August 6, 2024 - Open Primary | August 8, 2023 - Special Election & City of Jackson Primary | February 27, 2024 - Closed Primary | May 2, 2023 - General Election | May 7, 2024 - General Election | November 5, 2024 - General Election | November 7, 2023 - General Election | Skip to Main Content",civicplus-brand,fetched,fetched_unverified,link_or_target_keyword,https://www.mijackson.org/3158/Election-Results-Archive,sources.csv,a48fd1ca70de45fd52687fa118ea11b32fb9b7047dca5075d9a10c764dae9bbf,2026-10-09T21:48:12.108285+00:00,false,false
discovered:4fb18f58ed4b4826,https://www.roscommoncounty.net/,https://www.roscommoncounty.net/,authority_cms,civicplus,20,MI,historical_or_final_results,,,civicplus-brand,fetched,fetched_unverified,link_or_target_keyword,https://www.roscommoncounty.net/,us_primary_election_localities.csv,086195a01debfd657214ae1d2495142d7eafc9368cac8779e81b9fb93182563a,2026-10-09T21:48:28.120096+00:00,false,false
discovered:deb8bed4e993e7c3,http://civicplus.com/referral,http://civicplus.com/referral,authority_cms,civicplus,0,OH,election_night_lead,,Government Websites by CivicPlus®,civicplus-brand,not_fetched,candidate,platform_signature_only,https://vote.mahoningcountyoh.gov/,us_primary_election_localities.csv,,2026-10-09,false,false
discovered:765dd8b51436b6ad,https://co.muskegon.mi.us/419/Forms-Publications,https://co.muskegon.mi.us/419/Forms-Publications,authority_cms,civicplus,0,MI,election_night_lead,,,civicplus-brand,fetched,fetched_unverified,platform_signature_only,https://co.muskegon.mi.us/419/Forms-Publications,us_primary_election_localities.csv,7ec77d4ce7d0f71ec4d07d10deb0d3084c15a8e0e436136702a0acfee6588a00,2026-10-09,false,false
discovered:ff6774ed4b617ee7,https://connect.civicplus.com/referral,https://connect.civicplus.com/referral,authority_cms,civicplus,0,ME | MI,election_night_lead | historical_or_final_results | local_election_authority | official_source,,CivicPlus®,civicplus-brand,not_fetched,candidate,parent_results_page,https://co.muskegon.mi.us/419/Forms-Publications | https://electionarchive.washtenaw.org/eng | https://www.alpenacounty.org/173/Election-Results | https://www.berriencounty.org/169/Election-Reporting-Archive | https://www.biddefordmaine.org/2347/Public-Kick-Off-Meeting-Materials | https://www.brunswickme.gov/185/Short-Term-Disability | https://www.casscountymi.org/ | https://www.cityofbelfast.org/129/Loans-Grants | https://www.clinton-county.org/1018/Board-of-County-Canvassers | https://www.clinton-county.org/228/Election-Information | https://www.clinton-county.org/229/Past-Election-Results | https://www.eatoncounty.org/241/Election-Results | https://www.gratiotmi.com/239/Register-of-Deeds | https://www.gtcountymi.gov/771/Animal-Control | https://www.kentcountymi.gov/197/Elections | https://www.manisteecountymi.gov/194/Firearms-Registration | https://www.mijackson.org/170/Jail-Information | https://www.mijackson.org/3158/Election-Results-Archive | https://www.montcalm.us/643/Fees---Motion-Filing | https://www.otsegocountymi.gov/ | https://www.roscommoncounty.net/,me_locality_authorities.csv | sources.csv | us_primary_election_localities.csv,,2026-10-09,false,false
discovered:1d079cf5d7618ea0,https://www.biddefordmaine.org/2347/Public-Kick-Off-Meeting-Materials,https://www.biddefordmaine.org/2347/Public-Kick-Off-Meeting-Materials,authority_cms,civicplus,0,ME,local_election_authority,,,civicplus-brand,fetched,fetched_unverified,platform_signature_only,https://www.biddefordmaine.org/2347/Public-Kick-Off-Meeting-Materials,me_locality_authorities.csv,1ee85d04c20578daf7eac23a7173b672b87c55937cbbc805f1cc103765e9c402,2026-10-09T21:47:09.607568+00:00,false,false
discovered:345b7c653fde1e76,https://www.brunswickme.gov/185/Short-Term-Disability,https://www.brunswickme.gov/185/Short-Term-Disability,authority_cms,civicplus,0,ME,local_election_authority,,,civicplus-brand,fetched,fetched_unverified,platform_signature_only,https://www.brunswickme.gov/185/Short-Term-Disability,me_locality_authorities.csv,6318339fd2a5fa285feeacce9791d38dad8867ac85d8288dea95f2f219b57247,2026-10-09T21:47:56.506973+00:00,false,false
discovered:9d5e268bee7c62f5,https://www.cityofbelfast.org/129/Loans-Grants,https://www.cityofbelfast.org/129/Loans-Grants,authority_cms,civicplus,0,ME,local_election_authority,,,civicplus-brand,fetched,fetched_unverified,platform_signature_only,https://www.cityofbelfast.org/129/Loans-Grants,me_locality_authorities.csv,171137bac091965d6e265d841721027e9d2da4ff6386e9310b3dc8de594e89f8,2026-10-09T21:48:22.706940+00:00,false,false
discovered:55b3f51ef4fb4eef,https://www.gratiotmi.com/239/Register-of-Deeds,https://www.gratiotmi.com/239/Register-of-Deeds,authority_cms,civicplus,0,MI,historical_or_final_results,,,civicplus-brand,fetched,fetched_unverified,platform_signature_only,https://www.gratiotmi.com/239/Register-of-Deeds,us_primary_election_localities.csv,f814efd1cb7ce6bb710977c968e9733d447c8476d422c3873c4bb7af25cdb11c,2026-10-09T21:47:30.019839+00:00,false,false
discovered:2c1c30b8a52ed284,https://www.gtcountymi.gov/771/Animal-Control,https://www.gtcountymi.gov/771/Animal-Control,authority_cms,civicplus,0,MI,election_night_lead,,,civicplus-brand,fetched,fetched_unverified,platform_signature_only,https://www.gtcountymi.gov/771/Animal-Control,us_primary_election_localities.csv,f976318c6efb394dd7e5a94f4c176403f3351d810759e2793a0f999d78889be7,2026-10-09T21:47:49.014109+00:00,false,false
discovered:70db42da5e6e5ef3,https://www.manisteecountymi.gov/194/Firearms-Registration,https://www.manisteecountymi.gov/194/Firearms-Registration,authority_cms,civicplus,0,MI,historical_or_final_results,,,civicplus-brand,fetched,fetched_unverified,platform_signature_only,https://www.manisteecountymi.gov/194/Firearms-Registration,us_primary_election_localities.csv,b33cc0253ed0e43af177e4ffb68bbb406e638614912e22b457affbab3a34c95a,2026-10-09T21:48:03.271376+00:00,false,false
discovered:42c0f2bc9c8048e3,https://www.mijackson.org/170/Jail-Information,https://www.mijackson.org/170/Jail-Information,authority_cms,civicplus,0,MI,election_night_lead,,,civicplus-brand,fetched,fetched_unverified,platform_signature_only,https://www.mijackson.org/170/Jail-Information,us_primary_election_localities.csv,0782511dfbf3f64f9251e0f33d6e46263d6816e242262db4fb1dc8d67a59b35e,2026-10-09T21:48:10.909885+00:00,false,false
discovered:8c380d79dc702ae4,https://www.montcalm.us/643/Fees---Motion-Filing,https://www.montcalm.us/643/Fees---Motion-Filing,authority_cms,civicplus,0,MI,election_night_lead,,,civicplus-brand,fetched,fetched_unverified,platform_signature_only,https://www.montcalm.us/643/Fees---Motion-Filing,us_primary_election_localities.csv,d3a1c2ebf6335b63988d0684015be0a98c51e41de507d13cd45c5309c50fe397,2026-10-09T21:48:15.988178+00:00,false,false
discovered:bebe84d666d086b9,https://www.otsegocountymi.gov/,https://www.otsegocountymi.gov/,authority_cms,civicplus,0,MI,historical_or_final_results,,,civicplus-brand,fetched,fetched_unverified,platform_signature_only,https://www.otsegocountymi.gov/,us_primary_election_localities.csv,878641e262f8c159b118af7a659d6cdcc7de7c1550ac096a31bca1b0572a4920,2026-10-09T21:48:26.224430+00:00,false,false
discovered:376bfd88afe26c47,https://app.enhancedvoting.com/results/public/berrien-county-MI/elections/AugustStatePrimary08062024,https://app.enhancedvoting.com/results/public/berrien-county-MI/elections/AugustStatePrimary08062024,dashboard_candidate,enhanced_voting | public_results_app,100,MI,election_night_lead | observed_dashboard_link,2024,"August 6, 2024 Election Results",enhanced-host | enhanced-public | public-results-path,fetched,fetched_unverified,link_or_target_keyword,https://app.enhancedvoting.com/results/public/berrien-county-MI/elections/AugustStatePrimary08062024 | https://www.berriencounty.org/169/Election-Reporting-Archive,dashboard-discovery/expansion_or_pilot | us_primary_election_localities.csv,ec578ad3c5f25110dddea9fa083eda13ccb74c40332ba91c5baedde124271119,2026-10-09T21:57:26.289280+00:00,false,false
discovered:8a2a1de2c2fa8089,https://app.enhancedvoting.com/results/public/berrien-county-mi,https://app.enhancedvoting.com/results/public/berrien-county-mi,dashboard_candidate,enhanced_voting,100,MI,election_night_lead | observed_dashboard_link,,,enhanced-host | enhanced-public,fetched,fetched_unverified,link_or_target_keyword | platform_signature_only,https://app.enhancedvoting.com/results/public/berrien-county-mi | https://www.berriencounty.org/169/Election-Reporting-Archive,dashboard-discovery/expansion_or_pilot | us_primary_election_localities.csv,c3ab7c4dadad6e37a104c658fa75b131704cfda8d3fd262e90f843a552591a85,2026-10-09T21:57:27.428363+00:00,false,false
discovered:63e80ea535248d9c,https://app.enhancedvoting.com/results/public/berrien-county-mi/elections/2026Augustelection,https://app.enhancedvoting.com/results/public/berrien-county-mi/elections/2026Augustelection,dashboard_candidate,enhanced_voting | public_results_app,100,MI,election_night_lead | observed_dashboard_link,2026,"Results - August 4, 2026 - Gubernatorial Primary Election",enhanced-host | enhanced-public | public-results-path,fetched,fetched_unverified,link_or_target_keyword,https://app.enhancedvoting.com/results/public/berrien-county-mi/elections/2026Augustelection | https://www.berriencounty.org/169/Election-Reporting-Archive,dashboard-discovery/expansion_or_pilot | us_primary_election_localities.csv,953d69e64658abece81aacd903157169253fbdb8da2d880b4ec6b1de5be872ab,2026-10-09T21:57:28.354313+00:00,false,false
discovered:5c5fbccd02b11601,https://app.enhancedvoting.com/results/public/berrien-county-mi/elections/AugustElection08052025_20250619134311,https://app.enhancedvoting.com/results/public/berrien-county-mi/elections/AugustElection08052025_20250619134311,dashboard_candidate,enhanced_voting | public_results_app,100,MI,election_night_lead | observed_dashboard_link,,,enhanced-host | enhanced-public | public-results-path,fetched,fetched_unverified,link_or_target_keyword | platform_signature_only,https://app.enhancedvoting.com/results/public/berrien-county-mi/elections/AugustElection08052025_20250619134311 | https://www.berriencounty.org/169/Election-Reporting-Archive,dashboard-discovery/expansion_or_pilot | us_primary_election_localities.csv,82bc76b61d16e1301615456f97bcca7d81604da45299bd45300f68c721c5e05f,2026-10-09T21:57:29.458577+00:00,false,false
discovered:c2d5371bc285d618,https://app.enhancedvoting.com/results/public/berrien-county-mi/elections/MaySpecialElection05052026,https://app.enhancedvoting.com/results/public/berrien-county-mi/elections/MaySpecialElection05052026,dashboard_candidate,enhanced_voting | public_results_app,100,MI,election_night_lead | observed_dashboard_link,2026,"Results - May 5, 2026 - Special Election",enhanced-host | enhanced-public | public-results-path,fetched,fetched_unverified,link_or_target_keyword | platform_signature_only,https://app.enhancedvoting.com/results/public/berrien-county-mi/elections/MaySpecialElection05052026 | https://www.berriencounty.org/169/Election-Reporting-Archive,dashboard-discovery/expansion_or_pilot | us_primary_election_localities.csv,ed0bab119be4eb8c17ca62e743f8d2116c2e2ccf644de5f59e5e8a6f8694ab10,2026-10-09T21:57:30.463827+00:00,false,false
discovered:aad23838a9b229fb,https://app.enhancedvoting.com/results/public/berrien-county-mi/elections/MaySpecialElection05062025,https://app.enhancedvoting.com/results/public/berrien-county-mi/elections/MaySpecialElection05062025,dashboard_candidate,enhanced_voting | public_results_app,100,MI,election_night_lead | observed_dashboard_link,,,enhanced-host | enhanced-public | public-results-path,fetched,fetched_unverified,link_or_target_keyword | platform_signature_only,https://app.enhancedvoting.com/results/public/berrien-county-mi/elections/MaySpecialElection05062025 | https://www.berriencounty.org/169/Election-Reporting-Archive,dashboard-discovery/expansion_or_pilot | us_primary_election_localities.csv,09415a7d7b938f2504f056d0675088a539c08e994eb4415373ba17c9780c65b7,2026-10-09T21:57:31.464396+00:00,false,false
discovered:c5c97682ffe982b6,https://app.enhancedvoting.com/results/public/berrien-county-mi/elections/November11042025,https://app.enhancedvoting.com/results/public/berrien-county-mi/elections/November11042025,dashboard_candidate,enhanced_voting | public_results_app,100,MI,election_night_lead | observed_dashboard_link,,,enhanced-host | enhanced-public | public-results-path,fetched,fetched_unverified,link_or_target_keyword | platform_signature_only,https://app.enhancedvoting.com/results/public/berrien-county-mi/elections/November11042025 | https://www.berriencounty.org/169/Election-Reporting-Archive,dashboard-discovery/expansion_or_pilot | us_primary_election_localities.csv,f0caa4fa559e1d9a3a2b9dbd281cc761febd80d1e0d6fc2feb350e922668a9a3,2026-10-09T21:57:32.485269+00:00,false,false
discovered:8892975d8e8a70d7,https://app.enhancedvoting.com/results/public/berrien-county-mi/elections/NovemberGeneral11052024,https://app.enhancedvoting.com/results/public/berrien-county-mi/elections/NovemberGeneral11052024,dashboard_candidate,enhanced_voting | public_results_app,100,MI,election_night_lead | observed_dashboard_link,2024,"November 5, 2024 Election Results",enhanced-host | enhanced-public | public-results-path,fetched,fetched_unverified,link_or_target_keyword,https://app.enhancedvoting.com/results/public/berrien-county-mi/elections/NovemberGeneral11052024 | https://www.berriencounty.org/169/Election-Reporting-Archive,dashboard-discovery/expansion_or_pilot | us_primary_election_localities.csv,52735aa8db8cdaf45555aa02bd781fa13de35fe674034516a9da7c4cd41c2411,2026-10-09T21:57:33.399592+00:00,false,false
discovered:8f0d64f9cf792735,https://app.enhancedvoting.com/results/public/ingham-county-mi/AugustElection08042026,https://app.enhancedvoting.com/results/public/ingham-county-mi/AugustElection08042026,dashboard_candidate,enhanced_voting,100,MI,official_source,,Election Results Website,enhanced-host | enhanced-public,fetched,fetched_unverified,link_or_target_keyword,https://app.enhancedvoting.com/results/public/ingham-county-mi/AugustElection08042026 | https://docs.ingham.org/departments_and_officials/county_clerk/election_results.php,sources.csv,5d29f1ff2affbcd24d0a4f87435665fb1912cfd882df3fda970b2db800d7d3fb,2026-10-09,false,false
discovered:630f07cdf8bcacb3,https://app.enhancedvoting.com/results/public/ingham-county-mi/AugustElection08052025,https://app.enhancedvoting.com/results/public/ingham-county-mi/AugustElection08052025,dashboard_candidate,enhanced_voting,100,MI,official_source,,Results Map,enhanced-host | enhanced-public,fetched,fetched_unverified,link_or_target_keyword,https://app.enhancedvoting.com/results/public/ingham-county-mi/AugustElection08052025 | https://docs.ingham.org/departments_and_officials/county_clerk/election_results.php,sources.csv,8d4a475d863b52d5ae43a4ed8006e355521c60d4b6aba60cc19f78b180888b15,2026-10-09,false,false
discovered:3ae33da0783c1db8,https://app.enhancedvoting.com/results/public/ingham-county-mi/MayElection05052026,https://app.enhancedvoting.com/results/public/ingham-county-mi/MayElection05052026,dashboard_candidate,enhanced_voting,100,MI,official_source,,Election Results Website,enhanced-host | enhanced-public,fetched,fetched_unverified,link_or_target_keyword,https://app.enhancedvoting.com/results/public/ingham-county-mi/MayElection05052026 | https://docs.ingham.org/departments_and_officials/county_clerk/election_results.php,sources.csv,d9540eaf516ab087c1a06e6c3539171b46d82ab1341055f04b2de20a8958ce5d,2026-10-09,false,false
discovered:fad6b8e2c0a62f83,https://app.enhancedvoting.com/results/public/ingham-county-mi/NovemberElection11042025,https://app.enhancedvoting.com/results/public/ingham-county-mi/NovemberElection11042025,dashboard_candidate,enhanced_voting,100,MI,official_source,,Election Results Website,enhanced-host | enhanced-public,fetched,fetched_unverified,link_or_target_keyword,https://app.enhancedvoting.com/results/public/ingham-county-mi/NovemberElection11042025 | https://docs.ingham.org/departments_and_officials/county_clerk/election_results.php,sources.csv,7f9ff22b964e8eb442a69804c7ce82b3a1056efedda128b7870b07b73e373f88,2026-10-09,false,false
discovered:96c19eb308aa110e,https://app.enhancedvoting.com/results/public/ingham-county-mi/elections/NovemberElection11042025,https://app.enhancedvoting.com/results/public/ingham-county-mi/elections/NovemberElection11042025,dashboard_candidate,enhanced_voting,100,MI,official_source,,Election Results Website,enhanced-host | enhanced-public,fetched,fetched_unverified,link_or_target_keyword,https://app.enhancedvoting.com/results/public/ingham-county-mi/elections/NovemberElection11042025 | https://docs.ingham.org/departments_and_officials/county_clerk/election_results.php,sources.csv,c50e9c5792289102e721cbebd1a30e9ea4c065335240199ff40108a42431d548,2026-10-09,false,false
discovered:fd004e68fa898a6f,https://app.enhancedvoting.com/results/public/ingham-county-mi/elections/general11052024,https://app.enhancedvoting.com/results/public/ingham-county-mi/elections/general11052024,dashboard_candidate,enhanced_voting,100,MI,official_source,,Results Website,enhanced-host | enhanced-public,fetched,fetched_unverified,link_or_target_keyword,https://app.enhancedvoting.com/results/public/ingham-county-mi/elections/general11052024 | https://docs.ingham.org/departments_and_officials/county_clerk/election_results.php,sources.csv,c3bf0682ef70096e22b0d7c39ef4bdc7ed44f1051fbf40d0ba262a984e502c9f,2026-10-09,false,false
discovered:772e0a421ebf6a2a,https://app.enhancedvoting.com/results/public/ingham-county-mi/elections/mayelection05062025,https://app.enhancedvoting.com/results/public/ingham-county-mi/elections/mayelection05062025,dashboard_candidate,enhanced_voting,100,MI,official_source,,Results Website,enhanced-host | enhanced-public,fetched,fetched_unverified,link_or_target_keyword,https://app.enhancedvoting.com/results/public/ingham-county-mi/elections/mayelection05062025 | https://docs.ingham.org/departments_and_officials/county_clerk/election_results.php,sources.csv,522fb83caa45aeb58d0b103f446a596d35d3ba6f69dae7360a7a61b3e91436a7,2026-10-09,false,false
discovered:3612a75168569af6,https://app.enhancedvoting.com/results/public/ingham-county-mi/mayelection05062025,https://app.enhancedvoting.com/results/public/ingham-county-mi/mayelection05062025,dashboard_candidate,enhanced_voting,100,MI,official_source,,,enhanced-host | enhanced-public,fetched,fetched_unverified,link_or_target_keyword,https://app.enhancedvoting.com/results/public/ingham-county-mi/mayelection05062025 | https://docs.ingham.org/departments_and_officials/county_clerk/election_results.php,sources.csv,d95d52180a629ba3ba149131b89f04da51c5eaa92e4fc0c9c23d93a524f08907,2026-10-09,false,false
discovered:28edb67b14874d53,https://app.enhancedvoting.com/results/public/kent-county-mi/elections/05052026,https://app.enhancedvoting.com/results/public/kent-county-mi/elections/05052026,dashboard_candidate,enhanced_voting | public_results_app,100,MI,election_night_lead | observed_dashboard_link,,Official Election Results,enhanced-host | enhanced-public | public-results-path,fetched,fetched_unverified,link_or_target_keyword,https://app.enhancedvoting.com/results/public/kent-county-mi/elections/05052026 | https://www.kentcountymi.gov/197/Elections,dashboard-discovery/expansion_or_pilot | us_primary_election_localities.csv,6cf12bc7f2482bac686d327e9f430ba7cdb573638acf65593b86b48103cfcf79,2026-10-09T21:57:34.439141+00:00,false,false
discovered:04b05d30760c7791,https://app.enhancedvoting.com/results/public/kent-county-mi/elections/08042026,https://app.enhancedvoting.com/results/public/kent-county-mi/elections/08042026,dashboard_candidate,enhanced_voting | public_results_app,100,MI,election_night_lead | observed_dashboard_link,,Official Election Results,enhanced-host | enhanced-public | public-results-path,fetched,fetched_unverified,link_or_target_keyword,https://app.enhancedvoting.com/results/public/kent-county-mi/elections/08042026 | https://www.kentcountymi.gov/197/Elections,dashboard-discovery/expansion_or_pilot | us_primary_election_localities.csv,e5188989daddad9759fe3313e4521a05b1c6870bea4a7a5075a361792e343a94,2026-10-09T21:57:35.566030+00:00,false,false
discovered:9a1175b3ea237209,https://app.enhancedvoting.com/results/public/newaygo-county-mi/elections/August2026PrimaryElection,https://app.enhancedvoting.com/results/public/newaygo-county-mi/elections/August2026PrimaryElection,dashboard_candidate,enhanced_voting | public_results_app,100,MI,election_night_lead | observed_dashboard_link,2026,Election Result,enhanced-host | enhanced-public | public-results-path,fetched,fetched_unverified,link_or_target_keyword,https://app.enhancedvoting.com/results/public/newaygo-county-mi/elections/August2026PrimaryElection | https://www.newaygocountymi.gov/departments/county-clerk/elections/,dashboard-discovery/expansion_or_pilot | us_primary_election_localities.csv,916b23123e2ff404f4c5a21a1638578749d3c006a3bceed067f9c9b8fd0b224d,2026-10-09T21:57:36.764099+00:00,false,false
discovered:3326758473900867,https://results.enr.clarityelections.com/MI/Cass/124696/web.345435/,https://results.enr.clarityelections.com/MI/Cass/124696/,dashboard_candidate,clarity,100,MI,historical_or_final_results,2025,Election Results - Nov. 2025,clarity-host,not_fetched,candidate,link_or_target_keyword,https://www.casscountymi.org/,us_primary_election_localities.csv,,2026-10-09,false,false
discovered:bec35f903e7ae033,https://results.enr.clarityelections.com/MI/Cass/127065/web.345435/,https://results.enr.clarityelections.com/MI/Cass/127065/,dashboard_candidate,clarity,100,MI,historical_or_final_results,2026,Election Results - Aug. 2026,clarity-host,not_fetched,candidate,link_or_target_keyword,https://www.casscountymi.org/,us_primary_election_localities.csv,,2026-10-09,false,false
discovered:302c1fa53e877c58,https://results.enr.clarityelections.com/MI/Eaton/100189/,https://results.enr.clarityelections.com/MI/Eaton/100189/,dashboard_candidate,clarity,100,MI,historical_or_final_results,2020,"March 10, 2020 Presidential Primary Election Results",clarity-host,not_fetched,candidate,link_or_target_keyword,https://www.eatoncounty.org/241/Election-Results,us_primary_election_localities.csv,,2026-10-09,false,false
discovered:7ec6db84b57c58a8,https://results.enr.clarityelections.com/MI/Eaton/104475/,https://results.enr.clarityelections.com/MI/Eaton/104475/,dashboard_candidate,clarity,100,MI,historical_or_final_results,2020,"August 4, 2020 Primary Election Results",clarity-host,not_fetched,candidate,link_or_target_keyword,https://www.eatoncounty.org/241/Election-Results,us_primary_election_localities.csv,,2026-10-09,false,false
discovered:f3d42a8c6c110f9a,https://results.enr.clarityelections.com/MI/Eaton/106278/,https://results.enr.clarityelections.com/MI/Eaton/106278/,dashboard_candidate,clarity,100,MI,historical_or_final_results,2020,"November 3, 2020 General Election Results",clarity-host,not_fetched,candidate,link_or_target_keyword,https://www.eatoncounty.org/241/Election-Results,us_primary_election_localities.csv,,2026-10-09,false,false
discovered:1da46be78e170d03,https://results.enr.clarityelections.com/MI/Eaton/109365/,https://results.enr.clarityelections.com/MI/Eaton/109365/,dashboard_candidate,clarity,100,MI,historical_or_final_results,2021,"May 4, 2021 Special Election Results",clarity-host,not_fetched,candidate,link_or_target_keyword,https://www.eatoncounty.org/241/Election-Results,us_primary_election_localities.csv,,2026-10-09,false,false
discovered:0bc0b8fd0200226c,https://results.enr.clarityelections.com/MI/Eaton/111518/,https://results.enr.clarityelections.com/MI/Eaton/111518/,dashboard_candidate,clarity,100,MI,historical_or_final_results,2021,"August 3, 2021 Special Election Results | November 2, 2021 City General Election Results",clarity-host,not_fetched,candidate,link_or_target_keyword,https://www.eatoncounty.org/241/Election-Results,us_primary_election_localities.csv,,2026-10-09,false,false
discovered:8e1d6919b7e4985c,https://results.enr.clarityelections.com/MI/Eaton/112972/,https://results.enr.clarityelections.com/MI/Eaton/112972/,dashboard_candidate,clarity,100,MI,historical_or_final_results,2022,"May 3, 2022 Special Election Results",clarity-host,not_fetched,candidate,link_or_target_keyword,https://www.eatoncounty.org/241/Election-Results,us_primary_election_localities.csv,,2026-10-09,false,false
discovered:31d16ed9cbcfd5ad,https://results.enr.clarityelections.com/MI/Eaton/115242/,https://results.enr.clarityelections.com/MI/Eaton/115242/,dashboard_candidate,clarity,100,MI,historical_or_final_results,2022,"August 2, 2022 Primary Election Results",clarity-host,not_fetched,candidate,link_or_target_keyword,https://www.eatoncounty.org/241/Election-Results,us_primary_election_localities.csv,,2026-10-09,false,false
discovered:bfdcc1aad6536c59,https://results.enr.clarityelections.com/MI/Eaton/116159/web.307039/,https://results.enr.clarityelections.com/MI/Eaton/116159/,dashboard_candidate,clarity,100,MI,historical_or_final_results,2022,"November 8, 2022 General Election results",clarity-host,not_fetched,candidate,link_or_target_keyword,https://www.eatoncounty.org/241/Election-Results,us_primary_election_localities.csv,,2026-10-09,false,false
discovered:e14f1c23f6a35107,https://results.enr.clarityelections.com/MI/Eaton/117762/,https://results.enr.clarityelections.com/MI/Eaton/117762/,dashboard_candidate,clarity,100,MI,historical_or_final_results,2023,"May 2, 2023 Special Election Results",clarity-host,not_fetched,candidate,link_or_target_keyword,https://www.eatoncounty.org/241/Election-Results,us_primary_election_localities.csv,,2026-10-09,false,false
discovered:c263a0c9043379aa,https://results.enr.clarityelections.com/MI/Eaton/118317/,https://results.enr.clarityelections.com/MI/Eaton/118317/,dashboard_candidate,clarity,100,MI,historical_or_final_results,2023,"August 8, 2023 Special Election Results",clarity-host,not_fetched,candidate,link_or_target_keyword,https://www.eatoncounty.org/241/Election-Results,us_primary_election_localities.csv,,2026-10-09,false,false
discovered:d7a54faf8572768a,https://results.enr.clarityelections.com/MI/Eaton/119034/web.317647/,https://results.enr.clarityelections.com/MI/Eaton/119034/,dashboard_candidate,clarity,100,MI,historical_or_final_results,2023,"November 7, 2023 Special Election Results",clarity-host,not_fetched,candidate,link_or_target_keyword,https://www.eatoncounty.org/241/Election-Results,us_primary_election_localities.csv,,2026-10-09,false,false
discovered:72629efc9913e7c7,https://results.enr.clarityelections.com/MI/Eaton/120372/,https://results.enr.clarityelections.com/MI/Eaton/120372/,dashboard_candidate,clarity,100,MI,historical_or_final_results,,February Presidential Primary Election Results,clarity-host,not_fetched,candidate,link_or_target_keyword,https://www.eatoncounty.org/241/Election-Results,us_primary_election_localities.csv,,2026-10-09,false,false
discovered:8f6a84ca832b018c,https://results.enr.clarityelections.com/MI/Eaton/122272/,https://results.enr.clarityelections.com/MI/Eaton/122272/,dashboard_candidate,clarity,100,MI,historical_or_final_results,2024,"August 6, 2024 Primary Election Results",clarity-host,not_fetched,candidate,link_or_target_keyword,https://www.eatoncounty.org/241/Election-Results,us_primary_election_localities.csv,,2026-10-09,false,false
discovered:5d341546a73bf99b,https://results.enr.clarityelections.com/MI/Eaton/122590/web.345435/,https://results.enr.clarityelections.com/MI/Eaton/122590/,dashboard_candidate,clarity,100,MI,historical_or_final_results,2024,"November 5, 2024 General Election Results",clarity-host,not_fetched,candidate,link_or_target_keyword,https://www.eatoncounty.org/241/Election-Results,us_primary_election_localities.csv,,2026-10-09,false,false
discovered:974b042f0b8a1acc,https://results.enr.clarityelections.com/MI/Eaton/124075/web.345435/,https://results.enr.clarityelections.com/MI/Eaton/124075/,dashboard_candidate,clarity,100,MI,historical_or_final_results,2025,"August 5, 2025 Special Election Results",clarity-host,not_fetched,candidate,link_or_target_keyword,https://www.eatoncounty.org/241/Election-Results,us_primary_election_localities.csv,,2026-10-09,false,false
discovered:bd264f88403017ea,https://results.enr.clarityelections.com/MI/Eaton/125149/,https://results.enr.clarityelections.com/MI/Eaton/125149/,dashboard_candidate,clarity,100,MI,historical_or_final_results,2025,"November 4, 2025 Election Results",clarity-host,not_fetched,candidate,link_or_target_keyword,https://www.eatoncounty.org/241/Election-Results,us_primary_election_localities.csv,,2026-10-09,false,false
discovered:a90d959ee6fab03f,https://results.enr.clarityelections.com/MI/Eaton/126345/,https://results.enr.clarityelections.com/MI/Eaton/126345/,dashboard_candidate,clarity,100,MI,historical_or_final_results,2026,"May 5, 2026 Election Results",clarity-host,not_fetched,candidate,link_or_target_keyword,https://www.eatoncounty.org/241/Election-Results,us_primary_election_localities.csv,,2026-10-09,false,false
discovered:d0c8dfb35dc7027f,https://results.enr.clarityelections.com/MI/Eaton/126881/,https://results.enr.clarityelections.com/MI/Eaton/126881/,dashboard_candidate,clarity,100,MI,historical_or_final_results,2026,"August 4, 2026 Election Results",clarity-host,not_fetched,candidate,link_or_target_keyword,https://www.eatoncounty.org/241/Election-Results,us_primary_election_localities.csv,,2026-10-09,false,false
discovered:f3370f92fc62dded,https://results.enr.clarityelections.com/MI/Oakland/126183/web.345435/,https://results.enr.clarityelections.com/MI/Oakland/126183/,dashboard_candidate,clarity,100,MI,election_night_lead,,Official Election Results,clarity-host,not_fetched,candidate,link_or_target_keyword,https://elections.oaklandcountymi.gov/government/clerk-register-of-deeds/elections-voting,us_primary_election_localities.csv,,2026-10-09,false,false
discovered:596dbf2c7f2a9dc7,https://results.enr.clarityelections.com/MI/Oakland/127074/web.345435/,https://results.enr.clarityelections.com/MI/Oakland/127074/,dashboard_candidate,clarity,100,MI,election_night_lead,,Official Election Results,clarity-host,not_fetched,candidate,link_or_target_keyword,https://elections.oaklandcountymi.gov/government/clerk-register-of-deeds/elections-voting,us_primary_election_localities.csv,,2026-10-09,false,false
discovered:73bd667232bbf877,https://electionresults.utah.gov/results/public/cache-county-ut/elections/Primary06232026/precincts,https://electionresults.utah.gov/results/public/cache-county-ut/elections/Primary06232026,dashboard_candidate,enhanced_voting | public_results_app,95,UT,county_results_lead,,,enhanced-government-hosts | public-results-path,fetched,fetched_unverified,link_or_target_keyword,https://electionresults.utah.gov/results/public/cache-county-ut/elections/Primary06232026/precincts,first_pass_state_result_surfaces.csv,3a7ba18883da0fcfba025f5f19428aa1ebf5d732767828c640cfa1c240112488,2026-10-09T21:47:05.462750+00:00,false,false
discovered:bac8ad08e9320da1,https://enr.elections.virginia.gov/results/public/virginia,https://enr.elections.virginia.gov/results/public/virginia,dashboard_candidate,enhanced_voting,95,VA,observed_dashboard_link | statewide_results_lead,,Election Results Directory,enhanced-government-hosts,fetched,fetched_unverified,link_or_target_keyword,https://enr.elections.virginia.gov/results/public/virginia | https://www.elections.virginia.gov/results/,dashboard-discovery/expansion_or_pilot | first_pass_state_result_surfaces.csv,45669303091683048fbda557b82e8ec9cb5d6ad949fb08aa7df0962f1ff5d018,2026-10-09T21:57:26.583165+00:00,false,false
discovered:ec76e1b1cd7b33b1,https://enr.elections.virginia.gov/results/public/virginia/2026-April-14-Special,https://enr.elections.virginia.gov/results/public/virginia/2026-April-14-Special,dashboard_candidate,enhanced_voting | public_results_app,95,VA,observed_dashboard_link | statewide_results_lead,2026,"April 14, 2026 Charles City County Local Referendum Special Election",enhanced-government-hosts | public-results-path,fetched,fetched_unverified,link_or_target_keyword | platform_signature_only,https://enr.elections.virginia.gov/results/public/virginia/2026-April-14-Special | https://www.elections.virginia.gov/results/,dashboard-discovery/expansion_or_pilot | first_pass_state_result_surfaces.csv,f1f42c03a797e2fc7ab574e7686dae94945de8cf30ff929a79d81d60ed911a99,2026-10-09T21:57:27.618659+00:00,false,false
discovered:6b4ab653bf0b7f9f,https://enr.elections.virginia.gov/results/public/virginia/2026-April-21-Special,https://enr.elections.virginia.gov/results/public/virginia/2026-April-21-Special,dashboard_candidate,enhanced_voting | public_results_app,95,VA,observed_dashboard_link | statewide_results_lead,2026,"April 21, 2026 Special Elections",enhanced-government-hosts | public-results-path,fetched,fetched_unverified,link_or_target_keyword | platform_signature_only,https://enr.elections.virginia.gov/results/public/virginia/2026-April-21-Special | https://www.elections.virginia.gov/results/,dashboard-discovery/expansion_or_pilot | first_pass_state_result_surfaces.csv,12f8c16baaba6ee6c7be757c76883a1d98be3a71877231d3473727b3d9d2e0e1,2026-10-09T21:57:28.642358+00:00,false,false
discovered:1200865fda8bc9fc,https://enr.elections.virginia.gov/results/public/virginia/2026-February-3-Special,https://enr.elections.virginia.gov/results/public/virginia/2026-February-3-Special,dashboard_candidate,enhanced_voting | public_results_app,95,VA,observed_dashboard_link | statewide_results_lead,2026,"February 3, 2026 Caroline County Treasurer Special Election",enhanced-government-hosts | public-results-path,fetched,fetched_unverified,link_or_target_keyword | platform_signature_only,https://enr.elections.virginia.gov/results/public/virginia/2026-February-3-Special | https://www.elections.virginia.gov/results/,dashboard-discovery/expansion_or_pilot | first_pass_state_result_surfaces.csv,01b1379a7ca8f1e1820eb3149a47715a1cd1fbaf32f89df2ab51d07d8795e4d9,2026-10-09T21:57:29.787210+00:00,false,false
discovered:e89bbb82688d4887,https://enr.elections.virginia.gov/results/public/virginia/2026-January-13-Special,https://enr.elections.virginia.gov/results/public/virginia/2026-January-13-Special,dashboard_candidate,enhanced_voting | public_results_app,95,VA,observed_dashboard_link | statewide_results_lead,2026,"January 13, 2026 House of Delegates Districts 11 and 23 Special Election",enhanced-government-hosts | public-results-path,fetched,fetched_unverified,link_or_target_keyword | platform_signature_only,https://enr.elections.virginia.gov/results/public/virginia/2026-January-13-Special | https://www.elections.virginia.gov/results/,dashboard-discovery/expansion_or_pilot | first_pass_state_result_surfaces.csv,2250ddb7b09f3914ff76432aa9cac4821e06ad3c5f1d3222a596e91945ee2fd7,2026-10-09T21:57:30.694492+00:00,false,false
discovered:5eebaaf931582781,https://enr.elections.virginia.gov/results/public/virginia/2026-January-20-Special,https://enr.elections.virginia.gov/results/public/virginia/2026-January-20-Special,dashboard_candidate,enhanced_voting | public_results_app,95,VA,observed_dashboard_link | statewide_results_lead,2026,"January 20, 2026 House of Delegates District 17 Special Election",enhanced-government-hosts | public-results-path,fetched,fetched_unverified,link_or_target_keyword | platform_signature_only,https://enr.elections.virginia.gov/results/public/virginia/2026-January-20-Special | https://www.elections.virginia.gov/results/,dashboard-discovery/expansion_or_pilot | first_pass_state_result_surfaces.csv,32a0aeb298f0ed74672cfdcc5016cefa89bd664ae0a6f9428df57e28f45c6e67,2026-10-09T21:57:31.712412+00:00,false,false
discovered:c1139599f92d687a,https://enr.elections.virginia.gov/results/public/virginia/2026-January-6-Special,https://enr.elections.virginia.gov/results/public/virginia/2026-January-6-Special,dashboard_candidate,enhanced_voting | public_results_app,95,VA,observed_dashboard_link | statewide_results_lead,2026,"January 6, 2026 Senate of Virginia District 15 and House of Delegates District 77 Special Election",enhanced-government-hosts | public-results-path,fetched,fetched_unverified,link_or_target_keyword | platform_signature_only,https://enr.elections.virginia.gov/results/public/virginia/2026-January-6-Special | https://www.elections.virginia.gov/results/,dashboard-discovery/expansion_or_pilot | first_pass_state_result_surfaces.csv,50030cafff370abd1d8d5be8e816494303fc41c0fdf4380bf979f86bfd91fdbd,2026-10-09T21:57:32.680664+00:00,false,false
discovered:cfca7e4f720b63ef,https://enr.elections.virginia.gov/results/public/virginia/2026-March-17-Special,https://enr.elections.virginia.gov/results/public/virginia/2026-March-17-Special,dashboard_candidate,enhanced_voting | public_results_app,95,VA,observed_dashboard_link | statewide_results_lead,2026,"March 17, 2026 House of Delegates District 98 Special Election",enhanced-government-hosts | public-results-path,fetched,fetched_unverified,link_or_target_keyword | platform_signature_only,https://enr.elections.virginia.gov/results/public/virginia/2026-March-17-Special | https://www.elections.virginia.gov/results/,dashboard-discovery/expansion_or_pilot | first_pass_state_result_surfaces.csv,8462c5260eb880202bc0667363a1bcc1ec62e996ad0dd66020a8ff87cd5c82a0,2026-10-09T21:57:33.677931+00:00,false,false
discovered:43b8ee46e8ca161f,https://enr.elections.virginia.gov/results/public/virginia/elections/2026-August-Democratic-Primary,https://enr.elections.virginia.gov/results/public/virginia/elections/2026-August-Democratic-Primary,dashboard_candidate,enhanced_voting | public_results_app,95,VA,observed_dashboard_link | statewide_results_lead,2026,"August 4, 2026 Democratic Primary",enhanced-government-hosts | public-results-path,fetched,fetched_unverified,link_or_target_keyword | platform_signature_only,https://enr.elections.virginia.gov/results/public/virginia/elections/2026-August-Democratic-Primary | https://www.elections.virginia.gov/results/,dashboard-discovery/expansion_or_pilot | first_pass_state_result_surfaces.csv,04d159b70a45c213c0976b9a198b508b71cbdf2e807c2ca958989d426c1bc5e8,2026-10-09T21:57:34.740858+00:00,false,false
discovered:74226749df4a82f5,https://enr.elections.virginia.gov/results/public/virginia/elections/2026-August-Republican-Primary,https://enr.elections.virginia.gov/results/public/virginia/elections/2026-August-Republican-Primary,dashboard_candidate,enhanced_voting | public_results_app,95,VA,observed_dashboard_link | statewide_results_lead,2026,"August 4, 2026 Republican Primary",enhanced-government-hosts | public-results-path,fetched,fetched_unverified,link_or_target_keyword | platform_signature_only,https://enr.elections.virginia.gov/results/public/virginia/elections/2026-August-Republican-Primary | https://www.elections.virginia.gov/results/,dashboard-discovery/expansion_or_pilot | first_pass_state_result_surfaces.csv,aa659d310d7b17bff00a91c95d9d314020ace8c737d9acffee820859d30d87bd,2026-10-09T21:57:35.902904+00:00,false,false
discovered:bfa43b4e81aab278,https://enr.elections.virginia.gov/results/public/virginia/elections/2026-February-10-Special,https://enr.elections.virginia.gov/results/public/virginia/elections/2026-February-10-Special,dashboard_candidate,enhanced_voting | public_results_app,95,VA,observed_dashboard_link | statewide_results_lead,2026,"February 10, 2026 Senate of Virginia District 39 and House of Delegates District 5 Special Elections",enhanced-government-hosts | public-results-path,fetched,fetched_unverified,link_or_target_keyword | platform_signature_only,https://enr.elections.virginia.gov/results/public/virginia/elections/2026-February-10-Special | https://www.elections.virginia.gov/results/,dashboard-discovery/expansion_or_pilot | first_pass_state_result_surfaces.csv,71083d5d557b7fdbc49fc9886256c1a559401e6c3329436e5bb726508e4c6088,2026-10-09T21:57:37.061704+00:00,false,false
discovered:8029c5b40bb9d279,https://enr.elections.virginia.gov/results/public/virginia/elections/2026-March-10-Special,https://enr.elections.virginia.gov/results/public/virginia/elections/2026-March-10-Special,dashboard_candidate,enhanced_voting | public_results_app,95,VA,observed_dashboard_link | statewide_results_lead,2026,"March 10, 2026 Prince William County Member, Board of Supervisors, Woodbridge District Special Election",enhanced-government-hosts | public-results-path,fetched,fetched_unverified,link_or_target_keyword | platform_signature_only,https://enr.elections.virginia.gov/results/public/virginia/elections/2026-March-10-Special | https://www.elections.virginia.gov/results/,dashboard-discovery/expansion_or_pilot | first_pass_state_result_surfaces.csv,a0cb892588fbf1e63d4d182a434855a0ed4d951a9a0ec931024c929877060175,2026-10-09T21:57:38.060260+00:00,false,false
discovered:dfe568550951c84b,https://enr.elections.virginia.gov/results/public/virginia/elections/2026-March-3-Special,https://enr.elections.virginia.gov/results/public/virginia/elections/2026-March-3-Special,dashboard_candidate,enhanced_voting | public_results_app,95,VA,observed_dashboard_link | statewide_results_lead,2026,"March 3, 2026 Fairfax County School Board, Braddock District Special Election",enhanced-government-hosts | public-results-path,fetched,fetched_unverified,link_or_target_keyword | platform_signature_only,https://enr.elections.virginia.gov/results/public/virginia/elections/2026-March-3-Special | https://www.elections.virginia.gov/results/,dashboard-discovery/expansion_or_pilot | first_pass_state_result_surfaces.csv,2763d2692f4f5dc92339b90e9ab11016a8c6d942a088382b5e59ca8159d90b1c,2026-10-09T21:57:39.250035+00:00,false,false
discovered:2ee270f03dc47d7e,https://results.sos.ga.gov/results/public/Georgia/elections/GeneralPrimary51926,https://results.sos.ga.gov/results/public/Georgia/elections/GeneralPrimary51926,dashboard_candidate,enhanced_voting | public_results_app,95,GA,statewide_results_lead,,,enhanced-government-hosts | public-results-path,fetched,fetched_unverified,link_or_target_keyword,https://results.sos.ga.gov/results/public/Georgia/elections/GeneralPrimary51926,first_pass_state_result_surfaces.csv,c404bbc2e1972cab19c2b627e7961bc18876838551f01109a361bc59502bd4b2,2026-10-09T21:46:48.978700+00:00,false,false
discovered:44151bff72a15034,https://enr.indianavoters.in.gov/site/index.html,https://enr.indianavoters.in.gov/site/index.html,dashboard_candidate,quest_enr,90,IN,statewide_results_lead,,,quest-enr-html,fetched,fetched_unverified,link_or_target_keyword,https://enr.indianavoters.in.gov/site/index.html,first_pass_state_result_surfaces.csv,667f86f1606582525d3b8f40cf089b8d56006ef0cec9f56788ab0e8595890ad5,2026-10-09T21:50:02.479592+00:00,false,false
discovered:f69f7fc49c774f8b,http://results.enr.clarityelections.com/NJ/Ocean/75757/Web02.202538/,http://results.enr.clarityelections.com/NJ/Ocean/75757/,dashboard_candidate,clarity,80,NJ,state_election_authority,,results.enr.clarityelections.com/NJ/Ocean/75757/Web02.202538/#/,clarity-host,not_fetched,candidate,platform_signature_only,https://www.nj.gov/state/elections/election-information-results-county-sites.html,us_state_central_authority_sources.csv,,2026-10-09,false,false
discovered:8563a160e60bfece,http://results.enr.clarityelections.com/WV/74487/Web02-state.195772/,http://results.enr.clarityelections.com/WV/74487/Web02-state.195772/,dashboard_candidate,clarity,80,WV,statewide_results_lead,2018,2018 Primary Election,clarity-host,not_fetched,candidate,parent_results_page,https://sos.wv.gov/elections/election-data/historical-election-results-and-turnout,first_pass_state_result_surfaces.csv,,2026-10-09,false,false
discovered:480a611b26aef987,https://admin.enr.clarityelections.com/files/NJ/Hudson/126484/web.345435/,https://admin.enr.clarityelections.com/files/NJ/Hudson/126484/web.345435/,dashboard_candidate,clarity,80,NJ,statewide_results_lead,,https://admin.enr.clarityelections.com/files/NJ/Hudson/126484/web.345435/#/summary?v=373350,clarity-host,not_fetched,candidate,platform_signature_only,https://www.nj.gov/state/elections/election-night-results.shtml,first_pass_state_result_surfaces.csv,,2026-10-09,false,false
discovered:e0bb7b0a2da82cec,https://results.enr.clarityelections.com/MI/Eaton/98754/,https://results.enr.clarityelections.com/MI/Eaton/98754/,dashboard_candidate,clarity,80,MI,historical_or_final_results,,https://results.enr.clarityelections.com/MI/Eaton/98754/,clarity-host,not_fetched,candidate,parent_results_page,https://www.eatoncounty.org/241/Election-Results,us_primary_election_localities.csv,,2026-10-09,false,false
discovered:7d23338f9b89ce24,https://results.enr.clarityelections.com/MI/Roscommon/126770/web-scrolling.345435/,https://results.enr.clarityelections.com/MI/Roscommon/126770/,dashboard_candidate,clarity,80,MI,historical_or_final_results,,HERE Headline,clarity-host,not_fetched,candidate,platform_signature_only,https://www.roscommoncounty.net/,us_primary_election_localities.csv,,2026-10-09,false,false
discovered:792b162c2eedbe16,https://results.enr.clarityelections.com/NJ/Atlantic/126380/web.345435/,https://results.enr.clarityelections.com/NJ/Atlantic/126380/,dashboard_candidate,clarity,80,NJ,statewide_results_lead,,https://results.enr.clarityelections.com/NJ/Atlantic/126380/web.345435/#/summary,clarity-host,not_fetched,candidate,platform_signature_only,https://www.nj.gov/state/elections/election-night-results.shtml,first_pass_state_result_surfaces.csv,,2026-10-09,false,false
discovered:7ecaf7090c6573da,https://results.enr.clarityelections.com/NJ/Burlington/126521/web.345435/,https://results.enr.clarityelections.com/NJ/Burlington/126521/,dashboard_candidate,clarity,80,NJ,statewide_results_lead,,https://results.enr.clarityelections.com/NJ/Burlington/126521/web.345435/#/summary,clarity-host,not_fetched,candidate,platform_signature_only,https://www.nj.gov/state/elections/election-night-results.shtml,first_pass_state_result_surfaces.csv,,2026-10-09,false,false
discovered:50782a09976a6341,https://results.enr.clarityelections.com/NJ/Cape_May/126519/web.345435/,https://results.enr.clarityelections.com/NJ/Cape_May/126519/,dashboard_candidate,clarity,80,NJ,statewide_results_lead,,https://results.enr.clarityelections.com/NJ/Cape_May/126519/web.345435/#/summary,clarity-host,not_fetched,candidate,platform_signature_only,https://www.nj.gov/state/elections/election-night-results.shtml,first_pass_state_result_surfaces.csv,,2026-10-09,false,false
discovered:e5f54f92a4c0571a,https://results.enr.clarityelections.com/NJ/Cumberland/,https://results.enr.clarityelections.com/NJ/Cumberland/,dashboard_candidate,clarity,80,NJ,statewide_results_lead,,https://results.enr.clarityelections.com/NJ/Cumberland,clarity-host,not_fetched,candidate,platform_signature_only,https://www.nj.gov/state/elections/election-night-results.shtml,first_pass_state_result_surfaces.csv,,2026-10-09,false,false
discovered:b59018891b7aab9a,https://results.enr.clarityelections.com/NJ/Essex/126379/web.345435/,https://results.enr.clarityelections.com/NJ/Essex/126379/,dashboard_candidate,clarity,80,NJ,statewide_results_lead,,https://results.enr.clarityelections.com/NJ/Essex/126379/web.345435/#/summary,clarity-host,not_fetched,candidate,platform_signature_only,https://www.nj.gov/state/elections/election-night-results.shtml,first_pass_state_result_surfaces.csv,,2026-10-09,false,false
discovered:6a32cac375975b7d,https://results.enr.clarityelections.com/NJ/Gloucester/126344/web.345435/,https://results.enr.clarityelections.com/NJ/Gloucester/126344/,dashboard_candidate,clarity,80,NJ,statewide_results_lead,,https://results.enr.clarityelections.com/NJ/Gloucester/126344/web.345435/#/summary,clarity-host,not_fetched,candidate,platform_signature_only,https://www.nj.gov/state/elections/election-night-results.shtml,first_pass_state_result_surfaces.csv,,2026-10-09,false,false
discovered:11170eca036e0caf,https://results.enr.clarityelections.com/NJ/Mercer/126382/web.345435/,https://results.enr.clarityelections.com/NJ/Mercer/126382/,dashboard_candidate,clarity,80,NJ,statewide_results_lead,,https://results.enr.clarityelections.com/NJ/Mercer/126382/web.345435/#/summary,clarity-host,not_fetched,candidate,platform_signature_only,https://www.nj.gov/state/elections/election-night-results.shtml,first_pass_state_result_surfaces.csv,,2026-10-09,false,false
discovered:9a74e32db868d7ae,https://results.enr.clarityelections.com/NJ/Middlesex/126488/web.345435/,https://results.enr.clarityelections.com/NJ/Middlesex/126488/,dashboard_candidate,clarity,80,NJ,statewide_results_lead,,https://results.enr.clarityelections.com/NJ/Middlesex/126488/web.345435/#/summary,clarity-host,not_fetched,candidate,platform_signature_only,https://www.nj.gov/state/elections/election-night-results.shtml,first_pass_state_result_surfaces.csv,,2026-10-09,false,false
discovered:3b90cf737183bbad,https://results.enr.clarityelections.com/NJ/Monmouth/126520/web.345435/,https://results.enr.clarityelections.com/NJ/Monmouth/126520/,dashboard_candidate,clarity,80,NJ,statewide_results_lead,,https://results.enr.clarityelections.com/NJ/Monmouth/126520/web.345435/#/summary,clarity-host,not_fetched,candidate,platform_signature_only,https://www.nj.gov/state/elections/election-night-results.shtml,first_pass_state_result_surfaces.csv,,2026-10-09,false,false
discovered:aee3d86676d3d0da,https://results.enr.clarityelections.com/NJ/Morris/126492/web.345435/,https://results.enr.clarityelections.com/NJ/Morris/126492/,dashboard_candidate,clarity,80,NJ,statewide_results_lead,,https://results.enr.clarityelections.com/NJ/Morris/126492/web.345435/#/summary,clarity-host,not_fetched,candidate,platform_signature_only,https://www.nj.gov/state/elections/election-night-results.shtml,first_pass_state_result_surfaces.csv,,2026-10-09,false,false
discovered:ad7ab7b55cd957ca,https://results.enr.clarityelections.com/NJ/Ocean/126367/web.345435/,https://results.enr.clarityelections.com/NJ/Ocean/126367/,dashboard_candidate,clarity,80,NJ,statewide_results_lead,,https://results.enr.clarityelections.com/NJ/Ocean/126367/web.345435/#/summary,clarity-host,not_fetched,candidate,platform_signature_only,https://www.nj.gov/state/elections/election-night-results.shtml,first_pass_state_result_surfaces.csv,,2026-10-09,false,false
discovered:2096a4b89c01061c,https://results.enr.clarityelections.com/NJ/Passaic/,https://results.enr.clarityelections.com/NJ/Passaic/,dashboard_candidate,clarity,80,NJ,statewide_results_lead,,https://results.enr.clarityelections.com/NJ/Passaic/,clarity-host,not_fetched,candidate,platform_signature_only,https://www.nj.gov/state/elections/election-night-results.shtml,first_pass_state_result_surfaces.csv,,2026-10-09,false,false
discovered:778bd2a3bdc41e5b,https://results.enr.clarityelections.com/NJ/Somerset/,https://results.enr.clarityelections.com/NJ/Somerset/,dashboard_candidate,clarity,80,NJ,statewide_results_lead,,https://results.enr.clarityelections.com/NJ/Somerset/,clarity-host,not_fetched,candidate,platform_signature_only,https://www.nj.gov/state/elections/election-night-results.shtml,first_pass_state_result_surfaces.csv,,2026-10-09,false,false
discovered:357a7c74f276df59,https://results.enr.clarityelections.com/NJ/Union/126417/web.345435/,https://results.enr.clarityelections.com/NJ/Union/126417/,dashboard_candidate,clarity,80,NJ,statewide_results_lead,,https://results.enr.clarityelections.com/NJ/Union/126417/web.345435/#/summary,clarity-host,not_fetched,candidate,platform_signature_only,https://www.nj.gov/state/elections/election-night-results.shtml,first_pass_state_result_surfaces.csv,,2026-10-09,false,false
discovered:e96a68a2d6cd367f,https://results.enr.clarityelections.com/WV/103231,https://results.enr.clarityelections.com/WV/103231,dashboard_candidate,clarity,80,WV,statewide_results_lead,2020,2020 Primary Election,clarity-host,not_fetched,candidate,parent_results_page,https://sos.wv.gov/elections/election-data/historical-election-results-and-turnout,first_pass_state_result_surfaces.csv,,2026-10-09,false,false
discovered:964523c07a0db40c,https://results.enr.clarityelections.com/WV/106210,https://results.enr.clarityelections.com/WV/106210,dashboard_candidate,clarity,80,WV,statewide_results_lead,2020,2020 General Election,clarity-host,not_fetched,candidate,parent_results_page,https://sos.wv.gov/elections/election-data/historical-election-results-and-turnout,first_pass_state_result_surfaces.csv,,2026-10-09,false,false
discovered:55e17c71efc17130,https://results.enr.clarityelections.com/WV/112674/web.285569/,https://results.enr.clarityelections.com/WV/112674/web.285569/,dashboard_candidate,clarity,80,WV,statewide_results_lead,2022,2022 Primary Election,clarity-host,not_fetched,candidate,parent_results_page,https://sos.wv.gov/elections/election-data/historical-election-results-and-turnout,first_pass_state_result_surfaces.csv,,2026-10-09,false,false
discovered:7af5d46a076d7311,https://results.enr.clarityelections.com/WV/115844/web.307039/,https://results.enr.clarityelections.com/WV/115844/web.307039/,dashboard_candidate,clarity,80,WV,statewide_results_lead,2022,2022 General Election,clarity-host,not_fetched,candidate,parent_results_page,https://sos.wv.gov/elections/election-data/historical-election-results-and-turnout,first_pass_state_result_surfaces.csv,,2026-10-09,false,false
discovered:5f39c7553bc128d1,https://results.enr.clarityelections.com/WV/120641/web.317647/,https://results.enr.clarityelections.com/WV/120641/web.317647/,dashboard_candidate,clarity,80,WV,statewide_results_lead,2024,2024 Primary Election,clarity-host,not_fetched,candidate,parent_results_page,https://sos.wv.gov/elections/election-data/historical-election-results-and-turnout,first_pass_state_result_surfaces.csv,,2026-10-09,false,false
discovered:1fdf61fc33ee8f09,https://results.enr.clarityelections.com/WV/122766/web.345435/,https://results.enr.clarityelections.com/WV/122766/web.345435/,dashboard_candidate,clarity,80,WV,statewide_results_lead,2024,2024 General Election,clarity-host,not_fetched,candidate,parent_results_page,https://sos.wv.gov/elections/election-data/historical-election-results-and-turnout,first_pass_state_result_surfaces.csv,,2026-10-09,false,false
discovered:bdeda8d0ee55676d,https://results.enr.clarityelections.com/WV/126209/web.345435/,https://results.enr.clarityelections.com/WV/126209/web.345435/,dashboard_candidate,clarity,80,WV,statewide_results_lead,2026,2026 Primary Election,clarity-host,not_fetched,candidate,parent_results_page,https://sos.wv.gov/elections/election-data/historical-election-results-and-turnout,first_pass_state_result_surfaces.csv,,2026-10-09,false,false
discovered:d3ad1f540d51caec,https://results.enr.clarityelections.com/WV/92360/,https://results.enr.clarityelections.com/WV/92360/,dashboard_candidate,clarity,80,WV,statewide_results_lead,2018,2018 General Election,clarity-host,not_fetched,candidate,parent_results_page,https://sos.wv.gov/elections/election-data/historical-election-results-and-turnout,first_pass_state_result_surfaces.csv,,2026-10-09,false,false
discovered:49a3a062d5da9d7a,https://results.voteidaho.gov/results/public/ada-county-id/elections/may2026,https://results.voteidaho.gov/results/public/ada-county-id/elections/may2026,dashboard_candidate,public_results_app,80,ID,statewide_results_lead,2026,Ada,public-results-path,fetched,fetched_unverified,link_or_target_keyword,https://results.voteidaho.gov/results/public/ada-county-id/elections/may2026 | https://voteidaho.gov/election-results/,first_pass_state_result_surfaces.csv,dab8345a5c5e63f1725f1e978f063fbb72cee2ecfc95771abf91622dcf8a85ed,2026-10-09T21:49:13.014974+00:00,false,false
discovered:5706922d89f986ac,https://results.voteidaho.gov/results/public/ada-county-id/elections/nov2025,https://results.voteidaho.gov/results/public/ada-county-id/elections/nov2025,dashboard_candidate,public_results_app,80,ID,statewide_results_lead,2025,Ada,public-results-path,fetched,fetched_unverified,link_or_target_keyword,https://results.voteidaho.gov/results/public/ada-county-id/elections/nov2025 | https://voteidaho.gov/election-results/,first_pass_state_result_surfaces.csv,6eb7f7ecdefc92c2b286ea1f9363e928ddf23b5189df2e2e0eeb89de17590b36,2026-10-09T21:49:13.870338+00:00,false,false
discovered:4441a5363f6b00f6,https://results.voteidaho.gov/results/public/adams-county-id/elections/may2026,https://results.voteidaho.gov/results/public/adams-county-id/elections/may2026,dashboard_candidate,public_results_app,80,ID,statewide_results_lead,2026,Adams,public-results-path,fetched,fetched_unverified,link_or_target_keyword,https://results.voteidaho.gov/results/public/adams-county-id/elections/may2026 | https://voteidaho.gov/election-results/,first_pass_state_result_surfaces.csv,fb4b622a392ce53a5d77a439deb26708802ec0aaaefa23328da09feaf6a93071,2026-10-09T21:49:14.887078+00:00,false,false
discovered:9e378512d50e501c,https://results.voteidaho.gov/results/public/adams-county-id/elections/nov2025,https://results.voteidaho.gov/results/public/adams-county-id/elections/nov2025,dashboard_candidate,public_results_app,80,ID,statewide_results_lead,2025,Adams,public-results-path,fetched,fetched_unverified,link_or_target_keyword,https://results.voteidaho.gov/results/public/adams-county-id/elections/nov2025 | https://voteidaho.gov/election-results/,first_pass_state_result_surfaces.csv,790b347acc70b923ef667125a7f180dadbe1c5639fe1272390e0344667057763,2026-10-09T21:49:15.880951+00:00,false,false
discovered:8b241a26bc190f2d,https://results.voteidaho.gov/results/public/bannock-county-id/elections/dec2025,https://results.voteidaho.gov/results/public/bannock-county-id/elections/dec2025,dashboard_candidate,public_results_app,80,ID,statewide_results_lead,2025,Bannock,public-results-path,fetched,fetched_unverified,link_or_target_keyword,https://results.voteidaho.gov/results/public/bannock-county-id/elections/dec2025 | https://voteidaho.gov/election-results/,first_pass_state_result_surfaces.csv,0b6f82e42c48bbfa13b585e5c03aee9fba83d82ad08c8541da5ded3f22203c02,2026-10-09T21:49:16.884412+00:00,false,false
discovered:52673c1fa1a62ddc,https://results.voteidaho.gov/results/public/bannock-county-id/elections/may2026,https://results.voteidaho.gov/results/public/bannock-county-id/elections/may2026,dashboard_candidate,public_results_app,80,ID,statewide_results_lead,2026,Bannock,public-results-path,fetched,fetched_unverified,link_or_target_keyword,https://results.voteidaho.gov/results/public/bannock-county-id/elections/may2026 | https://voteidaho.gov/election-results/,first_pass_state_result_surfaces.csv,73e26b395b61409439d187319fae8863ef0dc694c1a3d65074e559bdf0fbc863,2026-10-09T21:49:17.907635+00:00,false,false
discovered:19519ed57b1243da,https://results.voteidaho.gov/results/public/bannock-county-id/elections/nov2025,https://results.voteidaho.gov/results/public/bannock-county-id/elections/nov2025,dashboard_candidate,public_results_app,80,ID,statewide_results_lead,2025,Bannock,public-results-path,fetched,fetched_unverified,link_or_target_keyword,https://results.voteidaho.gov/results/public/bannock-county-id/elections/nov2025 | https://voteidaho.gov/election-results/,first_pass_state_result_surfaces.csv,366ddebf37a0a20705914817811bdd8ae60ac9f139d6bdec5a97ac2b4ce8a61d,2026-10-09T21:49:18.895397+00:00,false,false
discovered:c33e5a3374e0ac03,https://results.voteidaho.gov/results/public/bear-lake-county-id/elections/may2026,https://results.voteidaho.gov/results/public/bear-lake-county-id/elections/may2026,dashboard_candidate,public_results_app,80,ID,statewide_results_lead,2026,Bear Lake,public-results-path,fetched,fetched_unverified,link_or_target_keyword,https://results.voteidaho.gov/results/public/bear-lake-county-id/elections/may2026 | https://voteidaho.gov/election-results/,first_pass_state_result_surfaces.csv,211b2caf8e16a23220b19cca50cdf53dc974240cf7e797ba04b458099f905b3d,2026-10-09T21:49:19.906546+00:00,false,false
discovered:81fb5bc1bd4cca99,https://results.voteidaho.gov/results/public/bear-lake-county-id/elections/nov2025,https://results.voteidaho.gov/results/public/bear-lake-county-id/elections/nov2025,dashboard_candidate,public_results_app,80,ID,statewide_results_lead,2025,Bear Lake,public-results-path,fetched,fetched_unverified,link_or_target_keyword,https://results.voteidaho.gov/results/public/bear-lake-county-id/elections/nov2025 | https://voteidaho.gov/election-results/,first_pass_state_result_surfaces.csv,ab28b8bbf9ce26dd35c458f975bd6ba55b5ef5f7f4f6c8554a2979c960b92f43,2026-10-09T21:49:20.895927+00:00,false,false
discovered:e8207f959a787de3,https://results.voteidaho.gov/results/public/benewah-county-id/elections/may2026,https://results.voteidaho.gov/results/public/benewah-county-id/elections/may2026,dashboard_candidate,public_results_app,80,ID,statewide_results_lead,2026,Benewah,public-results-path,fetched,fetched_unverified,link_or_target_keyword,https://results.voteidaho.gov/results/public/benewah-county-id/elections/may2026 | https://voteidaho.gov/election-results/,first_pass_state_result_surfaces.csv,f2220ac8a2128618ea00dbfc14d16ae84d1060af6d64f6ed8c54576664af4a30,2026-10-09T21:49:21.928991+00:00,false,false
discovered:9b8c7f69e2acf879,https://results.voteidaho.gov/results/public/benewah-county-id/elections/nov2025,https://results.voteidaho.gov/results/public/benewah-county-id/elections/nov2025,dashboard_candidate,public_results_app,80,ID,statewide_results_lead,2025,Benewah,public-results-path,fetched,fetched_unverified,link_or_target_keyword,https://results.voteidaho.gov/results/public/benewah-county-id/elections/nov2025 | https://voteidaho.gov/election-results/,first_pass_state_result_surfaces.csv,73619ad492fdb82db2a992cf0445d9f56dba3a5c93a8348f38e95d6c1beb7c82,2026-10-09T21:49:22.913938+00:00,false,false
discovered:a60d1efd67772c4e,https://results.voteidaho.gov/results/public/bingham-county-id/elections/may2026,https://results.voteidaho.gov/results/public/bingham-county-id/elections/may2026,dashboard_candidate,public_results_app,80,ID,statewide_results_lead,2026,Bingham,public-results-path,fetched,fetched_unverified,link_or_target_keyword,https://results.voteidaho.gov/results/public/bingham-county-id/elections/may2026 | https://voteidaho.gov/election-results/,first_pass_state_result_surfaces.csv,6aba5628d79903d43b68e3bf19cefe2bef311876b233fe4e9781e93c638dfd73,2026-10-09T21:49:23.934022+00:00,false,false
discovered:ed8d2e1df6c8c54e,https://results.voteidaho.gov/results/public/bingham-county-id/elections/nov2025,https://results.voteidaho.gov/results/public/bingham-county-id/elections/nov2025,dashboard_candidate,public_results_app,80,ID,statewide_results_lead,2025,Bingham,public-results-path,fetched,fetched_unverified,link_or_target_keyword,https://results.voteidaho.gov/results/public/bingham-county-id/elections/nov2025 | https://voteidaho.gov/election-results/,first_pass_state_result_surfaces.csv,9809495da89c149d38e4464d5e426f0213dfc88955f9a530fc433a96a42fd686,2026-10-09T21:49:24.921674+00:00,false,false
discovered:825c914314c0fd7f,https://results.voteidaho.gov/results/public/blaine-county-id/elections/may2026,https://results.voteidaho.gov/results/public/blaine-county-id/elections/may2026,dashboard_candidate,public_results_app,80,ID,statewide_results_lead,2026,Blaine,public-results-path,fetched,fetched_unverified,link_or_target_keyword,https://results.voteidaho.gov/results/public/blaine-county-id/elections/may2026 | https://voteidaho.gov/election-results/,first_pass_state_result_surfaces.csv,b506b80bfb9f610c004ebc6aa29daafd3d727b71c78a089b39f0ceffa3b50c18,2026-10-09T21:49:25.923186+00:00,false,false
discovered:fe465b838a77d40e,https://results.voteidaho.gov/results/public/blaine-county-id/elections/nov2025,https://results.voteidaho.gov/results/public/blaine-county-id/elections/nov2025,dashboard_candidate,public_results_app,80,ID,statewide_results_lead,2025,Blaine,public-results-path,fetched,fetched_unverified,link_or_target_keyword,https://results.voteidaho.gov/results/public/blaine-county-id/elections/nov2025 | https://voteidaho.gov/election-results/,first_pass_state_result_surfaces.csv,31f746ac5e143f170f9d965919adfc8b5bacac3be3f62e62729d426ead21d6f2,2026-10-09T21:49:26.931361+00:00,false,false
discovered:aafed23b561a745e,https://results.voteidaho.gov/results/public/boise-county-id/elections/may2026,https://results.voteidaho.gov/results/public/boise-county-id/elections/may2026,dashboard_candidate,public_results_app,80,ID,statewide_results_lead,2026,Boise,public-results-path,fetched,fetched_unverified,link_or_target_keyword,https://results.voteidaho.gov/results/public/boise-county-id/elections/may2026 | https://voteidaho.gov/election-results/,first_pass_state_result_surfaces.csv,a66b31fc535a53cba01614e9be9f596a0e82d4f43bc567fe9e33f4aa06b016e7,2026-10-09T21:49:27.938159+00:00,false,false
discovered:20ab1bf5db0e70ed,https://results.voteidaho.gov/results/public/boise-county-id/elections/nov2025,https://results.voteidaho.gov/results/public/boise-county-id/elections/nov2025,dashboard_candidate,public_results_app,80,ID,statewide_results_lead,2025,Boise,public-results-path,fetched,fetched_unverified,link_or_target_keyword,https://results.voteidaho.gov/results/public/boise-county-id/elections/nov2025 | https://voteidaho.gov/election-results/,first_pass_state_result_surfaces.csv,f60f43f6069e2ac0b34de066a9d60685dc373d4ee368a15603aee846b014c797,2026-10-09T21:49:28.933566+00:00,false,false
discovered:54a30699c3cf84d9,https://results.voteidaho.gov/results/public/bonner-county-id/elections/may2026,https://results.voteidaho.gov/results/public/bonner-county-id/elections/may2026,dashboard_candidate,public_results_app,80,ID,statewide_results_lead,2026,Bonner,public-results-path,fetched,fetched_unverified,link_or_target_keyword,https://results.voteidaho.gov/results/public/bonner-county-id/elections/may2026 | https://voteidaho.gov/election-results/,first_pass_state_result_surfaces.csv,87b1fe3c910da465bfd78ef08eeefc768db3f2e9852640306867923db3847f3b,2026-10-09T21:49:29.963418+00:00,false,false
discovered:9ee497f68296d697,https://results.voteidaho.gov/results/public/bonner-county-id/elections/nov2025,https://results.voteidaho.gov/results/public/bonner-county-id/elections/nov2025,dashboard_candidate,public_results_app,80,ID,statewide_results_lead,2025,Bonner,public-results-path,fetched,fetched_unverified,link_or_target_keyword,https://results.voteidaho.gov/results/public/bonner-county-id/elections/nov2025 | https://voteidaho.gov/election-results/,first_pass_state_result_surfaces.csv,c1a1f5475d3776bc23cf458fe6846de8e616ebd4d187ccdaa4574511ca66af57,2026-10-09T21:49:30.957244+00:00,false,false
discovered:42509bacf5162980,https://results.voteidaho.gov/results/public/bonneville-county-id/elections/dec2025,https://results.voteidaho.gov/results/public/bonneville-county-id/elections/dec2025,dashboard_candidate,public_results_app,80,ID,statewide_results_lead,2025,Bonneville,public-results-path,fetched,fetched_unverified,link_or_target_keyword,https://results.voteidaho.gov/results/public/bonneville-county-id/elections/dec2025 | https://voteidaho.gov/election-results/,first_pass_state_result_surfaces.csv,f2d3f5fd97c41de25bde936199dc7d8d762f49913ff962e2fd391a4953016574,2026-10-09T21:49:31.945293+00:00,false,false
discovered:f11249397ecfea03,https://results.voteidaho.gov/results/public/bonneville-county-id/elections/may2026,https://results.voteidaho.gov/results/public/bonneville-county-id/elections/may2026,dashboard_candidate,public_results_app,80,ID,statewide_results_lead,2026,Bonneville,public-results-path,fetched,fetched_unverified,link_or_target_keyword,https://results.voteidaho.gov/results/public/bonneville-county-id/elections/may2026 | https://voteidaho.gov/election-results/,first_pass_state_result_surfaces.csv,0c4adc562c495384f6e3b166b68b36214da9adf132332f12a1dbd10d24558dfd,2026-10-09T21:49:32.955377+00:00,false,false
discovered:e55adefdbbc6e8a2,https://results.voteidaho.gov/results/public/bonneville-county-id/elections/nov2025,https://results.voteidaho.gov/results/public/bonneville-county-id/elections/nov2025,dashboard_candidate,public_results_app,80,ID,statewide_results_lead,2025,Bonneville,public-results-path,fetched,fetched_unverified,link_or_target_keyword,https://results.voteidaho.gov/results/public/bonneville-county-id/elections/nov2025 | https://voteidaho.gov/election-results/,first_pass_state_result_surfaces.csv,3a6871882ef717f2c6e542712cd28919335a6d467fe0b7767965c4422c8ca216,2026-10-09T21:49:33.973318+00:00,false,false
discovered:4e9dda4a0e04a2a8,https://results.voteidaho.gov/results/public/boundary-county-id/elections/may2026,https://results.voteidaho.gov/results/public/boundary-county-id/elections/may2026,dashboard_candidate,public_results_app,80,ID,statewide_results_lead,2026,Boundary,public-results-path,fetched,fetched_unverified,link_or_target_keyword,https://results.voteidaho.gov/results/public/boundary-county-id/elections/may2026 | https://voteidaho.gov/election-results/,first_pass_state_result_surfaces.csv,8108ecf2251fc5a7997a7f83455c56f0d3373c4afa613eeb2341c8347c438157,2026-10-09T21:49:34.990029+00:00,false,false
discovered:ea908ab3a0bf00c9,https://results.voteidaho.gov/results/public/boundary-county-id/elections/nov2025,https://results.voteidaho.gov/results/public/boundary-county-id/elections/nov2025,dashboard_candidate,public_results_app,80,ID,statewide_results_lead,2025,Boundary,public-results-path,fetched,fetched_unverified,link_or_target_keyword,https://results.voteidaho.gov/results/public/boundary-county-id/elections/nov2025 | https://voteidaho.gov/election-results/,first_pass_state_result_surfaces.csv,40d96537b9553f8b1c94744c11746b713b733bedb85a6610ae56db2d8592a525,2026-10-09T21:49:35.975000+00:00,false,false
discovered:e32b51d4396d0eed,https://results.voteidaho.gov/results/public/butte-county-id/elections/may2026,https://results.voteidaho.gov/results/public/butte-county-id/elections/may2026,dashboard_candidate,public_results_app,80,ID,statewide_results_lead,2026,Butte,public-results-path,fetched,fetched_unverified,link_or_target_keyword,https://results.voteidaho.gov/results/public/butte-county-id/elections/may2026 | https://voteidaho.gov/election-results/,first_pass_state_result_surfaces.csv,d478306b4511885c4d9ad7d64439e982bf16567db7a118ac711f475100387d51,2026-10-09T21:49:36.974023+00:00,false,false
discovered:09206f38bad5e8b1,https://results.voteidaho.gov/results/public/butte-county-id/elections/nov2025,https://results.voteidaho.gov/results/public/butte-county-id/elections/nov2025,dashboard_candidate,public_results_app,80,ID,statewide_results_lead,2025,Butte,public-results-path,fetched,fetched_unverified,link_or_target_keyword,https://results.voteidaho.gov/results/public/butte-county-id/elections/nov2025 | https://voteidaho.gov/election-results/,first_pass_state_result_surfaces.csv,2eeb062c18b68e3a912112e14f81e455aa56e01100fa877ef7f6171a2c19ea18,2026-10-09T21:49:38.016995+00:00,false,false
discovered:ecebf867226718d6,https://results.voteidaho.gov/results/public/camas-county-id/elections/may2026,https://results.voteidaho.gov/results/public/camas-county-id/elections/may2026,dashboard_candidate,public_results_app,80,ID,statewide_results_lead,2026,Camas,public-results-path,fetched,fetched_unverified,link_or_target_keyword,https://results.voteidaho.gov/results/public/camas-county-id/elections/may2026 | https://voteidaho.gov/election-results/,first_pass_state_result_surfaces.csv,7ed4a2a2e327f12399752bd75f2f1675276e752623938ded87b7b8bb2a0d9e9d,2026-10-09T21:49:39.001140+00:00,false,false
discovered:9ffdd858e13631a4,https://results.voteidaho.gov/results/public/camas-county-id/elections/nov2025,https://results.voteidaho.gov/results/public/camas-county-id/elections/nov2025,dashboard_candidate,public_results_app,80,ID,statewide_results_lead,2025,Camas,public-results-path,fetched,fetched_unverified,link_or_target_keyword,https://results.voteidaho.gov/results/public/camas-county-id/elections/nov2025 | https://voteidaho.gov/election-results/,first_pass_state_result_surfaces.csv,9966572fce90a54b413b222a670fd5ffe74f35e16e99a8bcaafeafe52e234eab,2026-10-09T21:49:39.982281+00:00,false,false
discovered:fb84524e4eb23e7f,https://results.voteidaho.gov/results/public/canyon-county-id/elections/may2026,https://results.voteidaho.gov/results/public/canyon-county-id/elections/may2026,dashboard_candidate,public_results_app,80,ID,statewide_results_lead,2026,Canyon,public-results-path,fetched,fetched_unverified,link_or_target_keyword,https://results.voteidaho.gov/results/public/canyon-county-id/elections/may2026 | https://voteidaho.gov/election-results/,first_pass_state_result_surfaces.csv,0ce8c74bdc17c8b3154c7ab8a33a1d4da4f837d3c461dd5b80a8173659a0a0a4,2026-10-09T21:49:41.030901+00:00,false,false
discovered:5d352de9c2545e9c,https://results.voteidaho.gov/results/public/canyon-county-id/elections/nov2025,https://results.voteidaho.gov/results/public/canyon-county-id/elections/nov2025,dashboard_candidate,public_results_app,80,ID,statewide_results_lead,2025,Canyon,public-results-path,fetched,fetched_unverified,link_or_target_keyword,https://results.voteidaho.gov/results/public/canyon-county-id/elections/nov2025 | https://voteidaho.gov/election-results/,first_pass_state_result_surfaces.csv,8153eee8cf573ed4803ad0ecd3acc538cc8b65f82a8f388b4fb99eb45c476e51,2026-10-09T21:49:42.015481+00:00,false,false
discovered:3de0880d13fb6fe9,https://results.voteidaho.gov/results/public/caribou-county-id/elections/may2026,https://results.voteidaho.gov/results/public/caribou-county-id/elections/may2026,dashboard_candidate,public_results_app,80,ID,statewide_results_lead,2026,Caribou,public-results-path,fetched,fetched_unverified,link_or_target_keyword,https://results.voteidaho.gov/results/public/caribou-county-id/elections/may2026 | https://voteidaho.gov/election-results/,first_pass_state_result_surfaces.csv,19fcd8bb84edca8fc6ebba1e735b31e78e6ca9b0404adb5d13343acbf679d3ee,2026-10-09T21:49:42.927500+00:00,false,false
discovered:2bd0cb85231a94bf,https://results.voteidaho.gov/results/public/caribou-county-id/elections/nov2025,https://results.voteidaho.gov/results/public/caribou-county-id/elections/nov2025,dashboard_candidate,public_results_app,80,ID,statewide_results_lead,2025,Caribou,public-results-path,fetched,fetched_unverified,link_or_target_keyword,https://results.voteidaho.gov/results/public/caribou-county-id/elections/nov2025 | https://voteidaho.gov/election-results/,first_pass_state_result_surfaces.csv,dc09e7d4bf2071ca62026dac7c86a7cf4314c585f53a845e0f7281fe9ad34f10,2026-10-09T21:49:44.008229+00:00,false,false
discovered:ea85cb0ff78e4b65,https://results.voteidaho.gov/results/public/cassia-county-id/elections/may2026,https://results.voteidaho.gov/results/public/cassia-county-id/elections/may2026,dashboard_candidate,public_results_app,80,ID,statewide_results_lead,2026,Cassia,public-results-path,fetched,fetched_unverified,link_or_target_keyword,https://results.voteidaho.gov/results/public/cassia-county-id/elections/may2026 | https://voteidaho.gov/election-results/,first_pass_state_result_surfaces.csv,1e4641b1e2fddc097a0c251011384acb1cf53751073f2643f77bab2c534b1225,2026-10-09T21:49:45.117498+00:00,false,false
discovered:6ecf5620e1b12e45,https://results.voteidaho.gov/results/public/cassia-county-id/elections/nov2025,https://results.voteidaho.gov/results/public/cassia-county-id/elections/nov2025,dashboard_candidate,public_results_app,80,ID,statewide_results_lead,2025,Cassia,public-results-path,fetched,fetched_unverified,link_or_target_keyword,https://results.voteidaho.gov/results/public/cassia-county-id/elections/nov2025 | https://voteidaho.gov/election-results/,first_pass_state_result_surfaces.csv,71d5bb430f902a54007ed9dae1166091828af18ecb84077e40075f4f6d420eee,2026-10-09T21:49:46.010821+00:00,false,false
discovered:db178b4e87707231,https://results.voteidaho.gov/results/public/clark-county-id/elections/may2026,https://results.voteidaho.gov/results/public/clark-county-id/elections/may2026,dashboard_candidate,public_results_app,80,ID,statewide_results_lead,2026,Clark,public-results-path,fetched,fetched_unverified,link_or_target_keyword,https://results.voteidaho.gov/results/public/clark-county-id/elections/may2026 | https://voteidaho.gov/election-results/,first_pass_state_result_surfaces.csv,3fea32eba2f57dc3229c5197be734245765b83e830b4953cb01383c53e3cb079,2026-10-09T21:49:47.022060+00:00,false,false
discovered:b00ba7003a4ea826,https://results.voteidaho.gov/results/public/clark-county-id/elections/nov2025,https://results.voteidaho.gov/results/public/clark-county-id/elections/nov2025,dashboard_candidate,public_results_app,80,ID,statewide_results_lead,2025,Clark,public-results-path,fetched,fetched_unverified,link_or_target_keyword,https://results.voteidaho.gov/results/public/clark-county-id/elections/nov2025 | https://voteidaho.gov/election-results/,first_pass_state_result_surfaces.csv,9658e73ad6c10606bfb39cc582e268b05841b8892b5e7f8476ffcf7de96da47d,2026-10-09T21:49:48.010315+00:00,false,false
discovered:1fd61a2d2096ba50,https://results.voteidaho.gov/results/public/clearwater-county-id/elections/may2026,https://results.voteidaho.gov/results/public/clearwater-county-id/elections/may2026,dashboard_candidate,public_results_app,80,ID,statewide_results_lead,2026,Clearwater,public-results-path,fetched,fetched_unverified,link_or_target_keyword,https://results.voteidaho.gov/results/public/clearwater-county-id/elections/may2026 | https://voteidaho.gov/election-results/,first_pass_state_result_surfaces.csv,966ac3a43c40d9e99c005ea5c0f1467c0917110d0d9e0784c60ec2235509e8af,2026-10-09T21:49:49.051781+00:00,false,false
discovered:9f63839e5ef63e8a,https://results.voteidaho.gov/results/public/clearwater-county-id/elections/nov2025,https://results.voteidaho.gov/results/public/clearwater-county-id/elections/nov2025,dashboard_candidate,public_results_app,80,ID,statewide_results_lead,2025,Clearwater,public-results-path,fetched,fetched_unverified,link_or_target_keyword,https://results.voteidaho.gov/results/public/clearwater-county-id/elections/nov2025 | https://voteidaho.gov/election-results/,first_pass_state_result_surfaces.csv,db3554ad640a98039fc53b954b12a4b17f15fff30efb3b3e1efc2e88670f9523,2026-10-09T21:49:50.077549+00:00,false,false
discovered:e387dd376bd82cd2,https://results.voteidaho.gov/results/public/custer-county-id/elections/may2026,https://results.voteidaho.gov/results/public/custer-county-id/elections/may2026,dashboard_candidate,public_results_app,80,ID,statewide_results_lead,2026,Custer,public-results-path,fetched,fetched_unverified,link_or_target_keyword,https://results.voteidaho.gov/results/public/custer-county-id/elections/may2026 | https://voteidaho.gov/election-results/,first_pass_state_result_surfaces.csv,ef7dfe57d6bf2173160eeb99cd164e53ff582334749ed1d1fb9e15ca524f340c,2026-10-09T21:49:51.047630+00:00,false,false
discovered:fc8d5ba550fceabb,https://results.voteidaho.gov/results/public/custer-county-id/elections/nov2025,https://results.voteidaho.gov/results/public/custer-county-id/elections/nov2025,dashboard_candidate,public_results_app,80,ID,statewide_results_lead,2025,Custer,public-results-path,fetched,fetched_unverified,link_or_target_keyword,https://results.voteidaho.gov/results/public/custer-county-id/elections/nov2025 | https://voteidaho.gov/election-results/,first_pass_state_result_surfaces.csv,2e7959da4a673cdf47b73f9df965abaed9e56f1bc4e07210dbe9a1687c7eeefb,2026-10-09T21:49:52.067227+00:00,false,false
discovered:85668d360aedaf97,https://results.voteidaho.gov/results/public/elmore-county-id/elections/may2026,https://results.voteidaho.gov/results/public/elmore-county-id/elections/may2026,dashboard_candidate,public_results_app,80,ID,statewide_results_lead,2026,Elmore,public-results-path,fetched,fetched_unverified,link_or_target_keyword,https://results.voteidaho.gov/results/public/elmore-county-id/elections/may2026 | https://voteidaho.gov/election-results/,first_pass_state_result_surfaces.csv,ed22b1c3e6aa31f5b795e1cb95f8b254b5b2a63e21468e5f3677f8d9e1b5224b,2026-10-09T21:49:53.245727+00:00,false,false
discovered:ca8743da8ea5564a,https://results.voteidaho.gov/results/public/elmore-county-id/elections/nov2025,https://results.voteidaho.gov/results/public/elmore-county-id/elections/nov2025,dashboard_candidate,public_results_app,80,ID,statewide_results_lead,2025,Elmore,public-results-path,fetched,fetched_unverified,link_or_target_keyword,https://results.voteidaho.gov/results/public/elmore-county-id/elections/nov2025 | https://voteidaho.gov/election-results/,first_pass_state_result_surfaces.csv,406bc5a25d62144d7d74e22e06296d24dfba8b0cc5dd5397b7b53559cc185189,2026-10-09T21:49:54.057363+00:00,false,false
discovered:3002a7c0916621ca,https://results.voteidaho.gov/results/public/franklin-county-id/elections/may2026,https://results.voteidaho.gov/results/public/franklin-county-id/elections/may2026,dashboard_candidate,public_results_app,80,ID,statewide_results_lead,2026,Franklin,public-results-path,fetched,fetched_unverified,link_or_target_keyword,https://results.voteidaho.gov/results/public/franklin-county-id/elections/may2026 | https://voteidaho.gov/election-results/,first_pass_state_result_surfaces.csv,70e4f25b22bbcc97989deef716512b5a66ebc3efe53dfa4944df10d17a65017b,2026-10-09T21:49:55.016198+00:00,false,false
discovered:9b0093b2bca293c6,https://results.voteidaho.gov/results/public/franklin-county-id/elections/nov2025,https://results.voteidaho.gov/results/public/franklin-county-id/elections/nov2025,dashboard_candidate,public_results_app,80,ID,statewide_results_lead,2025,Franklin,public-results-path,fetched,fetched_unverified,link_or_target_keyword,https://results.voteidaho.gov/results/public/franklin-county-id/elections/nov2025 | https://voteidaho.gov/election-results/,first_pass_state_result_surfaces.csv,46cfe05061c88c4e5b03c0263c1f326ac08fc1c9e40ee5204253e67b5fb5c9b2,2026-10-09T21:49:56.070512+00:00,false,false
discovered:3c6ec0158f482f25,https://results.voteidaho.gov/results/public/fremont-county-id/elections/may2026,https://results.voteidaho.gov/results/public/fremont-county-id/elections/may2026,dashboard_candidate,public_results_app,80,ID,statewide_results_lead,2026,Fremont,public-results-path,fetched,fetched_unverified,link_or_target_keyword,https://results.voteidaho.gov/results/public/fremont-county-id/elections/may2026 | https://voteidaho.gov/election-results/,first_pass_state_result_surfaces.csv,cf8eb5410fd3893e9755a4a7c534fe2080a5923d6d94cfa7e7e5c659d203ed88,2026-10-09T21:49:57.068481+00:00,false,false
discovered:62e714a14bc1cbd9,https://results.voteidaho.gov/results/public/fremont-county-id/elections/nov2025,https://results.voteidaho.gov/results/public/fremont-county-id/elections/nov2025,dashboard_candidate,public_results_app,80,ID,statewide_results_lead,2025,Fremont,public-results-path,fetched,fetched_unverified,link_or_target_keyword,https://results.voteidaho.gov/results/public/fremont-county-id/elections/nov2025 | https://voteidaho.gov/election-results/,first_pass_state_result_surfaces.csv,55e2c4f218cc372f585b5915551dfcea1f49f133f18dd34d89c6cbe81470eb68,2026-10-09T21:49:57.967807+00:00,false,false
discovered:194a64ff896dbe3d,https://results.voteidaho.gov/results/public/gem-county-id/elections/may2026,https://results.voteidaho.gov/results/public/gem-county-id/elections/may2026,dashboard_candidate,public_results_app,80,ID,statewide_results_lead,2026,Gem,public-results-path,fetched,fetched_unverified,link_or_target_keyword,https://results.voteidaho.gov/results/public/gem-county-id/elections/may2026 | https://voteidaho.gov/election-results/,first_pass_state_result_surfaces.csv,3598e60712eb60a9c1d4bd1adb7449a75a32017c8c388fa58ceb1a4be228869e,2026-10-09T21:49:59.055802+00:00,false,false
discovered:70604cce93e9314a,https://results.voteidaho.gov/results/public/gem-county-id/elections/nov2025,https://results.voteidaho.gov/results/public/gem-county-id/elections/nov2025,dashboard_candidate,public_results_app,80,ID,statewide_results_lead,2025,Gem,public-results-path,fetched,fetched_unverified,link_or_target_keyword,https://results.voteidaho.gov/results/public/gem-county-id/elections/nov2025 | https://voteidaho.gov/election-results/,first_pass_state_result_surfaces.csv,26f0bf3aa1ac83ccd5eab02959b469f6d2581efb94c02e223aa50b5443730b0d,2026-10-09T21:50:00.071286+00:00,false,false
discovered:bf1a6374329aa4b5,https://results.voteidaho.gov/results/public/gooding-county-id/elections/may2026,https://results.voteidaho.gov/results/public/gooding-county-id/elections/may2026,dashboard_candidate,public_results_app,80,ID,statewide_results_lead,2026,Gooding,public-results-path,fetched,fetched_unverified,link_or_target_keyword,https://results.voteidaho.gov/results/public/gooding-county-id/elections/may2026 | https://voteidaho.gov/election-results/,first_pass_state_result_surfaces.csv,2d126110781a7d3cd746dbbbbfda85e6fd70948ba255aac20b05b1096e507d9e,2026-10-09T21:50:01.077193+00:00,false,false
discovered:88ab0a2d7bb6301a,https://results.voteidaho.gov/results/public/gooding-county-id/elections/nov2025,https://results.voteidaho.gov/results/public/gooding-county-id/elections/nov2025,dashboard_candidate,public_results_app,80,ID,statewide_results_lead,2025,Gooding,public-results-path,fetched,fetched_unverified,link_or_target_keyword,https://results.voteidaho.gov/results/public/gooding-county-id/elections/nov2025 | https://voteidaho.gov/election-results/,first_pass_state_result_surfaces.csv,176a92b7617d4d9f9e57e9441a505b6dfba17d07a4e13634f27f39576248f72b,2026-10-09T21:50:02.091680+00:00,false,false
discovered:77ddc2a09a094d65,https://results.votewa.gov/results/public/washington/elections/20260210,https://results.votewa.gov/results/public/washington/elections/20260210,dashboard_candidate,public_results_app,80,WA,observed_dashboard_link | statewide_results_lead,,Results,public-results-path,fetched,fetched_unverified,link_or_target_keyword | parent_results_page,https://results.votewa.gov/results/public/washington/elections/20260210 | https://www.sos.wa.gov/elections/data-research/election-data-and-maps/election-results-and-voters-pamphlets,dashboard-discovery/expansion_or_pilot | first_pass_state_result_surfaces.csv,1b3800d39a8a9561341144df92b35cf3b2d2e8565274093f17ece1e7331dc08e,2026-10-09T21:57:26.860102+00:00,false,false
discovered:98a6bb9ec60a2fc4,https://results.votewa.gov/results/public/washington/elections/20260428,https://results.votewa.gov/results/public/washington/elections/20260428,dashboard_candidate,public_results_app,80,WA,observed_dashboard_link | statewide_results_lead,,Results,public-results-path,fetched,fetched_unverified,link_or_target_keyword | parent_results_page,https://results.votewa.gov/results/public/washington/elections/20260428 | https://www.sos.wa.gov/elections/data-research/election-data-and-maps/election-results-and-voters-pamphlets,dashboard-discovery/expansion_or_pilot | first_pass_state_result_surfaces.csv,259a002b40098ddbec6516bcd6f2882438abc4db27d5e37e47305939852a72ce,2026-10-09T21:57:27.720582+00:00,false,false
discovered:d4c8ea38148e2414,https://results.votewa.gov/results/public/washington/elections/20260804,https://results.votewa.gov/results/public/washington/elections/20260804,dashboard_candidate,public_results_app,80,WA,observed_dashboard_link | statewide_results_lead,,Results,public-results-path,fetched,fetched_unverified,link_or_target_keyword | parent_results_page,https://results.votewa.gov/results/public/washington/elections/20260804 | https://www.sos.wa.gov/elections/data-research/election-data-and-maps/election-results-and-voters-pamphlets,dashboard-discovery/expansion_or_pilot | first_pass_state_result_surfaces.csv,fcc79ea0790ffb255b826de10215947a7739770512d0f84b0d00a9f043434669,2026-10-09T21:57:28.827368+00:00,false,false
discovered:032a1718956455dc,https://enr.elections.virginia.gov/results/public/virginia/2025-December-9-Special,https://enr.elections.virginia.gov/results/public/virginia/2025-December-9-Special,dashboard_candidate,enhanced_voting | public_results_app,75,VA,statewide_results_lead,2025,"December 9, 2025 Fairfax County Braddock District Special Election",enhanced-government-hosts | public-results-path,not_fetched,candidate,platform_signature_only,https://www.elections.virginia.gov/results/,first_pass_state_result_surfaces.csv,,2026-10-09,false,false
discovered:2b6105239c99a906,https://enr.elections.virginia.gov/results/public/virginia/2025-November-General,https://enr.elections.virginia.gov/results/public/virginia/2025-November-General,dashboard_candidate,enhanced_voting | public_results_app,75,VA,statewide_results_lead,2025,"November 4, 2025 General and Special Elections",enhanced-government-hosts | public-results-path,not_fetched,candidate,platform_signature_only,https://www.elections.virginia.gov/results/,first_pass_state_result_surfaces.csv,,2026-10-09,false,false
discovered:22e09b46010435aa,https://app.enhancedvoting.com/login/Admin/Account/Login,https://app.enhancedvoting.com/login/Admin/Account/Login,dashboard_candidate,enhanced_voting,55,MI,election_night_lead,,https://app.enhancedvoting.com/,enhanced-host,fetched,fetched_unverified,platform_signature_only,https://app.enhancedvoting.com/login/Admin/Account/Login,us_primary_election_localities.csv,d592f2893567574f3ec96df231172d099684fd23ea608e5eba859df0a460fa08,2026-10-09,false,false
discovered:626866d0471a1fbf,https://sos.wyo.gov/Elections/Docs/2026/Results/Primary/2026_Wyoming_Primary_Results.zip,https://sos.wyo.gov/Elections/Docs/2026/Results/Primary/2026_Wyoming_Primary_Results.zip,result_artifact_lead,tabular_download,35,WY,statewide_results_lead,2026,Wyoming Primary Election Results,tabular-artifact,not_fetched,candidate,link_or_target_keyword,https://sos.wyo.gov/Elections/Docs/2026/2026PrimaryResults.aspx,first_pass_state_result_surfaces.csv,,2026-10-09,false,false
discovered:f229e4333d7defcb,https://www.sos.alabama.gov/sites/default/files/election-2026/HouseDistrict-63-SpecialGeneralElection-UnofficialResults.xlsx,https://www.sos.alabama.gov/sites/default/files/election-2026/HouseDistrict-63-SpecialGeneralElection-UnofficialResults.xlsx,result_artifact_lead,tabular_download,35,AL,statewide_results_lead,2026,Excel file with vote totals,tabular-artifact,not_fetched,candidate,link_or_target_keyword,https://www.sos.alabama.gov/alabama-votes/voter/election-information/2026,first_pass_state_result_surfaces.csv,,2026-10-09,false,false
discovered:9c93b3cca5bdc674,http://alconacountymi.com/wp-content/uploads/2015/07/2012_General_Election_-_Final_Official.pdf,http://alconacountymi.com/wp-content/uploads/2015/07/2012_General_Election_-_Final_Official.pdf,result_artifact_lead,pdf,30,MI,historical_or_final_results,2012 | 2015,2012 General Election Results,pdf-artifact,fetch_failed,fetch_failed,link_or_target_keyword,https://alconacountymi.com/home/county-clerk/election-results/,us_primary_election_localities.csv,,2026-10-09,false,false
discovered:5ffe4869a2defdcc,http://alconacountymi.com/wp-content/uploads/2015/07/2012_Prez_Primary_spreadsheet.pdf,http://alconacountymi.com/wp-content/uploads/2015/07/2012_Prez_Primary_spreadsheet.pdf,result_artifact_lead,pdf,30,MI,historical_or_final_results,2012 | 2015,2012 Presidential Primary Election Results,pdf-artifact,fetch_failed,fetch_failed,link_or_target_keyword,https://alconacountymi.com/home/county-clerk/election-results/,us_primary_election_localities.csv,,2026-10-09,false,false
discovered:4f36795635999676,http://alconacountymi.com/wp-content/uploads/2015/07/2012_Primary_Election.pdf,http://alconacountymi.com/wp-content/uploads/2015/07/2012_Primary_Election.pdf,result_artifact_lead,pdf,30,MI,historical_or_final_results,2012 | 2015,2012 Primary Election Results,pdf-artifact,fetch_failed,fetch_failed,link_or_target_keyword,https://alconacountymi.com/home/county-clerk/election-results/,us_primary_election_localities.csv,,2026-10-09,false,false
discovered:e573952dea5bf9da,http://alconacountymi.com/wp-content/uploads/2015/07/2014-Primary-2014-spreadsheet-Final.pdf,http://alconacountymi.com/wp-content/uploads/2015/07/2014-Primary-2014-spreadsheet-Final.pdf,result_artifact_lead,pdf,30,MI,historical_or_final_results,2014 | 2015,2014 Primary Election Results,pdf-artifact,fetch_failed,fetch_failed,link_or_target_keyword,https://alconacountymi.com/home/county-clerk/election-results/,us_primary_election_localities.csv,,2026-10-09,false,false
discovered:9b9dde815c8319f2,http://alconacountymi.com/wp-content/uploads/2015/07/2015_Special_Election_Results_2.pdf,http://alconacountymi.com/wp-content/uploads/2015/07/2015_Special_Election_Results_2.pdf,result_artifact_lead,pdf,30,MI,historical_or_final_results,2015,2015 May Special Election Results,pdf-artifact,fetch_failed,fetch_failed,link_or_target_keyword,https://alconacountymi.com/home/county-clerk/election-results/,us_primary_election_localities.csv,,2026-10-09,false,false
discovered:19091c5eb6705b4e,http://alconacountymi.com/wp-content/uploads/2015/07/Alcona_Primary_2010.pdf,http://alconacountymi.com/wp-content/uploads/2015/07/Alcona_Primary_2010.pdf,result_artifact_lead,pdf,30,MI,historical_or_final_results,2010 | 2015,2010 Alcona County Primary Election Results,pdf-artifact,fetch_failed,fetch_failed,link_or_target_keyword,https://alconacountymi.com/home/county-clerk/election-results/,us_primary_election_localities.csv,,2026-10-09,false,false
discovered:d16a15932fa9e670,http://alconacountymi.com/wp-content/uploads/2015/07/Form-2016-Township-City-Results-Generalfinal.pdf,http://alconacountymi.com/wp-content/uploads/2015/07/Form-2016-Township-City-Results-Generalfinal.pdf,result_artifact_lead,pdf,30,MI,historical_or_final_results,2015 | 2016,2016 Township and City Election Results,pdf-artifact,fetch_failed,fetch_failed,link_or_target_keyword,https://alconacountymi.com/home/county-clerk/election-results/,us_primary_election_localities.csv,,2026-10-09,false,false
discovered:0dadef3dafcbefd8,http://alconacountymi.com/wp-content/uploads/2015/07/November_2008__Election_resultspreadsheet_Final.pdf,http://alconacountymi.com/wp-content/uploads/2015/07/November_2008__Election_resultspreadsheet_Final.pdf,result_artifact_lead,pdf,30,MI,historical_or_final_results,2008 | 2015,2008 Alcona County General Election Results,pdf-artifact,fetch_failed,fetch_failed,link_or_target_keyword,https://alconacountymi.com/home/county-clerk/election-results/,us_primary_election_localities.csv,,2026-10-09,false,false
discovered:793d7180a0a7cc41,http://alconacountymi.com/wp-content/uploads/2015/07/November_2010_spreadsheet_Final.pdf,http://alconacountymi.com/wp-content/uploads/2015/07/November_2010_spreadsheet_Final.pdf,result_artifact_lead,pdf,30,MI,historical_or_final_results,2010 | 2015,2010 Alcona County General Election Results,pdf-artifact,fetch_failed,fetch_failed,link_or_target_keyword,https://alconacountymi.com/home/county-clerk/election-results/,us_primary_election_localities.csv,,2026-10-09,false,false
discovered:38c27fca76015392,http://alconacountymi.com/wp-content/uploads/2015/07/November_2014_spreadsheet.pdf,http://alconacountymi.com/wp-content/uploads/2015/07/November_2014_spreadsheet.pdf,result_artifact_lead,pdf,30,MI,historical_or_final_results,2014 | 2015,2014 General Election Results,pdf-artifact,fetch_failed,fetch_failed,link_or_target_keyword,https://alconacountymi.com/home/county-clerk/election-results/,us_primary_election_localities.csv,,2026-10-09,false,false
discovered:23f4245899ee853c,http://alconacountymi.com/wp-content/uploads/2015/07/Novemberfinal2016.pdf,http://alconacountymi.com/wp-content/uploads/2015/07/Novemberfinal2016.pdf,result_artifact_lead,pdf,30,MI,historical_or_final_results,2015 | 2016,2016 General Election Results,pdf-artifact,fetch_failed,fetch_failed,link_or_target_keyword,https://alconacountymi.com/home/county-clerk/election-results/,us_primary_election_localities.csv,,2026-10-09,false,false
discovered:d96a8acadddd0cfe,http://alconacountymi.com/wp-content/uploads/2015/07/prim2016-5.pdf,http://alconacountymi.com/wp-content/uploads/2015/07/prim2016-5.pdf,result_artifact_lead,pdf,30,MI,historical_or_final_results,2015 | 2016,2016 Primary Election Results,pdf-artifact,fetch_failed,fetch_failed,link_or_target_keyword,https://alconacountymi.com/home/county-clerk/election-results/,us_primary_election_localities.csv,,2026-10-09,false,false
discovered:065a1e24b9ecccc4,http://alconacountymi.com/wp-content/uploads/2015/11/Alcona-School-election-Nov-2015.pdf,http://alconacountymi.com/wp-content/uploads/2015/11/Alcona-School-election-Nov-2015.pdf,result_artifact_lead,pdf,30,MI,historical_or_final_results,2015,2015 November Special Election Results,pdf-artifact,fetch_failed,fetch_failed,link_or_target_keyword,https://alconacountymi.com/home/county-clerk/election-results/,us_primary_election_localities.csv,,2026-10-09,false,false
discovered:24e1721353c984e5,http://alconacountymi.com/wp-content/uploads/2018/11/General-2018-Spreadsheetv10.pdf,http://alconacountymi.com/wp-content/uploads/2018/11/General-2018-Spreadsheetv10.pdf,result_artifact_lead,pdf,30,MI,historical_or_final_results,2018 | 2019,2018 General Election Results | 2019 Recall Election Results,pdf-artifact,fetch_failed,fetch_failed,link_or_target_keyword,https://alconacountymi.com/home/county-clerk/election-results/,us_primary_election_localities.csv,,2026-10-09,false,false
discovered:e683128d1460c3b6,http://alconacountymi.com/wp-content/uploads/2019/05/2019-Results.pdf,http://alconacountymi.com/wp-content/uploads/2019/05/2019-Results.pdf,result_artifact_lead,pdf,30,MI,historical_or_final_results,2019,2019 Recall Election Results,pdf-artifact,fetch_failed,fetch_failed,link_or_target_keyword,https://alconacountymi.com/home/county-clerk/election-results/,us_primary_election_localities.csv,,2026-10-09,false,false
discovered:d7ecbe16f9a2fb08,http://alconacountymi.com/wp-content/uploads/2019/11/Copy-of-2019-Special-Election-Results.pdf,http://alconacountymi.com/wp-content/uploads/2019/11/Copy-of-2019-Special-Election-Results.pdf,result_artifact_lead,pdf,30,MI,historical_or_final_results,2019,2019 Special Election Results,pdf-artifact,fetch_failed,fetch_failed,link_or_target_keyword,https://alconacountymi.com/home/county-clerk/election-results/,us_primary_election_localities.csv,,2026-10-09,false,false
discovered:d2ba31ca1c88fc11,http://alconacountymi.com/wp-content/uploads/2020/11/FinalResults2020.pdf,http://alconacountymi.com/wp-content/uploads/2020/11/FinalResults2020.pdf,result_artifact_lead,pdf,30,MI,historical_or_final_results,2020,2020 General Election Results,pdf-artifact,fetch_failed,fetch_failed,link_or_target_keyword,https://alconacountymi.com/home/county-clerk/election-results/,us_primary_election_localities.csv,,2026-10-09,false,false
discovered:ec353573af5c9278,http://alconacountymi.com/wp-content/uploads/2022/11/General-2022-Spreadsheet.pdf,http://alconacountymi.com/wp-content/uploads/2022/11/General-2022-Spreadsheet.pdf,result_artifact_lead,pdf,30,MI,historical_or_final_results,2022,2022 General Election Results,pdf-artifact,fetch_failed,fetch_failed,link_or_target_keyword,https://alconacountymi.com/home/county-clerk/election-results/,us_primary_election_localities.csv,,2026-10-09,false,false
discovered:c36f1155a639f108,http://alconacountymi.com/wp-content/uploads/2023/11/Results.pdf,http://alconacountymi.com/wp-content/uploads/2023/11/Results.pdf,result_artifact_lead,pdf,30,MI,historical_or_final_results,2023,2023 Special Election Results,pdf-artifact,fetch_failed,fetch_failed,link_or_target_keyword,https://alconacountymi.com/home/county-clerk/election-results/,us_primary_election_localities.csv,,2026-10-09,false,false
discovered:e3b18e2ac8488c89,http://apps.sos.ky.gov/temp/RecanvassResults052616.pdf,http://apps.sos.ky.gov/temp/RecanvassResults052616.pdf,result_artifact_lead,pdf,30,KY,statewide_results_lead,2016,2016 Presidential Primary Recanvass Results,pdf-artifact,not_fetched,candidate,link_or_target_keyword,https://elect.ky.gov/results/2010-2019/Pages/2016primaryandgeneralelectionresults.aspx,first_pass_state_result_surfaces.csv,,2026-10-09,false,false
discovered:dc4af3ce5f85bf30,http://cl.ingham.org/Portals/CL/Documents/Election_Info/2005/School05/May_3_Canvass.pdf,http://cl.ingham.org/Portals/CL/Documents/Election_Info/2005/School05/May_3_Canvass.pdf,result_artifact_lead,pdf,30,MI,official_source,2005,Summary,pdf-artifact,not_fetched,candidate,link_or_target_keyword,https://docs.ingham.org/departments_and_officials/county_clerk/election_results.php,sources.csv,,2026-10-09,false,false
discovered:1869001cd115c024,https://alconacountymi.com/wp-content/uploads/2024/05/Election-Results.pdf,https://alconacountymi.com/wp-content/uploads/2024/05/Election-Results.pdf,result_artifact_lead,pdf,30,MI,historical_or_final_results,2024,Oscoda Schools Special Election,pdf-artifact,fetch_failed,fetch_failed,link_or_target_keyword,https://alconacountymi.com/home/county-clerk/election-results/,us_primary_election_localities.csv,,2026-10-09,false,false
discovered:ae34506e8973b5e3,https://alconacountymi.com/wp-content/uploads/2024/11/RESULTS-SPREADSHEET-FINAL-November-2024.pdf,https://alconacountymi.com/wp-content/uploads/2024/11/RESULTS-SPREADSHEET-FINAL-November-2024.pdf,result_artifact_lead,pdf,30,MI,historical_or_final_results,2024,General Election Results - November 2024,pdf-artifact,fetch_failed,fetch_failed,link_or_target_keyword,https://alconacountymi.com/home/county-clerk/election-results/,us_primary_election_localities.csv,,2026-10-09,false,false
discovered:6659045d246004fb,https://alconacountymi.com/wp-content/uploads/2024/11/StatementOfVotesCastRPT.pdf,https://alconacountymi.com/wp-content/uploads/2024/11/StatementOfVotesCastRPT.pdf,result_artifact_lead,pdf,30,MI,historical_or_final_results,2024,Statement Of Votes Cast,pdf-artifact,fetch_failed,fetch_failed,link_or_target_keyword,https://alconacountymi.com/home/county-clerk/election-results/,us_primary_election_localities.csv,,2026-10-09,false,false
discovered:eb89ae258de1aa1d,https://alconacountymi.com/wp-content/uploads/2026/08/2026-Primary-Spreadsheet.pdf,https://alconacountymi.com/wp-content/uploads/2026/08/2026-Primary-Spreadsheet.pdf,result_artifact_lead,pdf,30,MI,historical_or_final_results,2026,May 6th Special Election Results,pdf-artifact,fetch_failed,fetch_failed,link_or_target_keyword,https://alconacountymi.com/home/county-clerk/election-results/,us_primary_election_localities.csv,,2026-10-09,false,false
discovered:49a4f958b1a13f8c,https://archive.voteidaho.gov/results/2026/primary/canvass_report_2026_primary.pdf,https://archive.voteidaho.gov/results/2026/primary/canvass_report_2026_primary.pdf,result_artifact_lead,pdf,30,ID,state_election_authority,2026,Canvass Report,pdf-artifact,not_fetched,candidate,link_or_target_keyword,https://voteidaho.gov/,us_state_central_authority_sources.csv,,2026-10-09,false,false
discovered:be5e835f94607861,https://dcboe.org/getmedia/ed21d86a-a4de-4a31-8f31-b65ac88421ce/PresidentialGeneral_08_Certified_Feb_Election_Results_1.pdf,https://dcboe.org/getmedia/ed21d86a-a4de-4a31-8f31-b65ac88421ce/PresidentialGeneral_08_Certified_Feb_Election_Results_1.pdf,result_artifact_lead,pdf,30,DC,state_election_authority,,February 12 Presidential Preference Primary Election,pdf-artifact,not_fetched,candidate,link_or_target_keyword,https://dcboe.org/elections/election-results-archives,us_state_central_authority_sources.csv,,2026-10-09,false,false
discovered:347ce162d55d7330,https://elect.ky.gov/SiteCollectionDocuments/Election%20Results/2010-2019/2010/off2010gen.pdf,https://elect.ky.gov/SiteCollectionDocuments/Election%20Results/2010-2019/2010/off2010gen.pdf,result_artifact_lead,pdf,30,KY,statewide_results_lead,2010 | 2019,Official Election Results,pdf-artifact,not_fetched,candidate,link_or_target_keyword,https://elect.ky.gov/results/2010-2019/Pages/2010primaryandgeneralelectionresults.aspx,first_pass_state_result_surfaces.csv,,2026-10-09,false,false
discovered:217f07a48aca0712,https://elect.ky.gov/SiteCollectionDocuments/Election%20Results/2010-2019/2011/off2011gen.pdf,https://elect.ky.gov/SiteCollectionDocuments/Election%20Results/2010-2019/2011/off2011gen.pdf,result_artifact_lead,pdf,30,KY,statewide_results_lead,2010 | 2011 | 2019,Official Election Results,pdf-artifact,not_fetched,candidate,link_or_target_keyword,https://elect.ky.gov/results/2010-2019/Pages/2011primaryandgeneralelectionresults.aspx,first_pass_state_result_surfaces.csv,,2026-10-09,false,false
discovered:36873c06e2a83fe7,https://elect.ky.gov/SiteCollectionDocuments/Election%20Results/2010-2019/2012/2012genresults.pdf,https://elect.ky.gov/SiteCollectionDocuments/Election%20Results/2010-2019/2012/2012genresults.pdf,result_artifact_lead,pdf,30,KY,statewide_results_lead,2010 | 2012 | 2019,Official Election Results,pdf-artifact,not_fetched,candidate,link_or_target_keyword,https://elect.ky.gov/results/2010-2019/Pages/2012primaryandgeneralelectionresults.aspx,first_pass_state_result_surfaces.csv,,2026-10-09,false,false
discovered:cb53b41233a8f6da,https://elect.ky.gov/SiteCollectionDocuments/Election%20Results/2010-2019/2014/2014%20General%20Election%20Results.pdf,https://elect.ky.gov/SiteCollectionDocuments/Election%20Results/2010-2019/2014/2014%20General%20Election%20Results.pdf,result_artifact_lead,pdf,30,KY,statewide_results_lead,2010 | 2014 | 2019,Official Election Results,pdf-artifact,not_fetched,candidate,link_or_target_keyword,https://elect.ky.gov/results/2010-2019/Pages/2014PrimaryandGeneralElectionResults.aspx,first_pass_state_result_surfaces.csv,,2026-10-09,false,false
discovered:4585457069a3f94f,https://elect.ky.gov/SiteCollectionDocuments/Election%20Results/2010-2019/2014/2014%20Primary%20Election%20Results.pdf,https://elect.ky.gov/SiteCollectionDocuments/Election%20Results/2010-2019/2014/2014%20Primary%20Election%20Results.pdf,result_artifact_lead,pdf,30,KY,statewide_results_lead,2010 | 2014 | 2019,Official Election Results,pdf-artifact,not_fetched,candidate,link_or_target_keyword,https://elect.ky.gov/results/2010-2019/Pages/2014PrimaryandGeneralElectionResults.aspx,first_pass_state_result_surfaces.csv,,2026-10-09,false,false
discovered:5e3ac27a351e17c4,https://elect.ky.gov/SiteCollectionDocuments/Election%20Results/2010-2019/2015/2015%20General%20Election%20Results.pdf,https://elect.ky.gov/SiteCollectionDocuments/Election%20Results/2010-2019/2015/2015%20General%20Election%20Results.pdf,result_artifact_lead,pdf,30,KY,statewide_results_lead,2010 | 2015 | 2019,Official Election Results,pdf-artifact,not_fetched,candidate,link_or_target_keyword,https://elect.ky.gov/results/2010-2019/Pages/2015primaryandgeneralelectionresults.aspx,first_pass_state_result_surfaces.csv,,2026-10-09,false,false
discovered:d93cd72323d1e57f,https://elect.ky.gov/results/2010-2019/Documents/2016%20General%20Election%20Results.pdf,https://elect.ky.gov/results/2010-2019/Documents/2016%20General%20Election%20Results.pdf,result_artifact_lead,pdf,30,KY,statewide_results_lead,2010 | 2016 | 2019,Official 2016 General Election Results,pdf-artifact,not_fetched,candidate,link_or_target_keyword,https://elect.ky.gov/results/2010-2019/Pages/2016primaryandgeneralelectionresults.aspx,first_pass_state_result_surfaces.csv,,2026-10-09,false,false
discovered:025eb766046d1678,https://elect.ky.gov/results/2010-2019/Documents/2016%20primary%20election%20results.pdf,https://elect.ky.gov/results/2010-2019/Documents/2016%20primary%20election%20results.pdf,result_artifact_lead,pdf,30,KY,statewide_results_lead,2010 | 2016 | 2019,Official 2016 Primary Election Results,pdf-artifact,not_fetched,candidate,link_or_target_keyword,https://elect.ky.gov/results/2010-2019/Pages/2016primaryandgeneralelectionresults.aspx,first_pass_state_result_surfaces.csv,,2026-10-09,false,false
discovered:19bce5ca7e01c6ed,https://elect.ky.gov/results/2010-2019/Documents/2019%20General%20Certified%20Results.pdf,https://elect.ky.gov/results/2010-2019/Documents/2019%20General%20Certified%20Results.pdf,result_artifact_lead,pdf,30,KY,statewide_results_lead,2010 | 2019,Certified Election Results,pdf-artifact,not_fetched,candidate,link_or_target_keyword,https://elect.ky.gov/results/2010-2019/Pages/2019-Primary-and-General-Election-Results.aspx,first_pass_state_result_surfaces.csv,,2026-10-09,false,false
discovered:715ff5bb7e8ee7bd,https://elect.ky.gov/results/2010-2019/Documents/2019PrimaryCertifiedResults.pdf,https://elect.ky.gov/results/2010-2019/Documents/2019PrimaryCertifiedResults.pdf,result_artifact_lead,pdf,30,KY,statewide_results_lead,2010 | 2019,Certified Election Results,pdf-artifact,not_fetched,candidate,link_or_target_keyword,https://elect.ky.gov/results/2010-2019/Pages/2019-Primary-and-General-Election-Results.aspx,first_pass_state_result_surfaces.csv,,2026-10-09,false,false
discovered:e1b42eb81bfb959c,https://elections.hawaii.gov/wp-content/results/2026 Primary/hi_sov.pdf,https://elections.hawaii.gov/wp-content/results/2026 Primary/hi_sov.pdf,result_artifact_lead,pdf,30,HI,statewide_results_lead,2026,Statement of Vote,pdf-artifact,not_fetched,candidate,link_or_target_keyword,https://elections.hawaii.gov/election-results/,first_pass_state_result_surfaces.csv,,2026-10-09,false,false
discovered:128cc7144112f71e,https://files.hawaii.gov/elections/files/results/2006/general/SOV.pdf,https://files.hawaii.gov/elections/files/results/2006/general/SOV.pdf,result_artifact_lead,pdf,30,HI,statewide_results_lead,2006,Statement of Vote,pdf-artifact,not_fetched,candidate,link_or_target_keyword,https://elections.hawaii.gov/election-results/,first_pass_state_result_surfaces.csv,,2026-10-09,false,false
discovered:070bb1d430f8fdbf,https://files.hawaii.gov/elections/files/results/2006/primary/SOV.pdf,https://files.hawaii.gov/elections/files/results/2006/primary/SOV.pdf,result_artifact_lead,pdf,30,HI,statewide_results_lead,2006,Statement of Vote,pdf-artifact,not_fetched,candidate,link_or_target_keyword,https://elections.hawaii.gov/election-results/,first_pass_state_result_surfaces.csv,,2026-10-09,false,false
discovered:73293e8bb88b4e58,https://files.hawaii.gov/elections/files/results/2008/general/SOV.pdf,https://files.hawaii.gov/elections/files/results/2008/general/SOV.pdf,result_artifact_lead,pdf,30,HI,statewide_results_lead,2008,Statement of Vote,pdf-artifact,not_fetched,candidate,link_or_target_keyword,https://elections.hawaii.gov/election-results/,first_pass_state_result_surfaces.csv,,2026-10-09,false,false
discovered:a64de151246f6518,https://files.hawaii.gov/elections/files/results/2008/primary/SOV.pdf,https://files.hawaii.gov/elections/files/results/2008/primary/SOV.pdf,result_artifact_lead,pdf,30,HI,statewide_results_lead,2008,Statement of Vote,pdf-artifact,not_fetched,candidate,link_or_target_keyword,https://elections.hawaii.gov/election-results/,first_pass_state_result_surfaces.csv,,2026-10-09,false,false
discovered:1c7a629197700b74,https://files.hawaii.gov/elections/files/results/2010/general/SOV.pdf,https://files.hawaii.gov/elections/files/results/2010/general/SOV.pdf,result_artifact_lead,pdf,30,HI,statewide_results_lead,2010,Statement of Vote,pdf-artifact,not_fetched,candidate,link_or_target_keyword,https://elections.hawaii.gov/election-results/,first_pass_state_result_surfaces.csv,,2026-10-09,false,false
discovered:d97d7e1147b6b959,https://files.hawaii.gov/elections/files/results/2010/primary/SOV.pdf,https://files.hawaii.gov/elections/files/results/2010/primary/SOV.pdf,result_artifact_lead,pdf,30,HI,statewide_results_lead,2010,Statement of Vote,pdf-artifact,not_fetched,candidate,link_or_target_keyword,https://elections.hawaii.gov/election-results/,first_pass_state_result_surfaces.csv,,2026-10-09,false,false
discovered:4c5bb6953e687014,https://files.hawaii.gov/elections/files/results/2012/general/SOV.pdf,https://files.hawaii.gov/elections/files/results/2012/general/SOV.pdf,result_artifact_lead,pdf,30,HI,statewide_results_lead,2012,Statement of Vote,pdf-artifact,not_fetched,candidate,link_or_target_keyword,https://elections.hawaii.gov/election-results/,first_pass_state_result_surfaces.csv,,2026-10-09,false,false
discovered:d2001baf0ea5bed4,https://files.hawaii.gov/elections/files/results/2012/primary/SOV.pdf,https://files.hawaii.gov/elections/files/results/2012/primary/SOV.pdf,result_artifact_lead,pdf,30,HI,statewide_results_lead,2012,Statement of Vote,pdf-artifact,not_fetched,candidate,link_or_target_keyword,https://elections.hawaii.gov/election-results/,first_pass_state_result_surfaces.csv,,2026-10-09,false,false
discovered:5a8bff6b01f90715,https://files.hawaii.gov/elections/files/results/2014/general/SOV.pdf,https://files.hawaii.gov/elections/files/results/2014/general/SOV.pdf,result_artifact_lead,pdf,30,HI,statewide_results_lead,2014,Statement of Vote,pdf-artifact,not_fetched,candidate,link_or_target_keyword,https://elections.hawaii.gov/election-results/,first_pass_state_result_surfaces.csv,,2026-10-09,false,false
discovered:a69f5b8ace363185,https://files.hawaii.gov/elections/files/results/2014/primary/SOV.pdf,https://files.hawaii.gov/elections/files/results/2014/primary/SOV.pdf,result_artifact_lead,pdf,30,HI,statewide_results_lead,2014,Statement of Vote,pdf-artifact,not_fetched,candidate,link_or_target_keyword,https://elections.hawaii.gov/election-results/,first_pass_state_result_surfaces.csv,,2026-10-09,false,false
discovered:27bad65cf6db11ca,https://files.hawaii.gov/elections/files/results/2016/general/sov.pdf,https://files.hawaii.gov/elections/files/results/2016/general/sov.pdf,result_artifact_lead,pdf,30,HI,statewide_results_lead,2016,Statement of Vote,pdf-artifact,not_fetched,candidate,link_or_target_keyword,https://elections.hawaii.gov/election-results/,first_pass_state_result_surfaces.csv,,2026-10-09,false,false
discovered:785a6ca4c1116e5b,https://files.hawaii.gov/elections/files/results/2016/primary/sov.pdf,https://files.hawaii.gov/elections/files/results/2016/primary/sov.pdf,result_artifact_lead,pdf,30,HI,statewide_results_lead,2016,Statement of Vote,pdf-artifact,not_fetched,candidate,link_or_target_keyword,https://elections.hawaii.gov/election-results/,first_pass_state_result_surfaces.csv,,2026-10-09,false,false
discovered:4c934ead3559d750,https://files.hawaii.gov/elections/files/results/2018/general/SOV.pdf,https://files.hawaii.gov/elections/files/results/2018/general/SOV.pdf,result_artifact_lead,pdf,30,HI,statewide_results_lead,2018,Statement of Vote,pdf-artifact,not_fetched,candidate,link_or_target_keyword,https://elections.hawaii.gov/election-results/,first_pass_state_result_surfaces.csv,,2026-10-09,false,false
discovered:245fdfcfe0d6dd1a,https://files.hawaii.gov/elections/files/results/2018/primary/sov.pdf,https://files.hawaii.gov/elections/files/results/2018/primary/sov.pdf,result_artifact_lead,pdf,30,HI,statewide_results_lead,2018,Statement of Vote,pdf-artifact,not_fetched,candidate,link_or_target_keyword,https://elections.hawaii.gov/election-results/,first_pass_state_result_surfaces.csv,,2026-10-09,false,false
discovered:f492bc7b714be24e,https://files.hawaii.gov/elections/files/results/2020/general/hi_sov.pdf,https://files.hawaii.gov/elections/files/results/2020/general/hi_sov.pdf,result_artifact_lead,pdf,30,HI,statewide_results_lead,2020,Statement of Vote,pdf-artifact,not_fetched,candidate,link_or_target_keyword,https://elections.hawaii.gov/election-results/,first_pass_state_result_surfaces.csv,,2026-10-09,false,false
discovered:c1ea487ae4456244,https://files.hawaii.gov/elections/files/results/2020/primary/hi_sov.pdf,https://files.hawaii.gov/elections/files/results/2020/primary/hi_sov.pdf,result_artifact_lead,pdf,30,HI,statewide_results_lead,2020,Statement of Vote,pdf-artifact,not_fetched,candidate,link_or_target_keyword,https://elections.hawaii.gov/election-results/,first_pass_state_result_surfaces.csv,,2026-10-09,false,false
discovered:0cbb140609ad4239,https://files.hawaii.gov/elections/files/results/2022/general/sov.pdf,https://files.hawaii.gov/elections/files/results/2022/general/sov.pdf,result_artifact_lead,pdf,30,HI,statewide_results_lead,2022,Statement of Vote,pdf-artifact,not_fetched,candidate,link_or_target_keyword,https://elections.hawaii.gov/election-results/,first_pass_state_result_surfaces.csv,,2026-10-09,false,false
discovered:32bf463f812507e9,https://files.hawaii.gov/elections/files/results/2022/primary/hi_sov.pdf,https://files.hawaii.gov/elections/files/results/2022/primary/hi_sov.pdf,result_artifact_lead,pdf,30,HI,statewide_results_lead,2022,Statement of Vote,pdf-artifact,not_fetched,candidate,link_or_target_keyword,https://elections.hawaii.gov/election-results/,first_pass_state_result_surfaces.csv,,2026-10-09,false,false
discovered:f84d07dc480dd2d1,https://files.hawaii.gov/elections/files/results/2024/General/hi_sov.pdf,https://files.hawaii.gov/elections/files/results/2024/General/hi_sov.pdf,result_artifact_lead,pdf,30,HI,statewide_results_lead,2024,Statement of Vote,pdf-artifact,not_fetched,candidate,link_or_target_keyword,https://elections.hawaii.gov/election-results/,first_pass_state_result_surfaces.csv,,2026-10-09,false,false
discovered:bcc1a9b22b6c2141,https://files.hawaii.gov/elections/files/results/2024/Primary/hi_sov.pdf,https://files.hawaii.gov/elections/files/results/2024/Primary/hi_sov.pdf,result_artifact_lead,pdf,30,HI,statewide_results_lead,2024,Statement of Vote,pdf-artifact,not_fetched,candidate,link_or_target_keyword,https://elections.hawaii.gov/election-results/,first_pass_state_result_surfaces.csv,,2026-10-09,false,false
discovered:0394cb98fd850119,https://keweenawbay.org/wp-content/uploads/General-Election-11.02.2010-Statement-of-Votes-Cast.pdf,https://keweenawbay.org/wp-content/uploads/General-Election-11.02.2010-Statement-of-Votes-Cast.pdf,result_artifact_lead,pdf,30,MI,historical_or_final_results,2010,General Election 11.02.2010 Statement of Votes Cast,pdf-artifact,not_fetched,candidate,link_or_target_keyword,https://keweenawbay.org/government/departments/elections/,us_primary_election_localities.csv,,2026-10-09,false,false
discovered:6d6ea5d440e09e13,https://keweenawbay.org/wp-content/uploads/General-Election-11.03.2020-Statement-of-Votes-Cast.pdf,https://keweenawbay.org/wp-content/uploads/General-Election-11.03.2020-Statement-of-Votes-Cast.pdf,result_artifact_lead,pdf,30,MI,historical_or_final_results,2020,General Election 11.03.2020 Statement of Votes Cast,pdf-artifact,not_fetched,candidate,link_or_target_keyword,https://keweenawbay.org/government/departments/elections/,us_primary_election_localities.csv,,2026-10-09,false,false
discovered:8a04968294e82cec,https://keweenawbay.org/wp-content/uploads/General-Election-11.04.2008-Statement-of-Votes-Cast.pdf,https://keweenawbay.org/wp-content/uploads/General-Election-11.04.2008-Statement-of-Votes-Cast.pdf,result_artifact_lead,pdf,30,MI,historical_or_final_results,2008,General Election 11.04.2008 Statement of Votes Cast,pdf-artifact,not_fetched,candidate,link_or_target_keyword,https://keweenawbay.org/government/departments/elections/,us_primary_election_localities.csv,,2026-10-09,false,false
discovered:d95a09c551172721,https://keweenawbay.org/wp-content/uploads/General-Election-11.04.2014-Statement-of-Votes-Cast.pdf,https://keweenawbay.org/wp-content/uploads/General-Election-11.04.2014-Statement-of-Votes-Cast.pdf,result_artifact_lead,pdf,30,MI,historical_or_final_results,2014,General Election 11.04.2014 Statement of Votes Cast,pdf-artifact,not_fetched,candidate,link_or_target_keyword,https://keweenawbay.org/government/departments/elections/,us_primary_election_localities.csv,,2026-10-09,false,false
discovered:dffb24c67978adaf,https://keweenawbay.org/wp-content/uploads/General-Election-11.06.2012-Statement-of-Votes-Cast.pdf,https://keweenawbay.org/wp-content/uploads/General-Election-11.06.2012-Statement-of-Votes-Cast.pdf,result_artifact_lead,pdf,30,MI,historical_or_final_results,2012,General Election 11.06.2012 Statement of Votes Cast,pdf-artifact,not_fetched,candidate,link_or_target_keyword,https://keweenawbay.org/government/departments/elections/,us_primary_election_localities.csv,,2026-10-09,false,false
discovered:8e5e54746a787c52,https://keweenawbay.org/wp-content/uploads/General-Election-11.06.2018-Statement-Of-Votes-Cast.pdf,https://keweenawbay.org/wp-content/uploads/General-Election-11.06.2018-Statement-Of-Votes-Cast.pdf,result_artifact_lead,pdf,30,MI,historical_or_final_results,2018,General Election 11.06.2018 Statement Of Votes Cast,pdf-artifact,not_fetched,candidate,link_or_target_keyword,https://keweenawbay.org/government/departments/elections/,us_primary_election_localities.csv,,2026-10-09,false,false
discovered:04a4a541c6ddc1a4,https://keweenawbay.org/wp-content/uploads/General-Election-11.08.2011-Statement-of-Votes-Cast.pdf,https://keweenawbay.org/wp-content/uploads/General-Election-11.08.2011-Statement-of-Votes-Cast.pdf,result_artifact_lead,pdf,30,MI,historical_or_final_results,2011,General Election 11.08.2011 Statement of Votes Cast,pdf-artifact,not_fetched,candidate,link_or_target_keyword,https://keweenawbay.org/government/departments/elections/,us_primary_election_localities.csv,,2026-10-09,false,false
discovered:e54ab96d4a52e82d,https://keweenawbay.org/wp-content/uploads/General-Election-11.08.2016-Statement-of-Votes-Cast.pdf,https://keweenawbay.org/wp-content/uploads/General-Election-11.08.2016-Statement-of-Votes-Cast.pdf,result_artifact_lead,pdf,30,MI,historical_or_final_results,2016,General Election 11.08.2016 Statement of Votes Cast,pdf-artifact,not_fetched,candidate,link_or_target_keyword,https://keweenawbay.org/government/departments/elections/,us_primary_election_localities.csv,,2026-10-09,false,false
discovered:2676655db73ecedd,https://keweenawbay.org/wp-content/uploads/General-Election-11.08.2022-Statement-Of-Votes-Cast.pdf,https://keweenawbay.org/wp-content/uploads/General-Election-11.08.2022-Statement-Of-Votes-Cast.pdf,result_artifact_lead,pdf,30,MI,historical_or_final_results,2022,General Election 11.08.2022 Statement Of Votes Cast,pdf-artifact,not_fetched,candidate,link_or_target_keyword,https://keweenawbay.org/government/departments/elections/,us_primary_election_localities.csv,,2026-10-09,false,false
discovered:567b57b75ff6c89a,https://keweenawbay.org/wp-content/uploads/OFFICIAL-General-Election-11.05.2024-Statement-Of-Votes-Cast.pdf,https://keweenawbay.org/wp-content/uploads/OFFICIAL-General-Election-11.05.2024-Statement-Of-Votes-Cast.pdf,result_artifact_lead,pdf,30,MI,historical_or_final_results,2024,OFFICIAL General Election 11.05.2024 Statement Of Votes Cast,pdf-artifact,not_fetched,candidate,link_or_target_keyword,https://keweenawbay.org/government/departments/elections/,us_primary_election_localities.csv,,2026-10-09,false,false
discovered:3d264a8a64bdd43b,https://keweenawbay.org/wp-content/uploads/OFFICIAL-Primary-Election-08.06.2024-Statement-Of-Votes-Cast.pdf,https://keweenawbay.org/wp-content/uploads/OFFICIAL-Primary-Election-08.06.2024-Statement-Of-Votes-Cast.pdf,result_artifact_lead,pdf,30,MI,historical_or_final_results,2024,OFFICIAL Primary Election 08.06.2024 Statement Of Votes Cast,pdf-artifact,not_fetched,candidate,link_or_target_keyword,https://keweenawbay.org/government/departments/elections/,us_primary_election_localities.csv,,2026-10-09,false,false
discovered:de0b44a638f8089b,https://keweenawbay.org/wp-content/uploads/OFFICIAL-RESULTS-Primary-Election-08.04.2026-Statement-of-Votes-Cast.pdf,https://keweenawbay.org/wp-content/uploads/OFFICIAL-RESULTS-Primary-Election-08.04.2026-Statement-of-Votes-Cast.pdf,result_artifact_lead,pdf,30,MI,historical_or_final_results,2026,OFFICIAL RESULTS Primary Election 08.04.2026 Statement of Votes Cast,pdf-artifact,not_fetched,candidate,link_or_target_keyword,https://keweenawbay.org/government/departments/elections/,us_primary_election_localities.csv,,2026-10-09,false,false
discovered:88033ba32f6fd643,https://keweenawbay.org/wp-content/uploads/OFFICIAL-Special-Election-05.05.2026-Statement-of-Votes-Cast.pdf,https://keweenawbay.org/wp-content/uploads/OFFICIAL-Special-Election-05.05.2026-Statement-of-Votes-Cast.pdf,result_artifact_lead,pdf,30,MI,historical_or_final_results,2026,OFFICIAL Special Election 05.05.2026 Statement of Votes Cast,pdf-artifact,not_fetched,candidate,link_or_target_keyword,https://keweenawbay.org/government/departments/elections/,us_primary_election_localities.csv,,2026-10-09,false,false
discovered:b28e0db169753895,https://keweenawbay.org/wp-content/uploads/OFFICIAL-Special-Election-08.05.2024-Statement-of-Votes-Cast-08.12.2025.pdf,https://keweenawbay.org/wp-content/uploads/OFFICIAL-Special-Election-08.05.2024-Statement-of-Votes-Cast-08.12.2025.pdf,result_artifact_lead,pdf,30,MI,historical_or_final_results,2024 | 2025,.2025 | OFFICIAL Special Election 08.05.2024 Statement of Votes Cast 08.14,pdf-artifact,not_fetched,candidate,link_or_target_keyword,https://keweenawbay.org/government/departments/elections/,us_primary_election_localities.csv,,2026-10-09,false,false
discovered:980792f2dda7668e,https://keweenawbay.org/wp-content/uploads/Presidential-Primary-02.27.2024-Official-Statement-of-Votes-Cast.pdf,https://keweenawbay.org/wp-content/uploads/Presidential-Primary-02.27.2024-Official-Statement-of-Votes-Cast.pdf,result_artifact_lead,pdf,30,MI,historical_or_final_results,2024,Presidential Primary 02.27.2024 Official Statement of Votes Cast,pdf-artifact,not_fetched,candidate,link_or_target_keyword,https://keweenawbay.org/government/departments/elections/,us_primary_election_localities.csv,,2026-10-09,false,false
discovered:572c01798fa7e045,https://keweenawbay.org/wp-content/uploads/Presidential-Primary-02.28.2012-Statement-of-Votes-Cast.pdf,https://keweenawbay.org/wp-content/uploads/Presidential-Primary-02.28.2012-Statement-of-Votes-Cast.pdf,result_artifact_lead,pdf,30,MI,historical_or_final_results,2012,Presidential Primary 02.28.2012 Statement of Votes Cast,pdf-artifact,not_fetched,candidate,link_or_target_keyword,https://keweenawbay.org/government/departments/elections/,us_primary_election_localities.csv,,2026-10-09,false,false
discovered:d9e1af9e2bed7ac1,https://keweenawbay.org/wp-content/uploads/Presidential-Primary-03.10.2020-Statement-Of-Votes-Cast.pdf,https://keweenawbay.org/wp-content/uploads/Presidential-Primary-03.10.2020-Statement-Of-Votes-Cast.pdf,result_artifact_lead,pdf,30,MI,historical_or_final_results,2020,Presidential Primary 03.10.2020 Statement Of Votes Cast,pdf-artifact,not_fetched,candidate,link_or_target_keyword,https://keweenawbay.org/government/departments/elections/,us_primary_election_localities.csv,,2026-10-09,false,false
discovered:3df531ed6bd8fa6d,https://keweenawbay.org/wp-content/uploads/Primary-Election-08.02.2011-Statement-of-Votes-Cast.pdf,https://keweenawbay.org/wp-content/uploads/Primary-Election-08.02.2011-Statement-of-Votes-Cast.pdf,result_artifact_lead,pdf,30,MI,historical_or_final_results,2011,Primary Election 08.02.2011 Statement of Votes Cast,pdf-artifact,not_fetched,candidate,link_or_target_keyword,https://keweenawbay.org/government/departments/elections/,us_primary_election_localities.csv,,2026-10-09,false,false
discovered:2d3d22c125579e18,https://keweenawbay.org/wp-content/uploads/Primary-Election-08.02.2022-Statement-Of-Votes-Cast.pdf,https://keweenawbay.org/wp-content/uploads/Primary-Election-08.02.2022-Statement-Of-Votes-Cast.pdf,result_artifact_lead,pdf,30,MI,historical_or_final_results,2022,Primary Election 08.02.2022 Statement Of Votes Cast,pdf-artifact,not_fetched,candidate,link_or_target_keyword,https://keweenawbay.org/government/departments/elections/,us_primary_election_localities.csv,,2026-10-09,false,false
discovered:991434ad9c88b629,https://keweenawbay.org/wp-content/uploads/Primary-Election-08.03.2010-Statement-of-Votes-Cast.pdf,https://keweenawbay.org/wp-content/uploads/Primary-Election-08.03.2010-Statement-of-Votes-Cast.pdf,result_artifact_lead,pdf,30,MI,historical_or_final_results,2010,Primary Election 08.03.2010 Statement of Votes Cast,pdf-artifact,not_fetched,candidate,link_or_target_keyword,https://keweenawbay.org/government/departments/elections/,us_primary_election_localities.csv,,2026-10-09,false,false
discovered:a32f5487cbaf2242,https://keweenawbay.org/wp-content/uploads/Primary-Election-08.04.2020-Statement-Of-Votes-Cast.pdf,https://keweenawbay.org/wp-content/uploads/Primary-Election-08.04.2020-Statement-Of-Votes-Cast.pdf,result_artifact_lead,pdf,30,MI,historical_or_final_results,2020,Primary Election 08.04.2020 Statement Of Votes Cast,pdf-artifact,not_fetched,candidate,link_or_target_keyword,https://keweenawbay.org/government/departments/elections/,us_primary_election_localities.csv,,2026-10-09,false,false
discovered:eee2ddabf2404a9e,https://keweenawbay.org/wp-content/uploads/Primary-Election-08.05.2008-Statement-of-Votes-Cast-08.05.2008.pdf,https://keweenawbay.org/wp-content/uploads/Primary-Election-08.05.2008-Statement-of-Votes-Cast-08.05.2008.pdf,result_artifact_lead,pdf,30,MI,historical_or_final_results,2008,Primary Election 08.05.2008 Statement of Votes Cast,pdf-artifact,not_fetched,candidate,link_or_target_keyword,https://keweenawbay.org/government/departments/elections/,us_primary_election_localities.csv,,2026-10-09,false,false
discovered:e9c0c2ec6c84cdb8,https://keweenawbay.org/wp-content/uploads/Primary-Election-08.05.2014-Statement-of-Votes-Cast.pdf,https://keweenawbay.org/wp-content/uploads/Primary-Election-08.05.2014-Statement-of-Votes-Cast.pdf,result_artifact_lead,pdf,30,MI,historical_or_final_results,2014,Primary Election 08.05.2014 Statement of Votes Cast,pdf-artifact,not_fetched,candidate,link_or_target_keyword,https://keweenawbay.org/government/departments/elections/,us_primary_election_localities.csv,,2026-10-09,false,false
discovered:c95af7ee04c61c5e,https://keweenawbay.org/wp-content/uploads/Primary-Election-08.07.2012-Statement-of-Votes-Cast.pdf,https://keweenawbay.org/wp-content/uploads/Primary-Election-08.07.2012-Statement-of-Votes-Cast.pdf,result_artifact_lead,pdf,30,MI,historical_or_final_results,2012,Primary Election 08.07.2012 Statement of Votes Cast,pdf-artifact,not_fetched,candidate,link_or_target_keyword,https://keweenawbay.org/government/departments/elections/,us_primary_election_localities.csv,,2026-10-09,false,false
discovered:86982727e261481b,https://keweenawbay.org/wp-content/uploads/Primary-Election-08.07.2018-Statement-Of-Votes-Cast.pdf,https://keweenawbay.org/wp-content/uploads/Primary-Election-08.07.2018-Statement-Of-Votes-Cast.pdf,result_artifact_lead,pdf,30,MI,historical_or_final_results,2018,Primary Election 08.07.2018 Statement Of Votes Cast,pdf-artifact,not_fetched,candidate,link_or_target_keyword,https://keweenawbay.org/government/departments/elections/,us_primary_election_localities.csv,,2026-10-09,false,false
discovered:b0a24f968f2252b0,https://keweenawbay.org/wp-content/uploads/Special-Election-05.02.2023-Statement-Of-Votes-Cast.pdf,https://keweenawbay.org/wp-content/uploads/Special-Election-05.02.2023-Statement-Of-Votes-Cast.pdf,result_artifact_lead,pdf,30,MI,historical_or_final_results,2023,Special Election 05.02.2023 Statement Of Votes Cast,pdf-artifact,not_fetched,candidate,link_or_target_keyword,https://keweenawbay.org/government/departments/elections/,us_primary_election_localities.csv,,2026-10-09,false,false
discovered:f5a6d89da6cd25ae,https://keweenawbay.org/wp-content/uploads/Special-Election-05.03.2011-Statement-of-Votes-Cast.pdf,https://keweenawbay.org/wp-content/uploads/Special-Election-05.03.2011-Statement-of-Votes-Cast.pdf,result_artifact_lead,pdf,30,MI,historical_or_final_results,2011,Special Election 05.03.2011 Statement of Votes Cast,pdf-artifact,not_fetched,candidate,link_or_target_keyword,https://keweenawbay.org/government/departments/elections/,us_primary_election_localities.csv,,2026-10-09,false,false
discovered:7268aeddbab0e4a2,https://keweenawbay.org/wp-content/uploads/Special-Election-05.04.2010-Statement-of-Votes-Cast.pdf,https://keweenawbay.org/wp-content/uploads/Special-Election-05.04.2010-Statement-of-Votes-Cast.pdf,result_artifact_lead,pdf,30,MI,historical_or_final_results,2010,Special Election 05.04.2010 Statement of Votes Cast,pdf-artifact,not_fetched,candidate,link_or_target_keyword,https://keweenawbay.org/government/departments/elections/,us_primary_election_localities.csv,,2026-10-09,false,false
discovered:7ae0052652ac8beb,https://keweenawbay.org/wp-content/uploads/Special-Election-05.05.2015-Statement-of-Votes-Cast.pdf,https://keweenawbay.org/wp-content/uploads/Special-Election-05.05.2015-Statement-of-Votes-Cast.pdf,result_artifact_lead,pdf,30,MI,historical_or_final_results,2015,Special Election 05.05.2015 Statement of Votes Cast,pdf-artifact,not_fetched,candidate,link_or_target_keyword,https://keweenawbay.org/government/departments/elections/,us_primary_election_localities.csv,,2026-10-09,false,false
discovered:b4718a81342e76c6,https://keweenawbay.org/wp-content/uploads/Special-Election-Spurr-Township-05.03.2022-Statement-Of-Votes-Cast.pdf,https://keweenawbay.org/wp-content/uploads/Special-Election-Spurr-Township-05.03.2022-Statement-Of-Votes-Cast.pdf,result_artifact_lead,pdf,30,MI,historical_or_final_results,2022,Special Election – Spurr Township 05.03.2022 Statement Of Votes Cast,pdf-artifact,not_fetched,candidate,link_or_target_keyword,https://keweenawbay.org/government/departments/elections/,us_primary_election_localities.csv,,2026-10-09,false,false
discovered:8dff1bf231a85fe8,https://sos.nebraska.gov/sites/default/files/doc/elections/2026/2026_Primary_Canvass_Book.pdf,https://sos.nebraska.gov/sites/default/files/doc/elections/2026/2026_Primary_Canvass_Book.pdf,result_artifact_lead,pdf,30,NE,state_election_authority,2026,Primary Election Official Results,pdf-artifact,not_fetched,candidate,link_or_target_keyword,https://sos.nebraska.gov/elections,us_state_central_authority_sources.csv,,2026-10-09,false,false
discovered:2fb104d4d8c3bd82,https://sos.wyo.gov/Elections/Docs/2026/Results/Primary/2026_Primary_State_Canvassing_Board_Minutes.pdf,https://sos.wyo.gov/Elections/Docs/2026/Results/Primary/2026_Primary_State_Canvassing_Board_Minutes.pdf,result_artifact_lead,pdf,30,WY,statewide_results_lead,2026,2026 Primary State Canvassing Board Minutes and Certification,pdf-artifact,not_fetched,candidate,link_or_target_keyword,https://sos.wyo.gov/Elections/Docs/2026/2026PrimaryResults.aspx,first_pass_state_result_surfaces.csv,,2026-10-09,false,false
discovered:c65c520b667e1338,https://sos.wyo.gov/Elections/Docs/2026/Results/Primary/2026_Wyoming_Primary_Election_Results.pdf,https://sos.wyo.gov/Elections/Docs/2026/Results/Primary/2026_Wyoming_Primary_Election_Results.pdf,result_artifact_lead,pdf,30,WY,statewide_results_lead,2026,Wyoming Primary Election Results,pdf-artifact,not_fetched,candidate,link_or_target_keyword,https://sos.wyo.gov/Elections/Docs/2026/2026PrimaryResults.aspx,first_pass_state_result_surfaces.csv,,2026-10-09,false,false
discovered:0e4e8384ae95ed98,https://sosmt.gov/Portals/142/Elections/Documents/2018-ReportStateCanvassLegislativeRecount.pdf,https://sosmt.gov/Portals/142/Elections/Documents/2018-ReportStateCanvassLegislativeRecount.pdf,result_artifact_lead,pdf,30,MT,statewide_results_lead,2018,Legislative Recounts,pdf-artifact,not_fetched,candidate,link_or_target_keyword,https://sosmt.gov/elections/results/,first_pass_state_result_surfaces.csv,,2026-10-09,false,false
discovered:d9dd5fbccc242d04,https://sosmt.gov/Portals/142/Elections/Documents/2018-ReportStateRecountCanvass.pdf,https://sosmt.gov/Portals/142/Elections/Documents/2018-ReportStateRecountCanvass.pdf,result_artifact_lead,pdf,30,MT,statewide_results_lead,2018,Statewide Recounts,pdf-artifact,not_fetched,candidate,link_or_target_keyword,https://sosmt.gov/elections/results/,first_pass_state_result_surfaces.csv,,2026-10-09,false,false
discovered:60c0c9852e19128b,https://sosmt.gov/wp-content/uploads/2018-Primary-HD-Official-Canvass.pdf,https://sosmt.gov/wp-content/uploads/2018-Primary-HD-Official-Canvass.pdf,result_artifact_lead,pdf,30,MT,statewide_results_lead,2018,Statewide by HD,pdf-artifact,not_fetched,candidate,link_or_target_keyword,https://sosmt.gov/elections/results/,first_pass_state_result_surfaces.csv,,2026-10-09,false,false
discovered:25d28e08ab4ab25c,https://sosmt.gov/wp-content/uploads/2018-Primary-Official-Legislative-Canvass.pdf,https://sosmt.gov/wp-content/uploads/2018-Primary-Official-Legislative-Canvass.pdf,result_artifact_lead,pdf,30,MT,statewide_results_lead,2018,Legislative,pdf-artifact,not_fetched,candidate,link_or_target_keyword,https://sosmt.gov/elections/results/,first_pass_state_result_surfaces.csv,,2026-10-09,false,false
discovered:11aabd82a3b14f9c,https://sosmt.gov/wp-content/uploads/2018-Primary-Official-Statewide-Canvass.pdf,https://sosmt.gov/wp-content/uploads/2018-Primary-Official-Statewide-Canvass.pdf,result_artifact_lead,pdf,30,MT,statewide_results_lead,2018,Statewide,pdf-artifact,not_fetched,candidate,link_or_target_keyword,https://sosmt.gov/elections/results/,first_pass_state_result_surfaces.csv,,2026-10-09,false,false
discovered:7da6d971516d28ab,https://sosmt.gov/wp-content/uploads/2018-Primary-State-Canvass-WriteIns.pdf,https://sosmt.gov/wp-content/uploads/2018-Primary-State-Canvass-WriteIns.pdf,result_artifact_lead,pdf,30,MT,statewide_results_lead,2018,Write-in,pdf-artifact,not_fetched,candidate,link_or_target_keyword,https://sosmt.gov/elections/results/,first_pass_state_result_surfaces.csv,,2026-10-09,false,false
discovered:b3dd7c8455666c49,https://sosmt.gov/wp-content/uploads/2020PrimaryReportStateCanvass.pdf,https://sosmt.gov/wp-content/uploads/2020PrimaryReportStateCanvass.pdf,result_artifact_lead,pdf,30,MT,statewide_results_lead,2020,Statewide,pdf-artifact,not_fetched,candidate,link_or_target_keyword,https://sosmt.gov/elections/results/,first_pass_state_result_surfaces.csv,,2026-10-09,false,false
discovered:e34524440bff9b7d,https://sosmt.gov/wp-content/uploads/2020PrimaryReportStateCanvassLegislative.pdf,https://sosmt.gov/wp-content/uploads/2020PrimaryReportStateCanvassLegislative.pdf,result_artifact_lead,pdf,30,MT,statewide_results_lead,2020,Legislative,pdf-artifact,not_fetched,candidate,link_or_target_keyword,https://sosmt.gov/elections/results/,first_pass_state_result_surfaces.csv,,2026-10-09,false,false
discovered:33f9407ea0b11d5a,https://sosmt.gov/wp-content/uploads/2020PrimaryReportStateCanvassWritein.pdf,https://sosmt.gov/wp-content/uploads/2020PrimaryReportStateCanvassWritein.pdf,result_artifact_lead,pdf,30,MT,statewide_results_lead,2020,Write-in,pdf-artifact,not_fetched,candidate,link_or_target_keyword,https://sosmt.gov/elections/results/,first_pass_state_result_surfaces.csv,,2026-10-09,false,false
discovered:1cc41879b2e1ce59,https://sosmt.gov/wp-content/uploads/2020PrimaryReportStateCanvassbyHD.pdf,https://sosmt.gov/wp-content/uploads/2020PrimaryReportStateCanvassbyHD.pdf,result_artifact_lead,pdf,30,MT,statewide_results_lead,2020,Statewide by HD,pdf-artifact,not_fetched,candidate,link_or_target_keyword,https://sosmt.gov/elections/results/,first_pass_state_result_surfaces.csv,,2026-10-09,false,false
discovered:f1a96ab31135b795,https://sosmt.gov/wp-content/uploads/State_Canvass_Legislative.pdf,https://sosmt.gov/wp-content/uploads/State_Canvass_Legislative.pdf,result_artifact_lead,pdf,30,MT,statewide_results_lead,,Legislative,pdf-artifact,not_fetched,candidate,link_or_target_keyword,https://sosmt.gov/elections/results/,first_pass_state_result_surfaces.csv,,2026-10-09,false,false
discovered:a688eadb38c7a59f,https://sosmt.gov/wp-content/uploads/State_Canvass_Report.pdf,https://sosmt.gov/wp-content/uploads/State_Canvass_Report.pdf,result_artifact_lead,pdf,30,MT,statewide_results_lead,,Statewide,pdf-artifact,not_fetched,candidate,link_or_target_keyword,https://sosmt.gov/elections/results/,first_pass_state_result_surfaces.csv,,2026-10-09,false,false
discovered:223c88ce9a69d439,https://sosmt.gov/wp-content/uploads/State_Canvass_Writein_by_County.pdf,https://sosmt.gov/wp-content/uploads/State_Canvass_Writein_by_County.pdf,result_artifact_lead,pdf,30,MT,statewide_results_lead,,Write-in,pdf-artifact,not_fetched,candidate,link_or_target_keyword,https://sosmt.gov/elections/results/,first_pass_state_result_surfaces.csv,,2026-10-09,false,false
discovered:17dacba273d9712e,https://sosmt.gov/wp-content/uploads/State_Canvass_by_HD.pdf,https://sosmt.gov/wp-content/uploads/State_Canvass_by_HD.pdf,result_artifact_lead,pdf,30,MT,statewide_results_lead,,Statewide by HD,pdf-artifact,not_fetched,candidate,link_or_target_keyword,https://sosmt.gov/elections/results/,first_pass_state_result_surfaces.csv,,2026-10-09,false,false
discovered:d8cfd30c7f971ddc,https://sosmt.gov/wp-content/uploads/attachments/2012_PRIMARY_LEGISLATIVE_CANVASS.PDF,https://sosmt.gov/wp-content/uploads/attachments/2012_PRIMARY_LEGISLATIVE_CANVASS.PDF,result_artifact_lead,pdf,30,MT,statewide_results_lead,2012,Legislative,pdf-artifact,not_fetched,candidate,link_or_target_keyword,https://sosmt.gov/elections/results/,first_pass_state_result_surfaces.csv,,2026-10-09,false,false
discovered:5bde1ddd62f77b8c,https://sosmt.gov/wp-content/uploads/attachments/2012_PRIMARY_STATEWIDE_CANVASS.PDF,https://sosmt.gov/wp-content/uploads/attachments/2012_PRIMARY_STATEWIDE_CANVASS.PDF,result_artifact_lead,pdf,30,MT,statewide_results_lead,2012,Statewide,pdf-artifact,not_fetched,candidate,link_or_target_keyword,https://sosmt.gov/elections/results/,first_pass_state_result_surfaces.csv,,2026-10-09,false,false
discovered:1ed67ae44f5b46b7,https://www.chippewacountymi.gov/_files/ugd/5e36fe_e0490c7029044d3585cf49d4bc1dde96.pdf,https://www.chippewacountymi.gov/_files/ugd/5e36fe_e0490c7029044d3585cf49d4bc1dde96.pdf,result_artifact_lead,pdf,30,MI,historical_or_final_results,,Official August 4th Election - Statement of Votes Cast,pdf-artifact,not_fetched,candidate,link_or_target_keyword,https://www.chippewacountymi.gov/,us_primary_election_localities.csv,,2026-10-09,false,false
discovered:4a510d46355af6c3,https://www.schoolcraftcounty.net/media/usercontent/Nov '22 Statement of Votes.pdf,https://www.schoolcraftcounty.net/media/usercontent/Nov '22 Statement of Votes.pdf,result_artifact_lead,pdf,30,MI,historical_or_final_results,2022,"November 8, 2022 - General Election Results",pdf-artifact,not_fetched,candidate,link_or_target_keyword,https://www.schoolcraftcounty.net/,us_primary_election_localities.csv,,2026-10-09,false,false
discovered:b2bf2b1cb5ef4858,https://www.schoolcraftcounty.net/media/usercontent/Statement of Votes (all)3.pdf,https://www.schoolcraftcounty.net/media/usercontent/Statement of Votes (all)3.pdf,result_artifact_lead,pdf,30,MI,historical_or_final_results,2022,"August 2, 2022 - Primary Results",pdf-artifact,not_fetched,candidate,link_or_target_keyword,https://www.schoolcraftcounty.net/,us_primary_election_localities.csv,,2026-10-09,false,false
discovered:afe7ac4b5e435720,https://www.schoolcraftcounty.net/media/usercontent/Statement of Votes Cast - Certified.pdf,https://www.schoolcraftcounty.net/media/usercontent/Statement of Votes Cast - Certified.pdf,result_artifact_lead,pdf,30,MI,historical_or_final_results,2023,"November 7, 2023 - General Election Results",pdf-artifact,not_fetched,candidate,link_or_target_keyword,https://www.schoolcraftcounty.net/,us_primary_election_localities.csv,,2026-10-09,false,false
discovered:e7bc27c43bc889e0,https://www.schoolcraftcounty.net/media/usercontent/Statement of Votes County Wide.pdf,https://www.schoolcraftcounty.net/media/usercontent/Statement of Votes County Wide.pdf,result_artifact_lead,pdf,30,MI,historical_or_final_results,2020,"November 3, 2020 General Election Results",pdf-artifact,not_fetched,candidate,link_or_target_keyword,https://www.schoolcraftcounty.net/,us_primary_election_localities.csv,,2026-10-09,false,false
discovered:c74d5078011c4061,https://www.schoolcraftcounty.net/media/usercontent/StatementOfVotesCastRPT Unofficial1.pdf,https://www.schoolcraftcounty.net/media/usercontent/StatementOfVotesCastRPT Unofficial1.pdf,result_artifact_lead,pdf,30,MI,historical_or_final_results,2024,"February 27, 2024 - Unofficial Election Results",pdf-artifact,not_fetched,candidate,link_or_target_keyword,https://www.schoolcraftcounty.net/,us_primary_election_localities.csv,,2026-10-09,false,false
discovered:01746fb3be12b917,https://www.sos.alabama.gov/sites/default/files/election-2026/State%20Canvassing%20-%20Constitutional%20Amendments.pdf,https://www.sos.alabama.gov/sites/default/files/election-2026/State%20Canvassing%20-%20Constitutional%20Amendments.pdf,result_artifact_lead,pdf,30,AL,statewide_results_lead,2026,State Certification of Constitutional Amendments,pdf-artifact,not_fetched,candidate,link_or_target_keyword,https://www.sos.alabama.gov/alabama-votes/voter/election-information/2026,first_pass_state_result_surfaces.csv,,2026-10-09,false,false
discovered:bc9e0d190887382f,https://www.sos.alabama.gov/sites/default/files/election-2026/State%20Certification%20of%20General%20Election%20Results.pdf,https://www.sos.alabama.gov/sites/default/files/election-2026/State%20Certification%20of%20General%20Election%20Results.pdf,result_artifact_lead,pdf,30,AL,statewide_results_lead,2026,State Certification of General Election Results,pdf-artifact,not_fetched,candidate,link_or_target_keyword,https://www.sos.alabama.gov/alabama-votes/voter/election-information/2026,first_pass_state_result_surfaces.csv,,2026-10-09,false,false
discovered:b84f7dc24fb7f7cb,https://www.sos.alabama.gov/sites/default/files/election-2026/StateCertificationofGeneralElectionResults-HD-63.pdf,https://www.sos.alabama.gov/sites/default/files/election-2026/StateCertificationofGeneralElectionResults-HD-63.pdf,result_artifact_lead,pdf,30,AL,statewide_results_lead,2026,State Certification of General Election Results,pdf-artifact,not_fetched,candidate,link_or_target_keyword,https://www.sos.alabama.gov/alabama-votes/voter/election-information/2026,first_pass_state_result_surfaces.csv,,2026-10-09,false,false
discovered:228cc9ac81c3e3bf,https://www.sos.wa.gov/sites/default/files/2022-06/canvassing%20board%20handbook%2002.2022.pdf,https://www.sos.wa.gov/sites/default/files/2022-06/canvassing%20board%20handbook%2002.2022.pdf,result_artifact_lead,pdf,30,WA,state_election_authority | statewide_results_lead,2002 | 2022,Introduction to County Canvassing Boards,pdf-artifact,not_fetched,candidate,link_or_target_keyword,https://www.sos.wa.gov/elections | https://www.sos.wa.gov/elections/data-research/election-data-and-maps/election-results-and-voters-pamphlets,first_pass_state_result_surfaces.csv | us_state_central_authority_sources.csv,,2026-10-09,false,false
discovered:edd63b65cf7e9ebb,https://www.tuscolacounty.org/doc/11-5-26 Canvass Meeting Notice.pdf,https://www.tuscolacounty.org/doc/11-5-26 Canvass Meeting Notice.pdf,result_artifact_lead,pdf,30,MI,historical_or_final_results,2026,2026-11-05 Tuscola County Board of Canvassers Meeting,pdf-artifact,not_fetched,candidate,link_or_target_keyword,https://www.tuscolacounty.org/,us_primary_election_localities.csv,,2026-10-09,false,false
discovered:3780cffac56ecceb,https://azsos.gov/sitemap.xml,https://azsos.gov/sitemap.xml,result_artifact_lead,tabular_download,15,AZ,state_election_authority,,Sitemap,tabular-artifact,not_fetched,candidate,parent_results_page,https://azsos.gov/elections/about-elections/county-election-contact-info | https://azsos.gov/events/official-statewide-canvass-november-3-2026-general/921,us_state_central_authority_sources.csv,,2026-10-09,false,false
discovered:4e005de55ce5387f,https://dcboe.org/getmedia/00b92b96-6d12-4140-a0f1-5d9270f43eac/Primary_08_Certified_Results_Ward_1.xls,https://dcboe.org/getmedia/00b92b96-6d12-4140-a0f1-5d9270f43eac/Primary_08_Certified_Results_Ward_1.xls,result_artifact_lead,tabular_download,15,DC,state_election_authority,,Ward Results (135.50 KB),tabular-artifact,not_fetched,candidate,parent_results_page,https://dcboe.org/elections/election-results-archives,us_state_central_authority_sources.csv,,2026-10-09,false,false
discovered:c1b7bc07840d7bb4,https://dcboe.org/getmedia/0f7730fd-b0ae-4a58-ae65-4df63ab45097/General_08_Certified_Results_Summary_1.xls,https://dcboe.org/getmedia/0f7730fd-b0ae-4a58-ae65-4df63ab45097/General_08_Certified_Results_Summary_1.xls,result_artifact_lead,tabular_download,15,DC,state_election_authority,,City-Wide Results (175.00 KB),tabular-artifact,not_fetched,candidate,parent_results_page,https://dcboe.org/elections/election-results-archives,us_state_central_authority_sources.csv,,2026-10-09,false,false
discovered:23e8aa4421577315,https://dcboe.org/getmedia/14339945-e070-4c74-84f0-331138b6a102/Primary_08_Certified_Results_Summary_1.xls,https://dcboe.org/getmedia/14339945-e070-4c74-84f0-331138b6a102/Primary_08_Certified_Results_Summary_1.xls,result_artifact_lead,tabular_download,15,DC,state_election_authority,,City-Wide Results (50.50 KB),tabular-artifact,not_fetched,candidate,parent_results_page,https://dcboe.org/elections/election-results-archives,us_state_central_authority_sources.csv,,2026-10-09,false,false
discovered:84ac0ee61472c91e,https://dcboe.org/getmedia/b78666ca-276d-4fb0-b439-6761137df52b/General_08_Certified_Results_Precinct.xls,https://dcboe.org/getmedia/b78666ca-276d-4fb0-b439-6761137df52b/General_08_Certified_Results_Precinct.xls,result_artifact_lead,tabular_download,15,DC,state_election_authority,,Precinct Results (952.00 KB),tabular-artifact,not_fetched,candidate,parent_results_page,https://dcboe.org/elections/election-results-archives,us_state_central_authority_sources.csv,,2026-10-09,false,false
discovered:45d742e1c6815249,https://dcboe.org/getmedia/ce0784fe-accf-4c0c-892f-85f042b849b5/Primary_08_Certified_Results_Precinct_1.xls,https://dcboe.org/getmedia/ce0784fe-accf-4c0c-892f-85f042b849b5/Primary_08_Certified_Results_Precinct_1.xls,result_artifact_lead,tabular_download,15,DC,state_election_authority,,"Precinct Results (1,956.00 KB)",tabular-artifact,not_fetched,candidate,parent_results_page,https://dcboe.org/elections/election-results-archives,us_state_central_authority_sources.csv,,2026-10-09,false,false
discovered:65218c43e48f12c9,https://dcboe.org/getmedia/f3f93b38-1e15-4c4b-9e88-537667a8a7a3/General_08_Certified_Results_Ward_1.xls,https://dcboe.org/getmedia/f3f93b38-1e15-4c4b-9e88-537667a8a7a3/General_08_Certified_Results_Ward_1.xls,result_artifact_lead,tabular_download,15,DC,state_election_authority,,Ward Results (190.00 KB),tabular-artifact,not_fetched,candidate,parent_results_page,https://dcboe.org/elections/election-results-archives,us_state_central_authority_sources.csv,,2026-10-09,false,false
discovered:753b955df609d9d5,http://alconacountyfair.com/wp-content/uploads/2014/04/2011-FLYER.pdf,http://alconacountyfair.com/wp-content/uploads/2014/04/2011-FLYER.pdf,result_artifact_lead,pdf,10,MI,historical_or_final_results,2011 | 2014,Alcona Recycling,pdf-artifact,not_fetched,candidate,parent_results_page,https://alconacountymi.com/home/county-clerk/election-results/,us_primary_election_localities.csv,,2026-10-09,false,false
discovered:0f913e6351b59e46,http://alconacountymi.com/wp-content/uploads/2015/07/2014-Precinct-Rep-Delegates-Elected-Certification.pdf,http://alconacountymi.com/wp-content/uploads/2015/07/2014-Precinct-Rep-Delegates-Elected-Certification.pdf,result_artifact_lead,pdf,10,MI,historical_or_final_results,2014 | 2015,2014 Republican Precinct Delegates Elected,pdf-artifact,not_fetched,candidate,parent_results_page,https://alconacountymi.com/home/county-clerk/election-results/,us_primary_election_localities.csv,,2026-10-09,false,false
discovered:6956e23b404ad50a,http://alconacountymi.com/wp-content/uploads/2015/07/2016-Democratic-Precinct-Delegates-Elected.pdf,http://alconacountymi.com/wp-content/uploads/2015/07/2016-Democratic-Precinct-Delegates-Elected.pdf,result_artifact_lead,pdf,10,MI,historical_or_final_results,2015 | 2016,2016 Democratic Precinct Delegates Elected,pdf-artifact,not_fetched,candidate,parent_results_page,https://alconacountymi.com/home/county-clerk/election-results/,us_primary_election_localities.csv,,2026-10-09,false,false
discovered:4edd602382ca0e05,http://alconacountymi.com/wp-content/uploads/2015/07/2016-Republican-Precinct-Delegates-Elected-1-1.pdf,http://alconacountymi.com/wp-content/uploads/2015/07/2016-Republican-Precinct-Delegates-Elected-1-1.pdf,result_artifact_lead,pdf,10,MI,historical_or_final_results,2015 | 2016,2016 Republican Precinct Delegates Elected,pdf-artifact,not_fetched,candidate,parent_results_page,https://alconacountymi.com/home/county-clerk/election-results/,us_primary_election_localities.csv,,2026-10-09,false,false
discovered:be6f5cc721a7ea27,http://alconacountymi.com/wp-content/uploads/2015/07/May_3__2011_Election_-_Alcona_Community_Schools.pdf,http://alconacountymi.com/wp-content/uploads/2015/07/May_3__2011_Election_-_Alcona_Community_Schools.pdf,result_artifact_lead,pdf,10,MI,historical_or_final_results,2011 | 2015,"May 3, 2011 Election - Alcona Community School District",pdf-artifact,not_fetched,candidate,parent_results_page,https://alconacountymi.com/home/county-clerk/election-results/,us_primary_election_localities.csv,,2026-10-09,false,false
discovered:6210df17cae5a694,http://alconacountymi.com/wp-content/uploads/2015/07/prim2016-1.pdf,http://alconacountymi.com/wp-content/uploads/2015/07/prim2016-1.pdf,result_artifact_lead,pdf,10,MI,historical_or_final_results,2015 | 2016,,pdf-artifact,not_fetched,candidate,parent_results_page,https://alconacountymi.com/home/county-clerk/election-results/,us_primary_election_localities.csv,,2026-10-09,false,false
discovered:b41c9fa1dba2cf4d,http://alconacountymi.com/wp-content/uploads/2015/07/primarytown2016.pdf,http://alconacountymi.com/wp-content/uploads/2015/07/primarytown2016.pdf,result_artifact_lead,pdf,10,MI,historical_or_final_results,2015 | 2016,2016 Township and City Results,pdf-artifact,not_fetched,candidate,parent_results_page,https://alconacountymi.com/home/county-clerk/election-results/,us_primary_election_localities.csv,,2026-10-09,false,false
discovered:298283ec7abdd758,http://alconacountymi.com/wp-content/uploads/2016/03/presidentialprimary.pdf,http://alconacountymi.com/wp-content/uploads/2016/03/presidentialprimary.pdf,result_artifact_lead,pdf,10,MI,historical_or_final_results,2016,2016 Presidential Primary Results for Alcona County,pdf-artifact,not_fetched,candidate,parent_results_page,https://alconacountymi.com/home/county-clerk/election-results/,us_primary_election_localities.csv,,2026-10-09,false,false
discovered:8e9f83cee85bf7eb,http://alconacountymi.com/wp-content/uploads/2018/08/2018-Precint-Delegates-Dem.pdf,http://alconacountymi.com/wp-content/uploads/2018/08/2018-Precint-Delegates-Dem.pdf,result_artifact_lead,pdf,10,MI,historical_or_final_results,2018,2018 Democratic Precinct Delegates,pdf-artifact,not_fetched,candidate,parent_results_page,https://alconacountymi.com/home/county-clerk/election-results/,us_primary_election_localities.csv,,2026-10-09,false,false
discovered:561e5d10ba320de8,http://alconacountymi.com/wp-content/uploads/2018/08/2018-Republican-Precinct-Delegates-Elected-1.pdf,http://alconacountymi.com/wp-content/uploads/2018/08/2018-Republican-Precinct-Delegates-Elected-1.pdf,result_artifact_lead,pdf,10,MI,historical_or_final_results,2018,2018 Republican Precinct Delegates,pdf-artifact,not_fetched,candidate,parent_results_page,https://alconacountymi.com/home/county-clerk/election-results/,us_primary_election_localities.csv,,2026-10-09,false,false
discovered:c7705a075edfd47e,http://alconacountymi.com/wp-content/uploads/2018/08/Primary-2018-spreadsheet12.pdf,http://alconacountymi.com/wp-content/uploads/2018/08/Primary-2018-spreadsheet12.pdf,result_artifact_lead,pdf,10,MI,historical_or_final_results,2018,2018 Primary Elections Results,pdf-artifact,not_fetched,candidate,parent_results_page,https://alconacountymi.com/home/county-clerk/election-results/,us_primary_election_localities.csv,,2026-10-09,false,false
discovered:7f062a29f2c23e86,http://alconacountymi.com/wp-content/uploads/2020/03/2020-Presidential-Primary-working-copy.pdf,http://alconacountymi.com/wp-content/uploads/2020/03/2020-Presidential-Primary-working-copy.pdf,result_artifact_lead,pdf,10,MI,historical_or_final_results,2020,2020 Presidential Primary Results,pdf-artifact,not_fetched,candidate,parent_results_page,https://alconacountymi.com/home/county-clerk/election-results/,us_primary_election_localities.csv,,2026-10-09,false,false
discovered:65f757af1a9bf5ab,http://alconacountymi.com/wp-content/uploads/2020/08/Copy-of-Primary-Spreadsheet1.pdf,http://alconacountymi.com/wp-content/uploads/2020/08/Copy-of-Primary-Spreadsheet1.pdf,result_artifact_lead,pdf,10,MI,historical_or_final_results,2020,2020 August Primary Results,pdf-artifact,not_fetched,candidate,parent_results_page,https://alconacountymi.com/home/county-clerk/election-results/,us_primary_election_localities.csv,,2026-10-09,false,false
discovered:7fdf0d2047c940ee,http://alconacountymi.com/wp-content/uploads/2022/08/2022-Primary-Spreadsheetofficalfinal.pdf,http://alconacountymi.com/wp-content/uploads/2022/08/2022-Primary-Spreadsheetofficalfinal.pdf,result_artifact_lead,pdf,10,MI,historical_or_final_results,2022,2022 August Primary Results,pdf-artifact,not_fetched,candidate,parent_results_page,https://alconacountymi.com/home/county-clerk/election-results/,us_primary_election_localities.csv,,2026-10-09,false,false
discovered:138f30f9bd7cba44,http://alconacountymi.com/wp-content/uploads/2024/02/2024-Presidential-Primary-2.pdf,http://alconacountymi.com/wp-content/uploads/2024/02/2024-Presidential-Primary-2.pdf,result_artifact_lead,pdf,10,MI,historical_or_final_results,2024,2024 Presidential Primary,pdf-artifact,not_fetched,candidate,parent_results_page,https://alconacountymi.com/home/county-clerk/election-results/,us_primary_election_localities.csv,,2026-10-09,false,false
discovered:6d6a206bd3129f7e,https://alconacountymi.com/wp-content/uploads/2024/08/2024-Primary-Results-Spreadsheet-002.pdf,https://alconacountymi.com/wp-content/uploads/2024/08/2024-Primary-Results-Spreadsheet-002.pdf,result_artifact_lead,pdf,10,MI,historical_or_final_results,2024,2024 August Primary,pdf-artifact,not_fetched,candidate,parent_results_page,https://alconacountymi.com/home/county-clerk/election-results/,us_primary_election_localities.csv,,2026-10-09,false,false
discovered:aef302642e6ba705,https://alconacountymi.com/wp-content/uploads/2025/09/County-Directory-2025.pdf,https://alconacountymi.com/wp-content/uploads/2025/09/County-Directory-2025.pdf,result_artifact_lead,pdf,10,MI,historical_or_final_results,2025,County Directory,pdf-artifact,not_fetched,candidate,parent_results_page,https://alconacountymi.com/home/county-clerk/election-results/,us_primary_election_localities.csv,,2026-10-09,false,false
discovered:b9d774ccac8311dc,https://alconacountymi.com/wp-content/uploads/2026/08/Delegates.pdf,https://alconacountymi.com/wp-content/uploads/2026/08/Delegates.pdf,result_artifact_lead,pdf,10,MI,historical_or_final_results,2026,Delegates,pdf-artifact,not_fetched,candidate,parent_results_page,https://alconacountymi.com/home/county-clerk/election-results/,us_primary_election_localities.csv,,2026-10-09,false,false
discovered:a639bc188b9f97ad,https://alconacountymi.com/wp-content/uploads/2026/09/2026-Primary-Spreadsheet.pdf,https://alconacountymi.com/wp-content/uploads/2026/09/2026-Primary-Spreadsheet.pdf,result_artifact_lead,pdf,10,MI,historical_or_final_results,2026,2026 August Primary Results,pdf-artifact,not_fetched,candidate,parent_results_page,https://alconacountymi.com/home/county-clerk/election-results/,us_primary_election_localities.csv,,2026-10-09,false,false
discovered:f15e4f7002f3dfeb,https://dcboe.org/getmedia/06c6cb82-de7e-4c64-bc82-8c0bd4ec2671/1993_spec_elec_results.pdf,https://dcboe.org/getmedia/06c6cb82-de7e-4c64-bc82-8c0bd4ec2671/1993_spec_elec_results.pdf,result_artifact_lead,pdf,10,DC,state_election_authority,1993,September 14 Special Election for Chairman of the D.C. Council and Initiative No. 37,pdf-artifact,not_fetched,candidate,parent_results_page,https://dcboe.org/elections/election-results-archives,us_state_central_authority_sources.csv,,2026-10-09,false,false
discovered:649a5050e35781c0,https://dcboe.org/getmedia/18a16ebf-370a-4193-bc42-c00d1b8fdd41/Ward_Report_Nov2.pdf,https://dcboe.org/getmedia/18a16ebf-370a-4193-bc42-c00d1b8fdd41/Ward_Report_Nov2.pdf,result_artifact_lead,pdf,10,DC,state_election_authority,,Ward Report,pdf-artifact,not_fetched,candidate,parent_results_page,https://dcboe.org/elections/election-results-archives,us_state_central_authority_sources.csv,,2026-10-09,false,false
discovered:b321bd009c7d8d89,https://dcboe.org/getmedia/264735e4-95df-42ed-b642-85c10e0b00d0/pn_111.pdf,https://dcboe.org/getmedia/264735e4-95df-42ed-b642-85c10e0b00d0/pn_111.pdf,result_artifact_lead,pdf,10,DC,state_election_authority,,Summary Report,pdf-artifact,not_fetched,candidate,parent_results_page,https://dcboe.org/elections/election-results-archives,us_state_central_authority_sources.csv,,2026-10-09,false,false
discovered:ec3b87b334457e01,https://dcboe.org/getmedia/2e82b9f2-5338-4375-93a3-5ba7b5ff53e5/Precinct_General_2006.pdf,https://dcboe.org/getmedia/2e82b9f2-5338-4375-93a3-5ba7b5ff53e5/Precinct_General_2006.pdf,result_artifact_lead,pdf,10,DC,state_election_authority,2006,Precinct Report,pdf-artifact,not_fetched,candidate,parent_results_page,https://dcboe.org/elections/election-results-archives,us_state_central_authority_sources.csv,,2026-10-09,false,false
discovered:34030945af0658bc,https://dcboe.org/getmedia/31dd5a69-abee-4f29-9fad-d7b7d0a5635a/ey2004_presprimary_summary.pdf,https://dcboe.org/getmedia/31dd5a69-abee-4f29-9fad-d7b7d0a5635a/ey2004_presprimary_summary.pdf,result_artifact_lead,pdf,10,DC,state_election_authority,2004,Summary Report,pdf-artifact,not_fetched,candidate,parent_results_page,https://dcboe.org/elections/election-results-archives,us_state_central_authority_sources.csv,,2026-10-09,false,false
discovered:60669c2ce86f3d68,https://dcboe.org/getmedia/3a94eb40-f90f-48ff-9013-ee38f80599aa/Primary_08_Certified_Results_Precinct_1.pdf,https://dcboe.org/getmedia/3a94eb40-f90f-48ff-9013-ee38f80599aa/Primary_08_Certified_Results_Precinct_1.pdf,result_artifact_lead,pdf,10,DC,state_election_authority,,Precincts Results (727.95 KB),pdf-artifact,not_fetched,candidate,parent_results_page,https://dcboe.org/elections/election-results-archives,us_state_central_authority_sources.csv,,2026-10-09,false,false
discovered:a682a493625ef3cd,https://dcboe.org/getmedia/436ba7e9-8f14-4256-9eee-2212d7dae5cc/CancelVoterRegistrationCard.pdf,https://dcboe.org/getmedia/436ba7e9-8f14-4256-9eee-2212d7dae5cc/CancelVoterRegistrationCard.pdf,result_artifact_lead,pdf,10,DC,state_election_authority,,Request to Cancel Voter Registration,pdf-artifact,not_fetched,candidate,parent_results_page,https://dcboe.org/voters/register-to-vote/canvass-card,us_state_central_authority_sources.csv,,2026-10-09,false,false
discovered:d1aa7c0ae11569d7,https://dcboe.org/getmedia/484b4c35-211e-425b-b225-b7c85d1cb721/1996_summary_report.pdf,https://dcboe.org/getmedia/484b4c35-211e-425b-b225-b7c85d1cb721/1996_summary_report.pdf,result_artifact_lead,pdf,10,DC,state_election_authority,1996,Summary Report,pdf-artifact,not_fetched,candidate,parent_results_page,https://dcboe.org/elections/election-results-archives,us_state_central_authority_sources.csv,,2026-10-09,false,false
discovered:594c4f76663553a9,https://dcboe.org/getmedia/582f351e-3cbb-41ec-8c2d-ed3374aed95d/Primary_08_Certified_Results_Ward_1.pdf,https://dcboe.org/getmedia/582f351e-3cbb-41ec-8c2d-ed3374aed95d/Primary_08_Certified_Results_Ward_1.pdf,result_artifact_lead,pdf,10,DC,state_election_authority,,Ward Results (72.64 KB),pdf-artifact,not_fetched,candidate,parent_results_page,https://dcboe.org/elections/election-results-archives,us_state_central_authority_sources.csv,,2026-10-09,false,false
discovered:aba1c1ff331d39e2,https://dcboe.org/getmedia/5b44a43a-b7f4-4848-98ad-3bcaed1c27db/pn_126.pdf,https://dcboe.org/getmedia/5b44a43a-b7f4-4848-98ad-3bcaed1c27db/pn_126.pdf,result_artifact_lead,pdf,10,DC,state_election_authority,,August 21 Special Election for District I Member of the Board of Education,pdf-artifact,not_fetched,candidate,parent_results_page,https://dcboe.org/elections/election-results-archives,us_state_central_authority_sources.csv,,2026-10-09,false,false
discovered:2330ba00cb0c5e9e,https://dcboe.org/getmedia/6153710a-6338-440a-a10e-bf8bf84ce43d/Ward8_results_1995.pdf,https://dcboe.org/getmedia/6153710a-6338-440a-a10e-bf8bf84ce43d/Ward8_results_1995.pdf,result_artifact_lead,pdf,10,DC,state_election_authority,1995,May 12 Special Election for Ward 8 Member of the Council,pdf-artifact,not_fetched,candidate,parent_results_page,https://dcboe.org/elections/election-results-archives,us_state_central_authority_sources.csv,,2026-10-09,false,false
discovered:988ee65019539c0f,https://dcboe.org/getmedia/617ef3a5-b11e-4fe4-819a-d77448f906ce/ey2004_presprimary_precinct.pdf,https://dcboe.org/getmedia/617ef3a5-b11e-4fe4-819a-d77448f906ce/ey2004_presprimary_precinct.pdf,result_artifact_lead,pdf,10,DC,state_election_authority,2004,Precinct Report,pdf-artifact,not_fetched,candidate,parent_results_page,https://dcboe.org/elections/election-results-archives,us_state_central_authority_sources.csv,,2026-10-09,false,false
discovered:5212f1a313f63e3e,https://dcboe.org/getmedia/77fd9c1b-bb65-473b-8c1c-4530af2e2f2f/Summary_General_2006.pdf,https://dcboe.org/getmedia/77fd9c1b-bb65-473b-8c1c-4530af2e2f2f/Summary_General_2006.pdf,result_artifact_lead,pdf,10,DC,state_election_authority,2006,Summary Report,pdf-artifact,not_fetched,candidate,parent_results_page,https://dcboe.org/elections/election-results-archives,us_state_central_authority_sources.csv,,2026-10-09,false,false
discovered:e68ac09014427a5e,https://dcboe.org/getmedia/7ea27291-8e77-4d9b-9156-4c262bfaeb1f/Ward_General_2006.pdf,https://dcboe.org/getmedia/7ea27291-8e77-4d9b-9156-4c262bfaeb1f/Ward_General_2006.pdf,result_artifact_lead,pdf,10,DC,state_election_authority,2006,Subdivision Report,pdf-artifact,not_fetched,candidate,parent_results_page,https://dcboe.org/elections/election-results-archives,us_state_central_authority_sources.csv,,2026-10-09,false,false
discovered:129846bedf0e3f33,https://dcboe.org/getmedia/87e2a09b-8f1f-4acc-9aaf-3ef6e1bfb8a8/ey2006_primary_summary.pdf,https://dcboe.org/getmedia/87e2a09b-8f1f-4acc-9aaf-3ef6e1bfb8a8/ey2006_primary_summary.pdf,result_artifact_lead,pdf,10,DC,state_election_authority,2006,September 12 Primary Election,pdf-artifact,not_fetched,candidate,parent_results_page,https://dcboe.org/elections/election-results-archives,us_state_central_authority_sources.csv,,2026-10-09,false,false
discovered:a59f56c58f26f7e5,https://dcboe.org/getmedia/9444861c-d4c7-4b03-aafa-9db284a1cd33/1996_precinct_report.pdf,https://dcboe.org/getmedia/9444861c-d4c7-4b03-aafa-9db284a1cd33/1996_precinct_report.pdf,result_artifact_lead,pdf,10,DC,state_election_authority,1996,Precinct Report,pdf-artifact,not_fetched,candidate,parent_results_page,https://dcboe.org/elections/election-results-archives,us_state_central_authority_sources.csv,,2026-10-09,false,false
discovered:1af88b35537bd846,https://dcboe.org/getmedia/a0e070fd-8f9b-477d-91f8-4a1c356b58b1/1992_Sept_results.pdf,https://dcboe.org/getmedia/a0e070fd-8f9b-477d-91f8-4a1c356b58b1/1992_Sept_results.pdf,result_artifact_lead,pdf,10,DC,state_election_authority,1992,September 15 Council Primary Election,pdf-artifact,not_fetched,candidate,parent_results_page,https://dcboe.org/elections/election-results-archives,us_state_central_authority_sources.csv,,2026-10-09,false,false
discovered:994191c9e5cd0f19,https://dcboe.org/getmedia/a484dffd-ad98-4063-a951-5787e9cb5f85/General_08_Certified_Results_Summary_1.pdf,https://dcboe.org/getmedia/a484dffd-ad98-4063-a951-5787e9cb5f85/General_08_Certified_Results_Summary_1.pdf,result_artifact_lead,pdf,10,DC,state_election_authority,,City-wide Results (94.57 KB),pdf-artifact,not_fetched,candidate,parent_results_page,https://dcboe.org/elections/election-results-archives,us_state_central_authority_sources.csv,,2026-10-09,false,false
discovered:2f9791a636c5ab3a,https://dcboe.org/getmedia/a84bdd93-68cc-42e7-946d-eb954a35d925/Primary_08_Certified_Results_Summary_1.pdf,https://dcboe.org/getmedia/a84bdd93-68cc-42e7-946d-eb954a35d925/Primary_08_Certified_Results_Summary_1.pdf,result_artifact_lead,pdf,10,DC,state_election_authority,,City-wide Results (48.21 KB),pdf-artifact,not_fetched,candidate,parent_results_page,https://dcboe.org/elections/election-results-archives,us_state_central_authority_sources.csv,,2026-10-09,false,false
discovered:0df04481e7b684f7,https://dcboe.org/getmedia/bac6e8e3-1ca8-438e-b414-77a34de9bd9f/1992_Nov_results.pdf,https://dcboe.org/getmedia/bac6e8e3-1ca8-438e-b414-77a34de9bd9f/1992_Nov_results.pdf,result_artifact_lead,pdf,10,DC,state_election_authority,1992,November 3 General Election,pdf-artifact,not_fetched,candidate,parent_results_page,https://dcboe.org/elections/election-results-archives,us_state_central_authority_sources.csv,,2026-10-09,false,false
discovered:86bccef3ed7b8287,https://dcboe.org/getmedia/c4a6e4a0-5006-4fe6-9c11-db828d254bd8/Deceased-Notice-Card-01192024.pdf,https://dcboe.org/getmedia/c4a6e4a0-5006-4fe6-9c11-db828d254bd8/Deceased-Notice-Card-01192024.pdf,result_artifact_lead,pdf,10,DC,state_election_authority,,Notification of Deceased Voter,pdf-artifact,not_fetched,candidate,parent_results_page,https://dcboe.org/voters/register-to-vote/canvass-card,us_state_central_authority_sources.csv,,2026-10-09,false,false
discovered:05f223eb57539677,https://dcboe.org/getmedia/ca3a5a21-2360-4612-b188-f69ad57e0bd5/nr_113.pdf,https://dcboe.org/getmedia/ca3a5a21-2360-4612-b188-f69ad57e0bd5/nr_113.pdf,result_artifact_lead,pdf,10,DC,state_election_authority,,Precinct Report,pdf-artifact,not_fetched,candidate,parent_results_page,https://dcboe.org/elections/election-results-archives,us_state_central_authority_sources.csv,,2026-10-09,false,false
discovered:6d0fe8304f0b154e,https://dcboe.org/getmedia/e200fbea-732d-4e35-9d85-c09d109744a3/1997_spec_elec_results.pdf,https://dcboe.org/getmedia/e200fbea-732d-4e35-9d85-c09d109744a3/1997_spec_elec_results.pdf,result_artifact_lead,pdf,10,DC,state_election_authority,1997,July 22 Special Election for Chairman of the Council,pdf-artifact,not_fetched,candidate,parent_results_page,https://dcboe.org/elections/election-results-archives,us_state_central_authority_sources.csv,,2026-10-09,false,false
discovered:ffa7686a17899813,https://dcboe.org/getmedia/e595a58a-d5eb-4001-8393-2ddfa414e906/Precinct_Report_Nov2.pdf,https://dcboe.org/getmedia/e595a58a-d5eb-4001-8393-2ddfa414e906/Precinct_Report_Nov2.pdf,result_artifact_lead,pdf,10,DC,state_election_authority,,Precinct Report,pdf-artifact,not_fetched,candidate,parent_results_page,https://dcboe.org/elections/election-results-archives,us_state_central_authority_sources.csv,,2026-10-09,false,false
discovered:b26a113051ed8325,https://dcboe.org/getmedia/ebac7d6a-9f2a-4b89-8c91-074518cb5e36/1992_May_results.pdf,https://dcboe.org/getmedia/ebac7d6a-9f2a-4b89-8c91-074518cb5e36/1992_May_results.pdf,result_artifact_lead,pdf,10,DC,state_election_authority,1992,May 5 Presidential Preference Primary Election,pdf-artifact,not_fetched,candidate,parent_results_page,https://dcboe.org/elections/election-results-archives,us_state_central_authority_sources.csv,,2026-10-09,false,false
discovered:b789432c33b2af7b,https://dcboe.org/getmedia/ef29d4fd-e837-4e35-af58-9aa5ef70ba37/General_08_Certified_Results_Precinct_1.pdf,https://dcboe.org/getmedia/ef29d4fd-e837-4e35-af58-9aa5ef70ba37/General_08_Certified_Results_Precinct_1.pdf,result_artifact_lead,pdf,10,DC,state_election_authority,,Precincts Results (392.39 KB),pdf-artifact,not_fetched,candidate,parent_results_page,https://dcboe.org/elections/election-results-archives,us_state_central_authority_sources.csv,,2026-10-09,false,false
discovered:1c160c011231b5db,https://dcboe.org/getmedia/f49bd9f5-d7c3-436f-8059-f7db99c985b7/General_08_Certified_Results_Ward_1.pdf,https://dcboe.org/getmedia/f49bd9f5-d7c3-436f-8059-f7db99c985b7/General_08_Certified_Results_Ward_1.pdf,result_artifact_lead,pdf,10,DC,state_election_authority,,Ward Results (84.88 KB),pdf-artifact,not_fetched,candidate,parent_results_page,https://dcboe.org/elections/election-results-archives,us_state_central_authority_sources.csv,,2026-10-09,false,false
discovered:a1a23326ed12c515,https://elect.ky.gov/SiteCollectionDocuments/Election%20Results/2010-2019/2010/off2010pri.pdf,https://elect.ky.gov/SiteCollectionDocuments/Election%20Results/2010-2019/2010/off2010pri.pdf,result_artifact_lead,pdf,10,KY,statewide_results_lead,2010 | 2019,Official Primary ​Results,pdf-artifact,not_fetched,candidate,parent_results_page,https://elect.ky.gov/results/2010-2019/Pages/2010primaryandgeneralelectionresults.aspx,first_pass_state_result_surfaces.csv,,2026-10-09,false,false
discovered:cbfc14fe75f366d1,https://elect.ky.gov/SiteCollectionDocuments/Election%20Results/2010-2019/2011/Kentucky_ElectionNightReportingGuide_GeneralElection2011.pdf,https://elect.ky.gov/SiteCollectionDocuments/Election%20Results/2010-2019/2011/Kentucky_ElectionNightReportingGuide_GeneralElection2011.pdf,result_artifact_lead,pdf,10,KY,statewide_results_lead,2010 | 2011 | 2019,Election Night Reporting Guide,pdf-artifact,not_fetched,candidate,parent_results_page,https://elect.ky.gov/results/2010-2019/Pages/2011primaryandgeneralelectionresults.aspx,first_pass_state_result_surfaces.csv,,2026-10-09,false,false
discovered:130828b77f771261,https://elect.ky.gov/SiteCollectionDocuments/Election%20Results/2010-2019/2011/off2011pri.pdf,https://elect.ky.gov/SiteCollectionDocuments/Election%20Results/2010-2019/2011/off2011pri.pdf,result_artifact_lead,pdf,10,KY,statewide_results_lead,2010 | 2011 | 2019,Official Primary Results,pdf-artifact,not_fetched,candidate,parent_results_page,https://elect.ky.gov/results/2010-2019/Pages/2011primaryandgeneralelectionresults.aspx,first_pass_state_result_surfaces.csv,,2026-10-09,false,false
discovered:fd848459740d3572,https://elect.ky.gov/SiteCollectionDocuments/Election%20Results/2010-2019/2012/2012offpriresults.pdf,https://elect.ky.gov/SiteCollectionDocuments/Election%20Results/2010-2019/2012/2012offpriresults.pdf,result_artifact_lead,pdf,10,KY,statewide_results_lead,2010 | 2012 | 2019,Official Primary ​Results,pdf-artifact,not_fetched,candidate,parent_results_page,https://elect.ky.gov/results/2010-2019/Pages/2012primaryandgeneralelectionresults.aspx,first_pass_state_result_surfaces.csv,,2026-10-09,false,false
discovered:c1deb57fd0d4a802,https://elect.ky.gov/SiteCollectionDocuments/Election%20Results/2010-2019/2015/2015%20primary%20results.pf.pdf,https://elect.ky.gov/SiteCollectionDocuments/Election%20Results/2010-2019/2015/2015%20primary%20results.pf.pdf,result_artifact_lead,pdf,10,KY,statewide_results_lead,2010 | 2015 | 2019,Official Election ​Results,pdf-artifact,not_fetched,candidate,parent_results_page,https://elect.ky.gov/results/2010-2019/Pages/2015primaryandgeneralelectionresults.aspx,first_pass_state_result_surfaces.csv,,2026-10-09,false,false
discovered:294d7d6d78d8842d,https://elect.ky.gov/results/2010-2019/Documents/2018GeneralElectionCertified.pdf,https://elect.ky.gov/results/2010-2019/Documents/2018GeneralElectionCertified.pdf,result_artifact_lead,pdf,10,KY,statewide_results_lead,2010 | 2018 | 2019,"Official Results -​ November 20, ​2018 ​Certification",pdf-artifact,not_fetched,candidate,parent_results_page,https://elect.ky.gov/results/2010-2019/Pages/2018primaryandgeneralelectionresults.aspx,first_pass_state_result_surfaces.csv,,2026-10-09,false,false
discovered:22b7a004e82c91b7,https://elect.ky.gov/results/2010-2019/Documents/voterstatscounty-20141020-014643.pdf,https://elect.ky.gov/results/2010-2019/Documents/voterstatscounty-20141020-014643.pdf,result_artifact_lead,pdf,10,KY,statewide_results_lead,2010 | 2019,By County,pdf-artifact,not_fetched,candidate,parent_results_page,https://elect.ky.gov/results/2010-2019/Pages/2014PrimaryandGeneralElectionResults.aspx,first_pass_state_result_surfaces.csv,,2026-10-09,false,false
discovered:bd2772ce29e22445,https://elect.ky.gov/results/2010-2019/Documents/voterstatscounty-20150429-015923.pdf,https://elect.ky.gov/results/2010-2019/Documents/voterstatscounty-20150429-015923.pdf,result_artifact_lead,pdf,10,KY,statewide_results_lead,2010 | 2019,By County,pdf-artifact,not_fetched,candidate,parent_results_page,https://elect.ky.gov/results/2010-2019/Pages/2015primaryandgeneralelectionresults.aspx,first_pass_state_result_surfaces.csv,,2026-10-09,false,false
discovered:bfcbc91d8ff69d1e,https://elect.ky.gov/results/2010-2019/Documents/voterstatscounty-20151117-081327.pdf,https://elect.ky.gov/results/2010-2019/Documents/voterstatscounty-20151117-081327.pdf,result_artifact_lead,pdf,10,KY,statewide_results_lead,2010 | 2019,By County,pdf-artifact,not_fetched,candidate,parent_results_page,https://elect.ky.gov/results/2010-2019/Pages/2015primaryandgeneralelectionresults.aspx,first_pass_state_result_surfaces.csv,,2026-10-09,false,false
discovered:11972fc9d504e5a6,https://elect.ky.gov/results/2010-2019/Documents/voterstatsdistrict-20141020-014645.pdf,https://elect.ky.gov/results/2010-2019/Documents/voterstatsdistrict-20141020-014645.pdf,result_artifact_lead,pdf,10,KY,statewide_results_lead,2010 | 2019,By Districts,pdf-artifact,not_fetched,candidate,parent_results_page,https://elect.ky.gov/results/2010-2019/Pages/2014PrimaryandGeneralElectionResults.aspx,first_pass_state_result_surfaces.csv,,2026-10-09,false,false
discovered:dba5e6b3226ddcdd,https://elect.ky.gov/results/2010-2019/Documents/voterstatsdistrict-20150429-015926.pdf,https://elect.ky.gov/results/2010-2019/Documents/voterstatsdistrict-20150429-015926.pdf,result_artifact_lead,pdf,10,KY,statewide_results_lead,2010 | 2019,By District,pdf-artifact,not_fetched,candidate,parent_results_page,https://elect.ky.gov/results/2010-2019/Pages/2015primaryandgeneralelectionresults.aspx,first_pass_state_result_surfaces.csv,,2026-10-09,false,false
discovered:ffc529fd58763e49,https://elect.ky.gov/results/2010-2019/Documents/voterstatsdistrict-20151117-081329.pdf,https://elect.ky.gov/results/2010-2019/Documents/voterstatsdistrict-20151117-081329.pdf,result_artifact_lead,pdf,10,KY,statewide_results_lead,2010 | 2019,By District,pdf-artifact,not_fetched,candidate,parent_results_page,https://elect.ky.gov/results/2010-2019/Pages/2015primaryandgeneralelectionresults.aspx,first_pass_state_result_surfaces.csv,,2026-10-09,false,false
discovered:468631eda57b8833,https://elect.ky.gov/results/2010-2019/Documents/voterstatsprecinct-20141020-014707.pdf,https://elect.ky.gov/results/2010-2019/Documents/voterstatsprecinct-20141020-014707.pdf,result_artifact_lead,pdf,10,KY,statewide_results_lead,2010 | 2019,By Precinct,pdf-artifact,not_fetched,candidate,parent_results_page,https://elect.ky.gov/results/2010-2019/Pages/2014PrimaryandGeneralElectionResults.aspx,first_pass_state_result_surfaces.csv,,2026-10-09,false,false
discovered:ccbbfff7506fcbf3,https://elect.ky.gov/results/2010-2019/Documents/voterstatsprecinct-20150429-020001.pdf,https://elect.ky.gov/results/2010-2019/Documents/voterstatsprecinct-20150429-020001.pdf,result_artifact_lead,pdf,10,KY,statewide_results_lead,2010 | 2019,By Precinct,pdf-artifact,not_fetched,candidate,parent_results_page,https://elect.ky.gov/results/2010-2019/Pages/2015primaryandgeneralelectionresults.aspx,first_pass_state_result_surfaces.csv,,2026-10-09,false,false
discovered:29246e38c5f43868,https://elect.ky.gov/results/2010-2019/Documents/voterstatsprecinct-20151117-081403.pdf,https://elect.ky.gov/results/2010-2019/Documents/voterstatsprecinct-20151117-081403.pdf,result_artifact_lead,pdf,10,KY,statewide_results_lead,2010 | 2019,By Precinct,pdf-artifact,not_fetched,candidate,parent_results_page,https://elect.ky.gov/results/2010-2019/Pages/2015primaryandgeneralelectionresults.aspx,first_pass_state_result_surfaces.csv,,2026-10-09,false,false
discovered:bddf63f5480d2ea0,https://elect.ky.gov/results/Documents/June%205%202018%20Certification.pdf,https://elect.ky.gov/results/Documents/June%205%202018%20Certification.pdf,result_artifact_lead,pdf,10,KY,statewide_results_lead,2018,"Official Results - June 5, 2018 Certification",pdf-artifact,not_fetched,candidate,parent_results_page,https://elect.ky.gov/results/2010-2019/Pages/2018primaryandgeneralelectionresults.aspx,first_pass_state_result_surfaces.csv,,2026-10-09,false,false
discovered:afa53f8ca62674e7,https://elect.ky.gov/statistics/Documents/voterstatscounty-20161019-081612.pdf,https://elect.ky.gov/statistics/Documents/voterstatscounty-20161019-081612.pdf,result_artifact_lead,pdf,10,KY,statewide_results_lead,,By County,pdf-artifact,not_fetched,candidate,parent_results_page,https://elect.ky.gov/results/2010-2019/Pages/2016primaryandgeneralelectionresults.aspx,first_pass_state_result_surfaces.csv,,2026-10-09,false,false
discovered:85b3d204107efbd0,https://elect.ky.gov/statistics/Documents/voterstatsdistrict-20161019-081614.pdf,https://elect.ky.gov/statistics/Documents/voterstatsdistrict-20161019-081614.pdf,result_artifact_lead,pdf,10,KY,statewide_results_lead,,By Districts,pdf-artifact,not_fetched,candidate,parent_results_page,https://elect.ky.gov/results/2010-2019/Pages/2016primaryandgeneralelectionresults.aspx,first_pass_state_result_surfaces.csv,,2026-10-09,false,false
discovered:78744e7060c14421,https://elect.ky.gov/statistics/Documents/voterstatsprecinct-20161019-081650.pdf,https://elect.ky.gov/statistics/Documents/voterstatsprecinct-20161019-081650.pdf,result_artifact_lead,pdf,10,KY,statewide_results_lead,,By Precinct,pdf-artifact,not_fetched,candidate,parent_results_page,https://elect.ky.gov/results/2010-2019/Pages/2016primaryandgeneralelectionresults.aspx,first_pass_state_result_surfaces.csv,,2026-10-09,false,false
discovered:ed94c10f42874195,https://elections.hawaii.gov/wp-content/results/2026 Primary/Recount Report_H_43-8-11-2026.pdf,https://elections.hawaii.gov/wp-content/results/2026 Primary/Recount Report_H_43-8-11-2026.pdf,result_artifact_lead,pdf,10,HI,statewide_results_lead,2026,"State House, District 43 (R) Recount Result",pdf-artifact,not_fetched,candidate,parent_results_page,https://elections.hawaii.gov/election-results/,first_pass_state_result_surfaces.csv,,2026-10-09,false,false
discovered:6d8000e954a06b51,https://elections.hawaii.gov/wp-content/results/2026 Primary/Recount Report_SD_20-8-11-2026.pdf,https://elections.hawaii.gov/wp-content/results/2026 Primary/Recount Report_SD_20-8-11-2026.pdf,result_artifact_lead,pdf,10,HI,statewide_results_lead,2026,"State Senate, District 20 (R) Recount Result",pdf-artifact,not_fetched,candidate,parent_results_page,https://elections.hawaii.gov/election-results/,first_pass_state_result_surfaces.csv,,2026-10-09,false,false
discovered:8c1274ce1e688727,https://elections.hawaii.gov/wp-content/results/2026 Primary/cch.pdf,https://elections.hawaii.gov/wp-content/results/2026 Primary/cch.pdf,result_artifact_lead,pdf,10,HI,statewide_results_lead,2026,City & County of Honolulu Summary,pdf-artifact,not_fetched,candidate,parent_results_page,https://elections.hawaii.gov/election-results/,first_pass_state_result_surfaces.csv,,2026-10-09,false,false
discovered:8e741d6090faed10,https://elections.hawaii.gov/wp-content/results/2026 Primary/coh.pdf,https://elections.hawaii.gov/wp-content/results/2026 Primary/coh.pdf,result_artifact_lead,pdf,10,HI,statewide_results_lead,2026,County of Hawaii Summary,pdf-artifact,not_fetched,candidate,parent_results_page,https://elections.hawaii.gov/election-results/,first_pass_state_result_surfaces.csv,,2026-10-09,false,false
discovered:af2642ab24662e65,https://elections.hawaii.gov/wp-content/results/2026 Primary/cok.pdf,https://elections.hawaii.gov/wp-content/results/2026 Primary/cok.pdf,result_artifact_lead,pdf,10,HI,statewide_results_lead,2026,County of Kauai Summary,pdf-artifact,not_fetched,candidate,parent_results_page,https://elections.hawaii.gov/election-results/,first_pass_state_result_surfaces.csv,,2026-10-09,false,false
discovered:fffee682fbc13293,https://elections.hawaii.gov/wp-content/results/2026 Primary/com.pdf,https://elections.hawaii.gov/wp-content/results/2026 Primary/com.pdf,result_artifact_lead,pdf,10,HI,statewide_results_lead,2026,County of Maui Summary,pdf-artifact,not_fetched,candidate,parent_results_page,https://elections.hawaii.gov/election-results/,first_pass_state_result_surfaces.csv,,2026-10-09,false,false
discovered:c36d26763028420f,https://elections.hawaii.gov/wp-content/results/2026 Primary/histatewide.pdf,https://elections.hawaii.gov/wp-content/results/2026 Primary/histatewide.pdf,result_artifact_lead,pdf,10,HI,statewide_results_lead,2026,Statewide Summary,pdf-artifact,not_fetched,candidate,parent_results_page,https://elections.hawaii.gov/election-results/,first_pass_state_result_surfaces.csv,,2026-10-09,false,false
discovered:9b507cace147f836,https://elections.hawaii.gov/wp-content/results/2026 Primary/precinct.pdf,https://elections.hawaii.gov/wp-content/results/2026 Primary/precinct.pdf,result_artifact_lead,pdf,10,HI,statewide_results_lead,2026,Statewide Precinct Detail,pdf-artifact,not_fetched,candidate,parent_results_page,https://elections.hawaii.gov/election-results/,first_pass_state_result_surfaces.csv,,2026-10-09,false,false
discovered:0abdd1a6d1824a9e,https://elections.hawaii.gov/wp-content/uploads/Results-from-State-Rep-43-Drawing.pdf,https://elections.hawaii.gov/wp-content/uploads/Results-from-State-Rep-43-Drawing.pdf,result_artifact_lead,pdf,10,HI,statewide_results_lead,,State Representative District 43 Drawing Result,pdf-artifact,not_fetched,candidate,parent_results_page,https://elections.hawaii.gov/election-results/,first_pass_state_result_surfaces.csv,,2026-10-09,false,false
discovered:50eebb3ea6ddccc1,https://elections.hawaii.gov/wp-content/uploads/Results-from-State-Senate-20-Drawing.pdf,https://elections.hawaii.gov/wp-content/uploads/Results-from-State-Senate-20-Drawing.pdf,result_artifact_lead,pdf,10,HI,statewide_results_lead,,State Senate District 20 Drawing Result,pdf-artifact,not_fetched,candidate,parent_results_page,https://elections.hawaii.gov/election-results/,first_pass_state_result_surfaces.csv,,2026-10-09,false,false
discovered:93b82f6956938d07,https://elections.hawaii.gov/wp-content/uploads/VoterGuide_2026_General_Chinese.pdf,https://elections.hawaii.gov/wp-content/uploads/VoterGuide_2026_General_Chinese.pdf,result_artifact_lead,pdf,10,HI,statewide_results_lead,2026,Chinese,pdf-artifact,not_fetched,candidate,parent_results_page,https://elections.hawaii.gov/election-results/,first_pass_state_result_surfaces.csv,,2026-10-09,false,false
discovered:a27ad82f4e59aec5,https://elections.hawaii.gov/wp-content/uploads/VoterGuide_2026_General_English.pdf,https://elections.hawaii.gov/wp-content/uploads/VoterGuide_2026_General_English.pdf,result_artifact_lead,pdf,10,HI,statewide_results_lead,2026,English,pdf-artifact,not_fetched,candidate,parent_results_page,https://elections.hawaii.gov/election-results/,first_pass_state_result_surfaces.csv,,2026-10-09,false,false
discovered:d31dde9eac292a7f,https://elections.hawaii.gov/wp-content/uploads/VoterGuide_2026_General_Hawaiian.pdf,https://elections.hawaii.gov/wp-content/uploads/VoterGuide_2026_General_Hawaiian.pdf,result_artifact_lead,pdf,10,HI,statewide_results_lead,2026,Hawaiian,pdf-artifact,not_fetched,candidate,parent_results_page,https://elections.hawaii.gov/election-results/,first_pass_state_result_surfaces.csv,,2026-10-09,false,false
discovered:78c695201750e43b,https://elections.hawaii.gov/wp-content/uploads/VoterGuide_2026_General_Ilocano.pdf,https://elections.hawaii.gov/wp-content/uploads/VoterGuide_2026_General_Ilocano.pdf,result_artifact_lead,pdf,10,HI,statewide_results_lead,2026,Ilocano,pdf-artifact,not_fetched,candidate,parent_results_page,https://elections.hawaii.gov/election-results/,first_pass_state_result_surfaces.csv,,2026-10-09,false,false
discovered:2aad13833f56a3a7,https://elections.hawaii.gov/wp-content/uploads/VoterGuide_2026_General_Tagalog.pdf,https://elections.hawaii.gov/wp-content/uploads/VoterGuide_2026_General_Tagalog.pdf,result_artifact_lead,pdf,10,HI,statewide_results_lead,2026,Tagalog,pdf-artifact,not_fetched,candidate,parent_results_page,https://elections.hawaii.gov/election-results/,first_pass_state_result_surfaces.csv,,2026-10-09,false,false
discovered:ee7fe4bd902f4a19,https://files.hawaii.gov/elections/files/results/1992/general/histatewide.pdf,https://files.hawaii.gov/elections/files/results/1992/general/histatewide.pdf,result_artifact_lead,pdf,10,HI,statewide_results_lead,1992,Statewide Summary,pdf-artifact,not_fetched,candidate,parent_results_page,https://elections.hawaii.gov/election-results/,first_pass_state_result_surfaces.csv,,2026-10-09,false,false
discovered:bcc72bdf5a594afc,https://files.hawaii.gov/elections/files/results/1992/primary/histatewide.pdf,https://files.hawaii.gov/elections/files/results/1992/primary/histatewide.pdf,result_artifact_lead,pdf,10,HI,statewide_results_lead,1992,Statewide Summary,pdf-artifact,not_fetched,candidate,parent_results_page,https://elections.hawaii.gov/election-results/,first_pass_state_result_surfaces.csv,,2026-10-09,false,false
discovered:04a397bff13fb85f,https://files.hawaii.gov/elections/files/results/1994/general/histatewide.pdf,https://files.hawaii.gov/elections/files/results/1994/general/histatewide.pdf,result_artifact_lead,pdf,10,HI,statewide_results_lead,1994,Statewide Summary,pdf-artifact,not_fetched,candidate,parent_results_page,https://elections.hawaii.gov/election-results/,first_pass_state_result_surfaces.csv,,2026-10-09,false,false
discovered:f3cdd6bc532dca94,https://files.hawaii.gov/elections/files/results/1994/primary/histatewide.pdf,https://files.hawaii.gov/elections/files/results/1994/primary/histatewide.pdf,result_artifact_lead,pdf,10,HI,statewide_results_lead,1994,Statewide Summary,pdf-artifact,not_fetched,candidate,parent_results_page,https://elections.hawaii.gov/election-results/,first_pass_state_result_surfaces.csv,,2026-10-09,false,false
discovered:61d7b1fe7b2e9d3f,https://files.hawaii.gov/elections/files/results/1996/general/cch.pdf,https://files.hawaii.gov/elections/files/results/1996/general/cch.pdf,result_artifact_lead,pdf,10,HI,statewide_results_lead,1996,City & County of Honolulu Summary,pdf-artifact,not_fetched,candidate,parent_results_page,https://elections.hawaii.gov/election-results/,first_pass_state_result_surfaces.csv,,2026-10-09,false,false
discovered:0712264c817defdc,https://files.hawaii.gov/elections/files/results/1996/general/coh.pdf,https://files.hawaii.gov/elections/files/results/1996/general/coh.pdf,result_artifact_lead,pdf,10,HI,statewide_results_lead,1996,County of Hawaii Summary,pdf-artifact,not_fetched,candidate,parent_results_page,https://elections.hawaii.gov/election-results/,first_pass_state_result_surfaces.csv,,2026-10-09,false,false
discovered:11f2c8f57f7a05e5,https://files.hawaii.gov/elections/files/results/1996/general/cok.pdf,https://files.hawaii.gov/elections/files/results/1996/general/cok.pdf,result_artifact_lead,pdf,10,HI,statewide_results_lead,1996,County of Kauai Summary,pdf-artifact,not_fetched,candidate,parent_results_page,https://elections.hawaii.gov/election-results/,first_pass_state_result_surfaces.csv,,2026-10-09,false,false
discovered:82e51d0b548999b5,https://files.hawaii.gov/elections/files/results/1996/general/com.pdf,https://files.hawaii.gov/elections/files/results/1996/general/com.pdf,result_artifact_lead,pdf,10,HI,statewide_results_lead,1996,County of Maui Summary,pdf-artifact,not_fetched,candidate,parent_results_page,https://elections.hawaii.gov/election-results/,first_pass_state_result_surfaces.csv,,2026-10-09,false,false
discovered:f05a35b0e365a4dd,https://files.hawaii.gov/elections/files/results/1996/general/histatewide.pdf,https://files.hawaii.gov/elections/files/results/1996/general/histatewide.pdf,result_artifact_lead,pdf,10,HI,statewide_results_lead,1996,Statewide Summary,pdf-artifact,not_fetched,candidate,parent_results_page,https://elections.hawaii.gov/election-results/,first_pass_state_result_surfaces.csv,,2026-10-09,false,false
discovered:c22df657d882f662,https://files.hawaii.gov/elections/files/results/1996/general/precinct.pdf,https://files.hawaii.gov/elections/files/results/1996/general/precinct.pdf,result_artifact_lead,pdf,10,HI,statewide_results_lead,1996,Statewide Precinct Detail,pdf-artifact,not_fetched,candidate,parent_results_page,https://elections.hawaii.gov/election-results/,first_pass_state_result_surfaces.csv,,2026-10-09,false,false
discovered:1ca06af7b8a00b58,https://files.hawaii.gov/elections/files/results/1996/primary/cch.pdf,https://files.hawaii.gov/elections/files/results/1996/primary/cch.pdf,result_artifact_lead,pdf,10,HI,statewide_results_lead,1996,City & County of Honolulu Summary,pdf-artifact,not_fetched,candidate,parent_results_page,https://elections.hawaii.gov/election-results/,first_pass_state_result_surfaces.csv,,2026-10-09,false,false
discovered:37550a108215fd67,https://files.hawaii.gov/elections/files/results/1996/primary/coh.pdf,https://files.hawaii.gov/elections/files/results/1996/primary/coh.pdf,result_artifact_lead,pdf,10,HI,statewide_results_lead,1996,County of Hawaii Summary,pdf-artifact,not_fetched,candidate,parent_results_page,https://elections.hawaii.gov/election-results/,first_pass_state_result_surfaces.csv,,2026-10-09,false,false
discovered:eb54e7a4f18b7965,https://files.hawaii.gov/elections/files/results/1996/primary/cok.pdf,https://files.hawaii.gov/elections/files/results/1996/primary/cok.pdf,result_artifact_lead,pdf,10,HI,statewide_results_lead,1996,County of Kauai Summary,pdf-artifact,not_fetched,candidate,parent_results_page,https://elections.hawaii.gov/election-results/,first_pass_state_result_surfaces.csv,,2026-10-09,false,false
discovered:b335ba5f847abcd4,https://www.fvap.gov/uploads/FVAP/Forms/fpca.pdf,https://www.fvap.gov/uploads/FVAP/Forms/fpca.pdf,result_artifact_lead,pdf,10,WV,statewide_results_lead,,Federal Post Card Application (FPCA),pdf-artifact,not_fetched,candidate,parent_results_page,https://sos.wv.gov/elections/election-data/historical-election-results-and-turnout,first_pass_state_result_surfaces.csv,,2026-10-09,false,false
discovered:443e934a2d4e1977,https://www.fvap.gov/uploads/FVAP/Forms/fwab.pdf,https://www.fvap.gov/uploads/FVAP/Forms/fwab.pdf,result_artifact_lead,pdf,10,WV,statewide_results_lead,,Federal Write-In Absentee Ballot (FWAB),pdf-artifact,not_fetched,candidate,parent_results_page,https://sos.wv.gov/elections/election-data/historical-election-results-and-turnout,first_pass_state_result_surfaces.csv,,2026-10-09,false,false
discovered:a2b3803f3dc53777,http://archives.aetistry.com/archives/archives.html,http://archives.aetistry.com/archives/archives.html,results_page_lead,,20,MI,historical_or_final_results,1998 | 2017,Archived Election Results 1998 - 2017,,not_fetched,candidate,link_or_target_keyword,https://www.eatoncounty.org/241/Election-Results,us_primary_election_localities.csv,,2026-10-09,false,false
discovered:48afdd84559ba28e,http://ctemspublic.pcctg.net/,http://ctemspublic.pcctg.net/,results_page_lead,,20,CT,statewide_results_lead,2016 | 2017,"November 7, 2017 Municipal Election Results (Online System) | November 8, 2016 Presidential Election Results (Online System)",,fetched,fetched_unverified,link_or_target_keyword,https://portal.ct.gov/sots/election-services/election-results/election-results,first_pass_state_result_surfaces.csv,644b49a6eb93668738e340921b3211077048048a3e539e07eb30476084243947,2026-10-09T21:49:00.985778+00:00,false,false
discovered:3474605f7853a190,http://elections.virginia.gov/resultsreports/election-results/,http://elections.virginia.gov/resultsreports/election-results/,results_page_lead,,20,VA,state_election_authority,,Election Results,,not_fetched,candidate,link_or_target_keyword,https://vote.elections.virginia.gov/VoterInformation/PublicContactLookup,us_state_central_authority_sources.csv,,2026-10-09,false,false
discovered:b6d3ee98ce32823b,http://mtelectionresults.gov/,http://mtelectionresults.gov/,results_page_lead,,20,MT,state_election_authority,,Election Night Reporting,,not_fetched,candidate,link_or_target_keyword,https://sosmt.gov/elections/,us_state_central_authority_sources.csv,,2026-10-09,false,false
discovered:7bbc41ae307dbe64,http://www.morriselectionresults.org/,http://www.morriselectionresults.org/,results_page_lead,,20,NJ,state_election_authority,,www.morriselectionresults.org/,,not_fetched,candidate,link_or_target_keyword,https://www.nj.gov/state/elections/election-information-results-county-sites.html,us_state_central_authority_sources.csv,,2026-10-09,false,false
discovered:236bba8487882f74,http://www.unioncountyvotes.com/election-results/,http://www.unioncountyvotes.com/election-results/,results_page_lead,,20,NJ,state_election_authority,,www.unioncountyvotes.com/election-results/,,not_fetched,candidate,link_or_target_keyword,https://www.nj.gov/state/elections/election-information-results-county-sites.html,us_state_central_authority_sources.csv,,2026-10-09,false,false
discovered:da95c3caf489b75f,https://alconacountymi.com/home/county-clerk/election-results/,https://alconacountymi.com/home/county-clerk/election-results/,results_page_lead,,20,MI,historical_or_final_results,,"106 5th St. Harrisville, MI | 989-724-9410 | Alcona County Trial Court | Area Information | Citizen Information | County Services | Departments | Education | Election Results | General Clerk Hours Monday thru Friday; 8:30 a.m. to 4:30 p.m. Closed between 12:00 p.m. to 1:00 p.m. for lunch | Scroll To Top | Skip to content | Township Information | Township Websites",,fetched,fetched_unverified,link_or_target_keyword,https://alconacountymi.com/home/county-clerk/election-results/,us_primary_election_localities.csv,da99c1076ed8a4cd8f79f9e1a77c3914cc8fe3feb6026e5535bc2638fc5b4b39,2026-10-09,false,false
discovered:83d0636bb1a6f947,https://apps.elections.virginia.gov/SBE_CSV/ELECTIONS/ELECTIONRESULTS/,https://apps.elections.virginia.gov/SBE_CSV/ELECTIONS/ELECTIONRESULTS/,results_page_lead,,20,VA,statewide_results_lead,,Individual Election Results,,not_fetched,candidate,link_or_target_keyword,https://www.elections.virginia.gov/results/,first_pass_state_result_surfaces.csv,,2026-10-09,false,false
discovered:8b8eba839db07b71,https://apps.sos.wv.gov/elections/results/,https://apps.sos.wv.gov/elections/results/,results_page_lead,,20,WV,statewide_results_lead,2008 | 2017,Election Results (2008–2017),,not_fetched,candidate,link_or_target_keyword,https://sos.wv.gov/elections/election-data/historical-election-results-and-turnout,first_pass_state_result_surfaces.csv,,2026-10-09,false,false
discovered:03daee6e388aec3d,https://azsos.gov/elections/about-elections/county-election-contact-info,https://azsos.gov/elections/about-elections/county-election-contact-info,results_page_lead,,20,AZ,state_election_authority,,,,fetched,fetched_unverified,link_or_target_keyword,https://azsos.gov/elections/about-elections/county-election-contact-info,us_state_central_authority_sources.csv,45fc3fe7eb2b49f3801c4178f957d1157b4d77aa13d7dc46472d4d616b9dbc54,2026-10-09,false,false
discovered:68893e3dfa69d8a2,https://azsos.gov/events/official-statewide-canvass-november-3-2026-general/921,https://azsos.gov/events/official-statewide-canvass-november-3-2026-general/921,results_page_lead,,20,AZ,state_election_authority,2026,"Official Statewide Canvass of the November 3, 2026 General Election | Skip to main content | Tracking Pixel Disclaimer",,fetched,fetched_unverified,link_or_target_keyword,https://azsos.gov/elections/about-elections/county-election-contact-info | https://azsos.gov/events/official-statewide-canvass-november-3-2026-general/921,us_state_central_authority_sources.csv,7aa69289824bea1680063afddce299e9a2521bd0bb40c1aa38339949dcfeaaf3,2026-10-09,false,false
discovered:95c90fee4e3296f9,https://casscountymi.org/1597/Election-Results,https://casscountymi.org/1597/Election-Results,results_page_lead,,20,MI,historical_or_final_results,,Past Election Results,,not_fetched,candidate,link_or_target_keyword,https://www.casscountymi.org/,us_primary_election_localities.csv,,2026-10-09,false,false
discovered:d552f935fb727067,https://ccclerknj.com/election-information/election-results/,https://ccclerknj.com/election-information/election-results/,results_page_lead,,20,NJ,state_election_authority,,ccclerknj.com/election-information/election-results/,,not_fetched,candidate,link_or_target_keyword,https://www.nj.gov/state/elections/election-information-results-county-sites.html,us_state_central_authority_sources.csv,,2026-10-09,false,false
discovered:375f953140854706,https://dcboe.org/,https://dcboe.org/,results_page_lead,,20,DC,state_election_authority,,,,fetched,fetched_unverified,link_or_target_keyword,https://dcboe.org/,us_state_central_authority_sources.csv,951c8d03e25b7b2a0527aa9acb701cfa28b7d43a9619e376d02fff394a85d34b,2026-10-09,false,false
discovered:0fde6378b2880c55,https://dcboe.org/elections/election-results-archives,https://dcboe.org/elections/election-results-archives,results_page_lead,,20,DC,state_election_authority,,About Us | Ballot Measures | Candidates | Community & Outreach | Election Results Archives | Election Workers | Elections | Quick Links | Skip to main content | Voters,,fetched,fetched_unverified,link_or_target_keyword,https://dcboe.org/ | https://dcboe.org/elections/election-results-archives | https://dcboe.org/voters/register-to-vote/canvass-card,us_state_central_authority_sources.csv,636beba0f05357c56f4308de9a5eb061e250c197333e0dc10c059354f52f7f25,2026-10-09,false,false
discovered:3e1ecf054684423a,https://dcboe.org/elections/election-results-archives/april-29-special-election-for-ward-6-member-of-the-council,https://dcboe.org/elections/election-results-archives/april-29-special-election-for-ward-6-member-of-the-council,results_page_lead,,20,DC,state_election_authority,,April 29 Special Election for Ward 6 Member of the Council,,not_fetched,candidate,link_or_target_keyword,https://dcboe.org/elections/election-results-archives,us_state_central_authority_sources.csv,,2026-10-09,false,false
discovered:66f837dc0e91b44b,https://dcboe.org/elections/election-results-archives/december-2-special-election-for-at-large-member-of-the-council,https://dcboe.org/elections/election-results-archives/december-2-special-election-for-at-large-member-of-the-council,results_page_lead,,20,DC,state_election_authority,,December 2 Special Election for At-Large Member of the Council,,not_fetched,candidate,link_or_target_keyword,https://dcboe.org/elections/election-results-archives,us_state_central_authority_sources.csv,,2026-10-09,false,false
discovered:c0bf65721dc62924,https://dcboe.org/elections/election-results-archives/june-27-special-election-on-charter-amendment-iii,https://dcboe.org/elections/election-results-archives/june-27-special-election-on-charter-amendment-iii,results_page_lead,,20,DC,state_election_authority,,June 27 Special Election on Charter Amendment III,,not_fetched,candidate,link_or_target_keyword,https://dcboe.org/elections/election-results-archives,us_state_central_authority_sources.csv,,2026-10-09,false,false
discovered:d5e35ff3ce7901e7,https://dcboe.org/elections/election-results-archives/may-2-presidential-preference-primary-election,https://dcboe.org/elections/election-results-archives/may-2-presidential-preference-primary-election,results_page_lead,,20,DC,state_election_authority,,May 2 Presidential Preference Primary Election,,not_fetched,candidate,link_or_target_keyword,https://dcboe.org/elections/election-results-archives,us_state_central_authority_sources.csv,,2026-10-09,false,false
discovered:7df35e79620e3bd5,https://dcboe.org/elections/election-results-archives/november-13-general-election,https://dcboe.org/elections/election-results-archives/november-13-general-election,results_page_lead,,20,DC,state_election_authority,,November 13 General Election,,not_fetched,candidate,link_or_target_keyword,https://dcboe.org/elections/election-results-archives,us_state_central_authority_sources.csv,,2026-10-09,false,false
discovered:c14a8424dbd9e143,https://dcboe.org/elections/election-results-archives/november-15-general-election,https://dcboe.org/elections/election-results-archives/november-15-general-election,results_page_lead,,20,DC,state_election_authority,,November 15 General Election,,not_fetched,candidate,link_or_target_keyword,https://dcboe.org/elections/election-results-archives,us_state_central_authority_sources.csv,,2026-10-09,false,false
discovered:85324b836b3814e8,https://dcboe.org/elections/election-results-archives/november-5-general-election,https://dcboe.org/elections/election-results-archives/november-5-general-election,results_page_lead,,20,DC,state_election_authority,,November 5 General Election (including results for Initiative Measure #62 and Advisory Referendum A),,not_fetched,candidate,link_or_target_keyword,https://dcboe.org/elections/election-results-archives,us_state_central_authority_sources.csv,,2026-10-09,false,false
discovered:bbf9915cf883382b,https://dcboe.org/elections/election-results-archives/november-7-general-election,https://dcboe.org/elections/election-results-archives/november-7-general-election,results_page_lead,,20,DC,state_election_authority,,November 7 General Election,,not_fetched,candidate,link_or_target_keyword,https://dcboe.org/elections/election-results-archives,us_state_central_authority_sources.csv,,2026-10-09,false,false
discovered:647640375a9753f0,https://dcboe.org/elections/election-results-archives/november-8-general-election-1994,https://dcboe.org/elections/election-results-archives/november-8-general-election-1994,results_page_lead,,20,DC,state_election_authority,1994,November 8 General Election,,not_fetched,candidate,link_or_target_keyword,https://dcboe.org/elections/election-results-archives,us_state_central_authority_sources.csv,,2026-10-09,false,false
discovered:a1505a4c07ad2f53,https://dcboe.org/elections/election-results-archives/september-10-primary-election,https://dcboe.org/elections/election-results-archives/september-10-primary-election,results_page_lead,,20,DC,state_election_authority,,September 10 Primary Election,,not_fetched,candidate,link_or_target_keyword,https://dcboe.org/elections/election-results-archives,us_state_central_authority_sources.csv,,2026-10-09,false,false
discovered:fbd7ccd66770e191,https://dcboe.org/elections/election-results-archives/september-10-primary-election-1996,https://dcboe.org/elections/election-results-archives/september-10-primary-election-1996,results_page_lead,,20,DC,state_election_authority,1996,September 10 Primary Election,,not_fetched,candidate,link_or_target_keyword,https://dcboe.org/elections/election-results-archives,us_state_central_authority_sources.csv,,2026-10-09,false,false
discovered:9f4a87eeb17518f7,https://dcboe.org/elections/election-results-archives/september-12-primary-election,https://dcboe.org/elections/election-results-archives/september-12-primary-election,results_page_lead,,20,DC,state_election_authority,,September 12 Primary Election,,not_fetched,candidate,link_or_target_keyword,https://dcboe.org/elections/election-results-archives,us_state_central_authority_sources.csv,,2026-10-09,false,false
discovered:9ebc22b73d04a3b1,https://dcboe.org/elections/election-results-archives/september-13-primary-election-1994,https://dcboe.org/elections/election-results-archives/september-13-primary-election-1994,results_page_lead,,20,DC,state_election_authority,1994,September 13 Primary Election,,not_fetched,candidate,link_or_target_keyword,https://dcboe.org/elections/election-results-archives,us_state_central_authority_sources.csv,,2026-10-09,false,false
discovered:cf64dd2f04950f8f,https://dcboe.org/elections/election-results-archives/september-14-congressional-and-city-council-primary-election,https://dcboe.org/elections/election-results-archives/september-14-congressional-and-city-council-primary-election,results_page_lead,,20,DC,state_election_authority,,September 14 Congressional and City Council Primary Election,,not_fetched,candidate,link_or_target_keyword,https://dcboe.org/elections/election-results-archives,us_state_central_authority_sources.csv,,2026-10-09,false,false
discovered:57c1b9960df07ed3,https://dcboe.org/elections/election-results-archives/september-15-primary-election,https://dcboe.org/elections/election-results-archives/september-15-primary-election,results_page_lead,,20,DC,state_election_authority,,September 15 Primary Election,,not_fetched,candidate,link_or_target_keyword,https://dcboe.org/elections/election-results-archives,us_state_central_authority_sources.csv,,2026-10-09,false,false
discovered:3a7002f4ccd76532,https://dcboe.org/voters/register-to-vote/canvass-card,https://dcboe.org/voters/register-to-vote/canvass-card,results_page_lead,,20,DC,state_election_authority,,About Us | Ballot Measures | Candidates | Canvass Card | Community & Outreach | Election Workers | Elections | Quick Links | Skip to main content | Voters,,fetched,fetched_unverified,link_or_target_keyword,https://dcboe.org/ | https://dcboe.org/elections/election-results-archives | https://dcboe.org/voters/register-to-vote/canvass-card,us_state_central_authority_sources.csv,6997bcaa7173e2d0f74757ccc7a745379b78ae9eddf5349532d71242ccb75227,2026-10-09,false,false
discovered:4fc3e9af7a2fcbec,https://dos.fl.gov/elections/,https://dos.fl.gov/elections/,results_page_lead,,20,FL,state_election_authority,,,,fetched,fetched_unverified,link_or_target_keyword,https://dos.fl.gov/elections/,us_state_central_authority_sources.csv,4d6752eef240d423562d32516ed1bbb9f2908bd756ea89afd92420b8401ec921,2026-10-09,false,false
discovered:42cc88737f9e6799,https://dos.fl.gov/elections/data-statistics/elections-data/election-results-archive/,https://dos.fl.gov/elections/data-statistics/elections-data/election-results-archive/,results_page_lead,,20,FL,state_election_authority,,Election Results | Election Results Archive,,not_fetched,candidate,link_or_target_keyword,https://dos.fl.gov/elections/,us_state_central_authority_sources.csv,,2026-10-09,false,false
discovered:77c0cf2e11abe2b2,https://elect.ky.gov/About-Us/Pages/County-Clerks.aspx,https://elect.ky.gov/About-Us/Pages/County-Clerks.aspx,results_page_lead,,20,KY,state_election_authority,,,,fetched,fetched_unverified,link_or_target_keyword,https://elect.ky.gov/About-Us/Pages/County-Clerks.aspx,us_state_central_authority_sources.csv,f43af36c9219420bc1badad8ab37a21af46ad8a7d1096811bca6c984896349b2,2026-10-09,false,false
discovered:14e4dad8605c41ab,https://elect.ky.gov/Pages/2014-Recap-Sheets.aspx,https://elect.ky.gov/Pages/2014-Recap-Sheets.aspx,results_page_lead,,20,KY,statewide_results_lead,2014,2014 Primary and General Recap Sheets Unofficial Results,,not_fetched,candidate,link_or_target_keyword,https://elect.ky.gov/results/2010-2019/Pages/2014PrimaryandGeneralElectionResults.aspx,first_pass_state_result_surfaces.csv,,2026-10-09,false,false
discovered:a02c26eb4f7cfeba,https://elect.ky.gov/Pages/2015-Recap-Sheets.aspx,https://elect.ky.gov/Pages/2015-Recap-Sheets.aspx,results_page_lead,,20,KY,statewide_results_lead,2015,2015 Primary and General Recap Sheets Unofficial results,,not_fetched,candidate,link_or_target_keyword,https://elect.ky.gov/results/2010-2019/Pages/2015primaryandgeneralelectionresults.aspx,first_pass_state_result_surfaces.csv,,2026-10-09,false,false
discovered:fd25a9f5afb6d778,https://elect.ky.gov/Pages/2016recap-sheets.aspx,https://elect.ky.gov/Pages/2016recap-sheets.aspx,results_page_lead,,20,KY,statewide_results_lead,2016,2016 Primary and General Recap Sheets Unofficial results,,not_fetched,candidate,link_or_target_keyword,https://elect.ky.gov/results/2010-2019/Pages/2016primaryandgeneralelectionresults.aspx,first_pass_state_result_surfaces.csv,,2026-10-09,false,false
discovered:465e83c397c2a884,https://elect.ky.gov/SiteCollectionDocuments/Election%20Results/2000-2009/2000/00Gen_Statewidebyoffice.txt,https://elect.ky.gov/SiteCollectionDocuments/Election%20Results/2000-2009/2000/00Gen_Statewidebyoffice.txt,results_page_lead,,20,KY,statewide_results_lead,2000 | 2009,Statewide Election Results By Office,,not_fetched,candidate,link_or_target_keyword,https://elect.ky.gov/results/2000-2009/Pages/2000primaryandgeneralelectionresults.aspx,first_pass_state_result_surfaces.csv,,2026-10-09,false,false
discovered:953c195b0637235f,https://elect.ky.gov/SiteCollectionDocuments/Election%20Results/2000-2009/2002/General%20Election/2002statebyoffice.txt,https://elect.ky.gov/SiteCollectionDocuments/Election%20Results/2000-2009/2002/General%20Election/2002statebyoffice.txt,results_page_lead,,20,KY,statewide_results_lead,2000 | 2002 | 2009,Statewide Election Results By Office,,not_fetched,candidate,link_or_target_keyword,https://elect.ky.gov/results/2000-2009/Pages/2002primaryandgeneralelectionresults.aspx,first_pass_state_result_surfaces.csv,,2026-10-09,false,false
discovered:16e7ff6a142da6d6,https://elect.ky.gov/SiteCollectionDocuments/Election%20Results/2000-2009/2002/Primary%20Election/pristatebyoffice.txt,https://elect.ky.gov/SiteCollectionDocuments/Election%20Results/2000-2009/2002/Primary%20Election/pristatebyoffice.txt,results_page_lead,,20,KY,statewide_results_lead,2000 | 2002 | 2009,Statewide Election Results By Office,,not_fetched,candidate,link_or_target_keyword,https://elect.ky.gov/results/2000-2009/Pages/2002primaryandgeneralelectionresults.aspx,first_pass_state_result_surfaces.csv,,2026-10-09,false,false
discovered:487f28ae46a83b13,https://elect.ky.gov/SiteCollectionDocuments/Election%20Results/2000-2009/2003/General%20Election/statewidebyoffice.txt,https://elect.ky.gov/SiteCollectionDocuments/Election%20Results/2000-2009/2003/General%20Election/statewidebyoffice.txt,results_page_lead,,20,KY,statewide_results_lead,2000 | 2003 | 2009,Statewide Election Results By Office,,not_fetched,candidate,link_or_target_keyword,https://elect.ky.gov/results/2000-2009/Pages/2003primaryandgeneralelectionresults.aspx,first_pass_state_result_surfaces.csv,,2026-10-09,false,false
discovered:d111c05f5fe45b0b,https://elect.ky.gov/SiteCollectionDocuments/Election%20Results/2000-2009/2003/Primary%20Election/statewidebyoffice.txt,https://elect.ky.gov/SiteCollectionDocuments/Election%20Results/2000-2009/2003/Primary%20Election/statewidebyoffice.txt,results_page_lead,,20,KY,statewide_results_lead,2000 | 2003 | 2009,Statewide Election Results By Office,,not_fetched,candidate,link_or_target_keyword,https://elect.ky.gov/results/2000-2009/Pages/2003primaryandgeneralelectionresults.aspx,first_pass_state_result_surfaces.csv,,2026-10-09,false,false
discovered:b59499af4053bd62,https://elect.ky.gov/SiteCollectionDocuments/Election%20Results/2000-2009/2004/General%20Election/2004statebyoffice.txt,https://elect.ky.gov/SiteCollectionDocuments/Election%20Results/2000-2009/2004/General%20Election/2004statebyoffice.txt,results_page_lead,,20,KY,statewide_results_lead,2000 | 2004 | 2009,Statewide Election Results By Office,,not_fetched,candidate,link_or_target_keyword,https://elect.ky.gov/results/2000-2009/Pages/2004primaryandgeneralelectionresults.aspx,first_pass_state_result_surfaces.csv,,2026-10-09,false,false
discovered:618ac845381838f1,https://elect.ky.gov/SiteCollectionDocuments/Election%20Results/2000-2009/2004/Primary%20Election/STATEwidebyoffice.txt,https://elect.ky.gov/SiteCollectionDocuments/Election%20Results/2000-2009/2004/Primary%20Election/STATEwidebyoffice.txt,results_page_lead,,20,KY,statewide_results_lead,2000 | 2004 | 2009,Statewide Election Results By Office,,not_fetched,candidate,link_or_target_keyword,https://elect.ky.gov/results/2000-2009/Pages/2004primaryandgeneralelectionresults.aspx,first_pass_state_result_surfaces.csv,,2026-10-09,false,false
discovered:289996b667eabf51,https://elect.ky.gov/SiteCollectionDocuments/Election%20Results/2000-2009/2006/General%20Election/STATEwidebyoffice.txt,https://elect.ky.gov/SiteCollectionDocuments/Election%20Results/2000-2009/2006/General%20Election/STATEwidebyoffice.txt,results_page_lead,,20,KY,statewide_results_lead,2000 | 2006 | 2009,Statewide Election Results By Office,,not_fetched,candidate,link_or_target_keyword,https://elect.ky.gov/results/2000-2009/Pages/2006primaryandgeneralelectionresults.aspx,first_pass_state_result_surfaces.csv,,2026-10-09,false,false
discovered:be6cf4961d06bdfa,https://elect.ky.gov/SiteCollectionDocuments/Election%20Results/2000-2009/2006/Primary%20Election/STATEresultsbyoffice.txt,https://elect.ky.gov/SiteCollectionDocuments/Election%20Results/2000-2009/2006/Primary%20Election/STATEresultsbyoffice.txt,results_page_lead,,20,KY,statewide_results_lead,2000 | 2006 | 2009,Statewide Election Results By Office,,not_fetched,candidate,link_or_target_keyword,https://elect.ky.gov/results/2000-2009/Pages/2006primaryandgeneralelectionresults.aspx,first_pass_state_result_surfaces.csv,,2026-10-09,false,false
discovered:96fa5498d3bec3da,https://elect.ky.gov/SiteCollectionDocuments/Election%20Results/2000-2009/2007/General%20Election/STATEwidebyoffice.txt,https://elect.ky.gov/SiteCollectionDocuments/Election%20Results/2000-2009/2007/General%20Election/STATEwidebyoffice.txt,results_page_lead,,20,KY,statewide_results_lead,2000 | 2007 | 2009,Statewide Election Results By Office,,not_fetched,candidate,link_or_target_keyword,https://elect.ky.gov/results/2000-2009/Pages/2007primaryandgeneralelectionresults.aspx,first_pass_state_result_surfaces.csv,,2026-10-09,false,false
discovered:f7cedc41fda54cd0,https://elect.ky.gov/SiteCollectionDocuments/Election%20Results/2000-2009/2007/Primary%20Election/STATEwidebyoffice.txt,https://elect.ky.gov/SiteCollectionDocuments/Election%20Results/2000-2009/2007/Primary%20Election/STATEwidebyoffice.txt,results_page_lead,,20,KY,statewide_results_lead,2000 | 2007 | 2009,Statewide Election Results By Office,,not_fetched,candidate,link_or_target_keyword,https://elect.ky.gov/results/2000-2009/Pages/2007primaryandgeneralelectionresults.aspx,first_pass_state_result_surfaces.csv,,2026-10-09,false,false
discovered:d3fe226cc1fe9403,https://elect.ky.gov/SiteCollectionDocuments/Election%20Results/2000-2009/2008/General%20Election/STATEwide%20by%20office%20gen%2008.txt,https://elect.ky.gov/SiteCollectionDocuments/Election%20Results/2000-2009/2008/General%20Election/STATEwide%20by%20office%20gen%2008.txt,results_page_lead,,20,KY,statewide_results_lead,2000 | 2008 | 2009,Statewide Election Results By Office,,not_fetched,candidate,link_or_target_keyword,https://elect.ky.gov/results/2000-2009/Pages/2008primaryandgeneralelectionresults.aspx,first_pass_state_result_surfaces.csv,,2026-10-09,false,false
discovered:c7b586cfb4d8f428,https://elect.ky.gov/SiteCollectionDocuments/Election%20Results/2000-2009/2008/Primary%20Election/STATEwide%20by%20office%20Pri%2008.txt,https://elect.ky.gov/SiteCollectionDocuments/Election%20Results/2000-2009/2008/Primary%20Election/STATEwide%20by%20office%20Pri%2008.txt,results_page_lead,,20,KY,statewide_results_lead,2000 | 2008 | 2009,Statewide Election Results By Office,,not_fetched,candidate,link_or_target_keyword,https://elect.ky.gov/results/2000-2009/Pages/2008primaryandgeneralelectionresults.aspx,first_pass_state_result_surfaces.csv,,2026-10-09,false,false
discovered:fb2a8dc96c37e013,https://elect.ky.gov/results/1973-1979/Pages/1973.aspx,https://elect.ky.gov/results/1973-1979/Pages/1973.aspx,results_page_lead,,20,KY,state_election_authority | statewide_results_lead,1973 | 1979,1973 Primary and General Election Results,,fetched,fetched_unverified,link_or_target_keyword,https://elect.ky.gov/About-Us/Pages/County-Clerks.aspx | https://elect.ky.gov/results/1973-1979/Pages/1973.aspx | https://elect.ky.gov/results/1973-1979/Pages/1974.aspx | https://elect.ky.gov/results/1973-1979/Pages/1975.aspx | https://elect.ky.gov/results/1973-1979/Pages/1976.aspx | https://elect.ky.gov/results/1973-1979/Pages/1977.aspx | https://elect.ky.gov/results/1973-1979/Pages/1978.aspx | https://elect.ky.gov/results/1973-1979/Pages/1979.aspx | https://elect.ky.gov/results/Pages/default.aspx,first_pass_state_result_surfaces.csv | us_state_central_authority_sources.csv,80553d349e5766d298cc211360f9b5c338165b64c207109582fb27bc00db5558,2026-10-09T21:50:04.710142+00:00,false,false
discovered:39e38e2d684463fb,https://elect.ky.gov/results/1973-1979/Pages/1974.aspx,https://elect.ky.gov/results/1973-1979/Pages/1974.aspx,results_page_lead,,20,KY,state_election_authority | statewide_results_lead,1973 | 1974 | 1979,1974 Primary and General Election Results,,fetched,fetched_unverified,link_or_target_keyword,https://elect.ky.gov/About-Us/Pages/County-Clerks.aspx | https://elect.ky.gov/results/1973-1979/Pages/1973.aspx | https://elect.ky.gov/results/1973-1979/Pages/1974.aspx | https://elect.ky.gov/results/1973-1979/Pages/1975.aspx | https://elect.ky.gov/results/1973-1979/Pages/1976.aspx | https://elect.ky.gov/results/1973-1979/Pages/1977.aspx | https://elect.ky.gov/results/1973-1979/Pages/1978.aspx | https://elect.ky.gov/results/1973-1979/Pages/1979.aspx | https://elect.ky.gov/results/Pages/default.aspx,first_pass_state_result_surfaces.csv | us_state_central_authority_sources.csv,384aa823b2154531fce344dcd841591fc2fd19d33d0a29b6e36576c7c4fbc694,2026-10-09T21:50:05.096955+00:00,false,false
discovered:8f7e084d33cb18ca,https://elect.ky.gov/results/1973-1979/Pages/1975.aspx,https://elect.ky.gov/results/1973-1979/Pages/1975.aspx,results_page_lead,,20,KY,state_election_authority | statewide_results_lead,1973 | 1975 | 1979,1975 Primary and General Election Results,,fetched,fetched_unverified,link_or_target_keyword,https://elect.ky.gov/About-Us/Pages/County-Clerks.aspx | https://elect.ky.gov/results/1973-1979/Pages/1973.aspx | https://elect.ky.gov/results/1973-1979/Pages/1974.aspx | https://elect.ky.gov/results/1973-1979/Pages/1975.aspx | https://elect.ky.gov/results/1973-1979/Pages/1976.aspx | https://elect.ky.gov/results/1973-1979/Pages/1977.aspx | https://elect.ky.gov/results/1973-1979/Pages/1978.aspx | https://elect.ky.gov/results/1973-1979/Pages/1979.aspx | https://elect.ky.gov/results/Pages/default.aspx,first_pass_state_result_surfaces.csv | us_state_central_authority_sources.csv,3af4bab0028434312655ff0bd25d3c75c4a12bcef92fd04e3db4ffd9ec18e01b,2026-10-09T21:50:06.082398+00:00,false,false
discovered:b12764d65fb69855,https://elect.ky.gov/results/1973-1979/Pages/1976.aspx,https://elect.ky.gov/results/1973-1979/Pages/1976.aspx,results_page_lead,,20,KY,state_election_authority | statewide_results_lead,1973 | 1976 | 1979,1976 Primary and General Election Results,,fetched,fetched_unverified,link_or_target_keyword,https://elect.ky.gov/About-Us/Pages/County-Clerks.aspx | https://elect.ky.gov/results/1973-1979/Pages/1973.aspx | https://elect.ky.gov/results/1973-1979/Pages/1974.aspx | https://elect.ky.gov/results/1973-1979/Pages/1975.aspx | https://elect.ky.gov/results/1973-1979/Pages/1976.aspx | https://elect.ky.gov/results/1973-1979/Pages/1977.aspx | https://elect.ky.gov/results/1973-1979/Pages/1978.aspx | https://elect.ky.gov/results/1973-1979/Pages/1979.aspx | https://elect.ky.gov/results/Pages/default.aspx,first_pass_state_result_surfaces.csv | us_state_central_authority_sources.csv,fad31adfb4bbc462339714fe58cfd82062a9dc02e7dcf2dee771ef14515de057,2026-10-09T21:50:07.214312+00:00,false,false
discovered:46217759c236c6f3,https://elect.ky.gov/results/1973-1979/Pages/1977.aspx,https://elect.ky.gov/results/1973-1979/Pages/1977.aspx,results_page_lead,,20,KY,state_election_authority | statewide_results_lead,1973 | 1977 | 1979,1977 Primary and General Election Results,,fetched,fetched_unverified,link_or_target_keyword,https://elect.ky.gov/About-Us/Pages/County-Clerks.aspx | https://elect.ky.gov/results/1973-1979/Pages/1973.aspx | https://elect.ky.gov/results/1973-1979/Pages/1974.aspx | https://elect.ky.gov/results/1973-1979/Pages/1975.aspx | https://elect.ky.gov/results/1973-1979/Pages/1976.aspx | https://elect.ky.gov/results/1973-1979/Pages/1977.aspx | https://elect.ky.gov/results/1973-1979/Pages/1978.aspx | https://elect.ky.gov/results/1973-1979/Pages/1979.aspx | https://elect.ky.gov/results/Pages/default.aspx,first_pass_state_result_surfaces.csv | us_state_central_authority_sources.csv,8ec54b92e3aa44f547916082f0dffe347f32ed0611628508f1d629b93ab237eb,2026-10-09T21:50:08.092105+00:00,false,false
discovered:3d8d7095bc4c486a,https://elect.ky.gov/results/1973-1979/Pages/1978.aspx,https://elect.ky.gov/results/1973-1979/Pages/1978.aspx,results_page_lead,,20,KY,state_election_authority | statewide_results_lead,1973 | 1978 | 1979,1978 Primary and General Election Results,,fetched,fetched_unverified,link_or_target_keyword,https://elect.ky.gov/About-Us/Pages/County-Clerks.aspx | https://elect.ky.gov/results/1973-1979/Pages/1973.aspx | https://elect.ky.gov/results/1973-1979/Pages/1974.aspx | https://elect.ky.gov/results/1973-1979/Pages/1975.aspx | https://elect.ky.gov/results/1973-1979/Pages/1976.aspx | https://elect.ky.gov/results/1973-1979/Pages/1977.aspx | https://elect.ky.gov/results/1973-1979/Pages/1978.aspx | https://elect.ky.gov/results/1973-1979/Pages/1979.aspx | https://elect.ky.gov/results/Pages/default.aspx,first_pass_state_result_surfaces.csv | us_state_central_authority_sources.csv,7575699d48867f34ad2965a655b0dcef3cddbb6177c837b8e417dd4feb897ed4,2026-10-09T21:50:09.159065+00:00,false,false
discovered:a914d32c51a32838,https://elect.ky.gov/results/1973-1979/Pages/1979.aspx,https://elect.ky.gov/results/1973-1979/Pages/1979.aspx,results_page_lead,,20,KY,state_election_authority | statewide_results_lead,1973 | 1979,1979 Primary and General Election Results,,fetched,fetched_unverified,link_or_target_keyword,https://elect.ky.gov/About-Us/Pages/County-Clerks.aspx | https://elect.ky.gov/results/1973-1979/Pages/1973.aspx | https://elect.ky.gov/results/1973-1979/Pages/1974.aspx | https://elect.ky.gov/results/1973-1979/Pages/1975.aspx | https://elect.ky.gov/results/1973-1979/Pages/1976.aspx | https://elect.ky.gov/results/1973-1979/Pages/1977.aspx | https://elect.ky.gov/results/1973-1979/Pages/1978.aspx | https://elect.ky.gov/results/1973-1979/Pages/1979.aspx | https://elect.ky.gov/results/Pages/default.aspx,first_pass_state_result_surfaces.csv | us_state_central_authority_sources.csv,d4ac4c10f8925655fbc3d625204deb53183edb9307e8200b1ccfa49db747b166,2026-10-09T21:50:10.156182+00:00,false,false
discovered:c155b774f37c2d41,https://elect.ky.gov/results/1980-1989/Pages/1980.aspx,https://elect.ky.gov/results/1980-1989/Pages/1980.aspx,results_page_lead,,20,KY,state_election_authority | statewide_results_lead,1980 | 1989,1980 Primary and General Election Results,,fetched,fetched_unverified,link_or_target_keyword,https://elect.ky.gov/About-Us/Pages/County-Clerks.aspx | https://elect.ky.gov/results/1980-1989/Pages/1980.aspx | https://elect.ky.gov/results/1980-1989/Pages/1981.aspx | https://elect.ky.gov/results/1980-1989/Pages/1982.aspx | https://elect.ky.gov/results/1980-1989/Pages/1983.aspx | https://elect.ky.gov/results/1980-1989/Pages/1984.aspx | https://elect.ky.gov/results/1980-1989/Pages/1985.aspx | https://elect.ky.gov/results/1980-1989/Pages/1986.aspx | https://elect.ky.gov/results/1980-1989/Pages/1987.aspx | https://elect.ky.gov/results/1980-1989/Pages/1988.aspx | https://elect.ky.gov/results/1980-1989/Pages/1989.aspx | https://elect.ky.gov/results/Pages/default.aspx,first_pass_state_result_surfaces.csv | us_state_central_authority_sources.csv,b5b3600f3203e4ea36b6d590c969514689f6be18af84318169e7c8b9fac1cc6d,2026-10-09T21:50:11.151770+00:00,false,false
discovered:8b727cab47787ad6,https://elect.ky.gov/results/1980-1989/Pages/1981.aspx,https://elect.ky.gov/results/1980-1989/Pages/1981.aspx,results_page_lead,,20,KY,state_election_authority | statewide_results_lead,1980 | 1981 | 1989,1981 Primary and General Election Results,,fetched,fetched_unverified,link_or_target_keyword,https://elect.ky.gov/About-Us/Pages/County-Clerks.aspx | https://elect.ky.gov/results/1980-1989/Pages/1980.aspx | https://elect.ky.gov/results/1980-1989/Pages/1981.aspx | https://elect.ky.gov/results/1980-1989/Pages/1982.aspx | https://elect.ky.gov/results/1980-1989/Pages/1983.aspx | https://elect.ky.gov/results/1980-1989/Pages/1984.aspx | https://elect.ky.gov/results/1980-1989/Pages/1985.aspx | https://elect.ky.gov/results/1980-1989/Pages/1986.aspx | https://elect.ky.gov/results/1980-1989/Pages/1987.aspx | https://elect.ky.gov/results/1980-1989/Pages/1988.aspx | https://elect.ky.gov/results/1980-1989/Pages/1989.aspx | https://elect.ky.gov/results/Pages/default.aspx,first_pass_state_result_surfaces.csv | us_state_central_authority_sources.csv,756d426e2b31fe8f7291afaba0863118c217ab8be35c943efdefeae1877fadc5,2026-10-09T21:50:12.041222+00:00,false,false
discovered:90ebe2870dbcf33e,https://elect.ky.gov/results/1980-1989/Pages/1982.aspx,https://elect.ky.gov/results/1980-1989/Pages/1982.aspx,results_page_lead,,20,KY,state_election_authority | statewide_results_lead,1980 | 1982 | 1989,1982 Primary and General Election Results,,fetched,fetched_unverified,link_or_target_keyword,https://elect.ky.gov/About-Us/Pages/County-Clerks.aspx | https://elect.ky.gov/results/1980-1989/Pages/1980.aspx | https://elect.ky.gov/results/1980-1989/Pages/1981.aspx | https://elect.ky.gov/results/1980-1989/Pages/1982.aspx | https://elect.ky.gov/results/1980-1989/Pages/1983.aspx | https://elect.ky.gov/results/1980-1989/Pages/1984.aspx | https://elect.ky.gov/results/1980-1989/Pages/1985.aspx | https://elect.ky.gov/results/1980-1989/Pages/1986.aspx | https://elect.ky.gov/results/1980-1989/Pages/1987.aspx | https://elect.ky.gov/results/1980-1989/Pages/1988.aspx | https://elect.ky.gov/results/1980-1989/Pages/1989.aspx | https://elect.ky.gov/results/Pages/default.aspx,first_pass_state_result_surfaces.csv | us_state_central_authority_sources.csv,a2f14dc7e68afa290b5df881351503c37be96bb46fa935ba12a020fc5dcfadd4,2026-10-09T21:50:13.356741+00:00,false,false
discovered:fd3115bdbe6456c2,https://elect.ky.gov/results/1980-1989/Pages/1983.aspx,https://elect.ky.gov/results/1980-1989/Pages/1983.aspx,results_page_lead,,20,KY,state_election_authority | statewide_results_lead,1980 | 1983 | 1989,1983 Primary and General Election Results,,fetched,fetched_unverified,link_or_target_keyword,https://elect.ky.gov/About-Us/Pages/County-Clerks.aspx | https://elect.ky.gov/results/1980-1989/Pages/1980.aspx | https://elect.ky.gov/results/1980-1989/Pages/1981.aspx | https://elect.ky.gov/results/1980-1989/Pages/1982.aspx | https://elect.ky.gov/results/1980-1989/Pages/1983.aspx | https://elect.ky.gov/results/1980-1989/Pages/1984.aspx | https://elect.ky.gov/results/1980-1989/Pages/1985.aspx | https://elect.ky.gov/results/1980-1989/Pages/1986.aspx | https://elect.ky.gov/results/1980-1989/Pages/1987.aspx | https://elect.ky.gov/results/1980-1989/Pages/1988.aspx | https://elect.ky.gov/results/1980-1989/Pages/1989.aspx | https://elect.ky.gov/results/Pages/default.aspx,first_pass_state_result_surfaces.csv | us_state_central_authority_sources.csv,357d93f2e6f65dfdb70dbd1c34c8d51ac59533edb116564b294f260465384bcf,2026-10-09T21:50:14.110316+00:00,false,false
discovered:1a36b68ed0a2f9af,https://elect.ky.gov/results/1980-1989/Pages/1984.aspx,https://elect.ky.gov/results/1980-1989/Pages/1984.aspx,results_page_lead,,20,KY,state_election_authority | statewide_results_lead,1980 | 1984 | 1989,1984 Primary and General Election Results,,fetched,fetched_unverified,link_or_target_keyword,https://elect.ky.gov/About-Us/Pages/County-Clerks.aspx | https://elect.ky.gov/results/1980-1989/Pages/1980.aspx | https://elect.ky.gov/results/1980-1989/Pages/1981.aspx | https://elect.ky.gov/results/1980-1989/Pages/1982.aspx | https://elect.ky.gov/results/1980-1989/Pages/1983.aspx | https://elect.ky.gov/results/1980-1989/Pages/1984.aspx | https://elect.ky.gov/results/1980-1989/Pages/1985.aspx | https://elect.ky.gov/results/1980-1989/Pages/1986.aspx | https://elect.ky.gov/results/1980-1989/Pages/1987.aspx | https://elect.ky.gov/results/1980-1989/Pages/1988.aspx | https://elect.ky.gov/results/1980-1989/Pages/1989.aspx | https://elect.ky.gov/results/Pages/default.aspx,first_pass_state_result_surfaces.csv | us_state_central_authority_sources.csv,1cbbf0279d55a9bf4bdf11f1e00092e9a13029f05f43b538276707152ff943e4,2026-10-09T21:50:15.171287+00:00,false,false
discovered:21fcd0ebbcfc7f1e,https://elect.ky.gov/results/1980-1989/Pages/1985.aspx,https://elect.ky.gov/results/1980-1989/Pages/1985.aspx,results_page_lead,,20,KY,state_election_authority | statewide_results_lead,1980 | 1985 | 1989,1985 Primary and General Election Results,,fetched,fetched_unverified,link_or_target_keyword,https://elect.ky.gov/About-Us/Pages/County-Clerks.aspx | https://elect.ky.gov/results/1980-1989/Pages/1980.aspx | https://elect.ky.gov/results/1980-1989/Pages/1981.aspx | https://elect.ky.gov/results/1980-1989/Pages/1982.aspx | https://elect.ky.gov/results/1980-1989/Pages/1983.aspx | https://elect.ky.gov/results/1980-1989/Pages/1984.aspx | https://elect.ky.gov/results/1980-1989/Pages/1985.aspx | https://elect.ky.gov/results/1980-1989/Pages/1986.aspx | https://elect.ky.gov/results/1980-1989/Pages/1987.aspx | https://elect.ky.gov/results/1980-1989/Pages/1988.aspx | https://elect.ky.gov/results/1980-1989/Pages/1989.aspx | https://elect.ky.gov/results/Pages/default.aspx,first_pass_state_result_surfaces.csv | us_state_central_authority_sources.csv,42a112479d547d11ab28f5e9f9c5cee3090c09ef12a2743034f153ce0302ecd3,2026-10-09T21:50:16.134157+00:00,false,false
discovered:01b08068257c331b,https://elect.ky.gov/results/1980-1989/Pages/1986.aspx,https://elect.ky.gov/results/1980-1989/Pages/1986.aspx,results_page_lead,,20,KY,state_election_authority | statewide_results_lead,1980 | 1986 | 1989,1986 Primary and General Election Results,,fetched,fetched_unverified,link_or_target_keyword,https://elect.ky.gov/About-Us/Pages/County-Clerks.aspx | https://elect.ky.gov/results/1980-1989/Pages/1980.aspx | https://elect.ky.gov/results/1980-1989/Pages/1981.aspx | https://elect.ky.gov/results/1980-1989/Pages/1982.aspx | https://elect.ky.gov/results/1980-1989/Pages/1983.aspx | https://elect.ky.gov/results/1980-1989/Pages/1984.aspx | https://elect.ky.gov/results/1980-1989/Pages/1985.aspx | https://elect.ky.gov/results/1980-1989/Pages/1986.aspx | https://elect.ky.gov/results/1980-1989/Pages/1987.aspx | https://elect.ky.gov/results/1980-1989/Pages/1988.aspx | https://elect.ky.gov/results/1980-1989/Pages/1989.aspx | https://elect.ky.gov/results/Pages/default.aspx,first_pass_state_result_surfaces.csv | us_state_central_authority_sources.csv,c972d9713e53254073da2097271b656e36d3bf2f8633a041c34eb26be70f5574,2026-10-09T21:50:17.219784+00:00,false,false
discovered:017b8fc13f48cc5e,https://elect.ky.gov/results/1980-1989/Pages/1987.aspx,https://elect.ky.gov/results/1980-1989/Pages/1987.aspx,results_page_lead,,20,KY,state_election_authority | statewide_results_lead,1980 | 1987 | 1989,1987 Primary and General Election Results,,fetched,fetched_unverified,link_or_target_keyword,https://elect.ky.gov/About-Us/Pages/County-Clerks.aspx | https://elect.ky.gov/results/1980-1989/Pages/1980.aspx | https://elect.ky.gov/results/1980-1989/Pages/1981.aspx | https://elect.ky.gov/results/1980-1989/Pages/1982.aspx | https://elect.ky.gov/results/1980-1989/Pages/1983.aspx | https://elect.ky.gov/results/1980-1989/Pages/1984.aspx | https://elect.ky.gov/results/1980-1989/Pages/1985.aspx | https://elect.ky.gov/results/1980-1989/Pages/1986.aspx | https://elect.ky.gov/results/1980-1989/Pages/1987.aspx | https://elect.ky.gov/results/1980-1989/Pages/1988.aspx | https://elect.ky.gov/results/1980-1989/Pages/1989.aspx | https://elect.ky.gov/results/Pages/default.aspx,first_pass_state_result_surfaces.csv | us_state_central_authority_sources.csv,3cbf98e1052854fc9e5ff85d2314901eb0856393c21aacfac5e596dab31c7ea7,2026-10-09T21:50:18.112010+00:00,false,false
discovered:6fd1459e1d356408,https://elect.ky.gov/results/1980-1989/Pages/1988.aspx,https://elect.ky.gov/results/1980-1989/Pages/1988.aspx,results_page_lead,,20,KY,state_election_authority | statewide_results_lead,1980 | 1988 | 1989,1988 Primary and General Election Results,,fetched,fetched_unverified,link_or_target_keyword,https://elect.ky.gov/About-Us/Pages/County-Clerks.aspx | https://elect.ky.gov/results/1980-1989/Pages/1980.aspx | https://elect.ky.gov/results/1980-1989/Pages/1981.aspx | https://elect.ky.gov/results/1980-1989/Pages/1982.aspx | https://elect.ky.gov/results/1980-1989/Pages/1983.aspx | https://elect.ky.gov/results/1980-1989/Pages/1984.aspx | https://elect.ky.gov/results/1980-1989/Pages/1985.aspx | https://elect.ky.gov/results/1980-1989/Pages/1986.aspx | https://elect.ky.gov/results/1980-1989/Pages/1987.aspx | https://elect.ky.gov/results/1980-1989/Pages/1988.aspx | https://elect.ky.gov/results/1980-1989/Pages/1989.aspx | https://elect.ky.gov/results/Pages/default.aspx,first_pass_state_result_surfaces.csv | us_state_central_authority_sources.csv,725a9d7b4e594e3c51a2dacbaac632ae2d55b658e38f5db5701f01cb55a6ff9c,2026-10-09T21:50:19.194870+00:00,false,false
discovered:229448ec501b4ad9,https://elect.ky.gov/results/1980-1989/Pages/1989.aspx,https://elect.ky.gov/results/1980-1989/Pages/1989.aspx,results_page_lead,,20,KY,state_election_authority | statewide_results_lead,1980 | 1989,1989 Primary and General Election Results,,fetched,fetched_unverified,link_or_target_keyword,https://elect.ky.gov/About-Us/Pages/County-Clerks.aspx | https://elect.ky.gov/results/1980-1989/Pages/1980.aspx | https://elect.ky.gov/results/1980-1989/Pages/1981.aspx | https://elect.ky.gov/results/1980-1989/Pages/1982.aspx | https://elect.ky.gov/results/1980-1989/Pages/1983.aspx | https://elect.ky.gov/results/1980-1989/Pages/1984.aspx | https://elect.ky.gov/results/1980-1989/Pages/1985.aspx | https://elect.ky.gov/results/1980-1989/Pages/1986.aspx | https://elect.ky.gov/results/1980-1989/Pages/1987.aspx | https://elect.ky.gov/results/1980-1989/Pages/1988.aspx | https://elect.ky.gov/results/1980-1989/Pages/1989.aspx | https://elect.ky.gov/results/Pages/default.aspx,first_pass_state_result_surfaces.csv | us_state_central_authority_sources.csv,b808eedfee9f7f1d7d26fa9aaf5db6b418d8773d0a393388a20aa2c77994228f,2026-10-09T21:50:20.063826+00:00,false,false
discovered:d29727dc17233e10,https://elect.ky.gov/results/1990-1999/Pages/1990.aspx,https://elect.ky.gov/results/1990-1999/Pages/1990.aspx,results_page_lead,,20,KY,state_election_authority | statewide_results_lead,1990 | 1999,1990 Primary and General Election Results,,fetched,fetched_unverified,link_or_target_keyword,https://elect.ky.gov/About-Us/Pages/County-Clerks.aspx | https://elect.ky.gov/results/1990-1999/Pages/1990.aspx | https://elect.ky.gov/results/1990-1999/Pages/1991.aspx | https://elect.ky.gov/results/1990-1999/Pages/1992.aspx | https://elect.ky.gov/results/1990-1999/Pages/1993.aspx | https://elect.ky.gov/results/1990-1999/Pages/1994.aspx | https://elect.ky.gov/results/1990-1999/Pages/1995.aspx | https://elect.ky.gov/results/1990-1999/Pages/1996.aspx | https://elect.ky.gov/results/1990-1999/Pages/1997.aspx | https://elect.ky.gov/results/1990-1999/Pages/1998.aspx | https://elect.ky.gov/results/1990-1999/Pages/1999.aspx | https://elect.ky.gov/results/Pages/default.aspx,first_pass_state_result_surfaces.csv | us_state_central_authority_sources.csv,f80fcc1724cef705a4e7e1bfe7cdf34f391412d87868962a951a65309ecddbdb,2026-10-09T21:50:21.168060+00:00,false,false
discovered:d75f5a97b97d4713,https://elect.ky.gov/results/1990-1999/Pages/1991.aspx,https://elect.ky.gov/results/1990-1999/Pages/1991.aspx,results_page_lead,,20,KY,state_election_authority | statewide_results_lead,1990 | 1991 | 1999,1991 Primary and General Election Results,,fetched,fetched_unverified,link_or_target_keyword,https://elect.ky.gov/About-Us/Pages/County-Clerks.aspx | https://elect.ky.gov/results/1990-1999/Pages/1990.aspx | https://elect.ky.gov/results/1990-1999/Pages/1991.aspx | https://elect.ky.gov/results/1990-1999/Pages/1992.aspx | https://elect.ky.gov/results/1990-1999/Pages/1993.aspx | https://elect.ky.gov/results/1990-1999/Pages/1994.aspx | https://elect.ky.gov/results/1990-1999/Pages/1995.aspx | https://elect.ky.gov/results/1990-1999/Pages/1996.aspx | https://elect.ky.gov/results/1990-1999/Pages/1997.aspx | https://elect.ky.gov/results/1990-1999/Pages/1998.aspx | https://elect.ky.gov/results/1990-1999/Pages/1999.aspx | https://elect.ky.gov/results/Pages/default.aspx,first_pass_state_result_surfaces.csv | us_state_central_authority_sources.csv,0b6f3416b355953e42e2208ef3085f8ab64fdc9aafd186995e1988d46eab2adb,2026-10-09T21:50:22.365810+00:00,false,false
discovered:2569cad6910aedf2,https://elect.ky.gov/results/1990-1999/Pages/1992.aspx,https://elect.ky.gov/results/1990-1999/Pages/1992.aspx,results_page_lead,,20,KY,state_election_authority | statewide_results_lead,1990 | 1992 | 1999,1992 Primary and General Election Results,,fetched,fetched_unverified,link_or_target_keyword,https://elect.ky.gov/About-Us/Pages/County-Clerks.aspx | https://elect.ky.gov/results/1990-1999/Pages/1990.aspx | https://elect.ky.gov/results/1990-1999/Pages/1991.aspx | https://elect.ky.gov/results/1990-1999/Pages/1992.aspx | https://elect.ky.gov/results/1990-1999/Pages/1993.aspx | https://elect.ky.gov/results/1990-1999/Pages/1994.aspx | https://elect.ky.gov/results/1990-1999/Pages/1995.aspx | https://elect.ky.gov/results/1990-1999/Pages/1996.aspx | https://elect.ky.gov/results/1990-1999/Pages/1997.aspx | https://elect.ky.gov/results/1990-1999/Pages/1998.aspx | https://elect.ky.gov/results/1990-1999/Pages/1999.aspx | https://elect.ky.gov/results/Pages/default.aspx,first_pass_state_result_surfaces.csv | us_state_central_authority_sources.csv,5a8d21da9f2f74883edc476d2c79194a3c94a4de2129c0642602273e7882ff1d,2026-10-09T21:50:23.189507+00:00,false,false
discovered:356a5d5c55952341,https://elect.ky.gov/results/1990-1999/Pages/1993.aspx,https://elect.ky.gov/results/1990-1999/Pages/1993.aspx,results_page_lead,,20,KY,state_election_authority | statewide_results_lead,1990 | 1993 | 1999,1993 Primary and General Election Results,,fetched,fetched_unverified,link_or_target_keyword,https://elect.ky.gov/About-Us/Pages/County-Clerks.aspx | https://elect.ky.gov/results/1990-1999/Pages/1990.aspx | https://elect.ky.gov/results/1990-1999/Pages/1991.aspx | https://elect.ky.gov/results/1990-1999/Pages/1992.aspx | https://elect.ky.gov/results/1990-1999/Pages/1993.aspx | https://elect.ky.gov/results/1990-1999/Pages/1994.aspx | https://elect.ky.gov/results/1990-1999/Pages/1995.aspx | https://elect.ky.gov/results/1990-1999/Pages/1996.aspx | https://elect.ky.gov/results/1990-1999/Pages/1997.aspx | https://elect.ky.gov/results/1990-1999/Pages/1998.aspx | https://elect.ky.gov/results/1990-1999/Pages/1999.aspx | https://elect.ky.gov/results/Pages/default.aspx,first_pass_state_result_surfaces.csv | us_state_central_authority_sources.csv,dbfd2782bae6133cdec0d154e5c78cbae2cb81650d0945f7c21e37f6dad7aad8,2026-10-09T21:50:24.211161+00:00,false,false
discovered:5741118e95998c69,https://elect.ky.gov/results/1990-1999/Pages/1994.aspx,https://elect.ky.gov/results/1990-1999/Pages/1994.aspx,results_page_lead,,20,KY,state_election_authority | statewide_results_lead,1990 | 1994 | 1999,1994 Primary and General Election Results,,fetched,fetched_unverified,link_or_target_keyword,https://elect.ky.gov/About-Us/Pages/County-Clerks.aspx | https://elect.ky.gov/results/1990-1999/Pages/1990.aspx | https://elect.ky.gov/results/1990-1999/Pages/1991.aspx | https://elect.ky.gov/results/1990-1999/Pages/1992.aspx | https://elect.ky.gov/results/1990-1999/Pages/1993.aspx | https://elect.ky.gov/results/1990-1999/Pages/1994.aspx | https://elect.ky.gov/results/1990-1999/Pages/1995.aspx | https://elect.ky.gov/results/1990-1999/Pages/1996.aspx | https://elect.ky.gov/results/1990-1999/Pages/1997.aspx | https://elect.ky.gov/results/1990-1999/Pages/1998.aspx | https://elect.ky.gov/results/1990-1999/Pages/1999.aspx | https://elect.ky.gov/results/Pages/default.aspx,first_pass_state_result_surfaces.csv | us_state_central_authority_sources.csv,3f7b398380d207cb0a4f1ee95b824277b11d1acd2613c2f5fb15a75f73a1ff48,2026-10-09T21:50:25.235010+00:00,false,false
discovered:60e9dbedc147aa29,https://elect.ky.gov/results/1990-1999/Pages/1995.aspx,https://elect.ky.gov/results/1990-1999/Pages/1995.aspx,results_page_lead,,20,KY,state_election_authority | statewide_results_lead,1990 | 1995 | 1999,1995 Primary and General Election Results,,fetched,fetched_unverified,link_or_target_keyword,https://elect.ky.gov/About-Us/Pages/County-Clerks.aspx | https://elect.ky.gov/results/1990-1999/Pages/1990.aspx | https://elect.ky.gov/results/1990-1999/Pages/1991.aspx | https://elect.ky.gov/results/1990-1999/Pages/1992.aspx | https://elect.ky.gov/results/1990-1999/Pages/1993.aspx | https://elect.ky.gov/results/1990-1999/Pages/1994.aspx | https://elect.ky.gov/results/1990-1999/Pages/1995.aspx | https://elect.ky.gov/results/1990-1999/Pages/1996.aspx | https://elect.ky.gov/results/1990-1999/Pages/1997.aspx | https://elect.ky.gov/results/1990-1999/Pages/1998.aspx | https://elect.ky.gov/results/1990-1999/Pages/1999.aspx | https://elect.ky.gov/results/Pages/default.aspx,first_pass_state_result_surfaces.csv | us_state_central_authority_sources.csv,704c4d2449a0044ef1a3a357ebea31d7cb0c1308b05de819aa46364c727221ce,2026-10-09T21:50:26.198060+00:00,false,false
discovered:ac02eb30d038927b,https://elect.ky.gov/results/1990-1999/Pages/1996.aspx,https://elect.ky.gov/results/1990-1999/Pages/1996.aspx,results_page_lead,,20,KY,state_election_authority | statewide_results_lead,1990 | 1996 | 1999,1996 Primary and General Election Results,,fetched,fetched_unverified,link_or_target_keyword,https://elect.ky.gov/About-Us/Pages/County-Clerks.aspx | https://elect.ky.gov/results/1990-1999/Pages/1990.aspx | https://elect.ky.gov/results/1990-1999/Pages/1991.aspx | https://elect.ky.gov/results/1990-1999/Pages/1992.aspx | https://elect.ky.gov/results/1990-1999/Pages/1993.aspx | https://elect.ky.gov/results/1990-1999/Pages/1994.aspx | https://elect.ky.gov/results/1990-1999/Pages/1995.aspx | https://elect.ky.gov/results/1990-1999/Pages/1996.aspx | https://elect.ky.gov/results/1990-1999/Pages/1997.aspx | https://elect.ky.gov/results/1990-1999/Pages/1998.aspx | https://elect.ky.gov/results/1990-1999/Pages/1999.aspx | https://elect.ky.gov/results/Pages/default.aspx,first_pass_state_result_surfaces.csv | us_state_central_authority_sources.csv,32a6186112479592e7d40ba0bf0c96f4052141294997e7f0274e4ad09adef18f,2026-10-09T21:50:27.200331+00:00,false,false
discovered:df0f66ab657442e3,https://elect.ky.gov/results/1990-1999/Pages/1997.aspx,https://elect.ky.gov/results/1990-1999/Pages/1997.aspx,results_page_lead,,20,KY,state_election_authority | statewide_results_lead,1990 | 1997 | 1999,1997 Primary and General Election Results,,fetched,fetched_unverified,link_or_target_keyword,https://elect.ky.gov/About-Us/Pages/County-Clerks.aspx | https://elect.ky.gov/results/1990-1999/Pages/1990.aspx | https://elect.ky.gov/results/1990-1999/Pages/1991.aspx | https://elect.ky.gov/results/1990-1999/Pages/1992.aspx | https://elect.ky.gov/results/1990-1999/Pages/1993.aspx | https://elect.ky.gov/results/1990-1999/Pages/1994.aspx | https://elect.ky.gov/results/1990-1999/Pages/1995.aspx | https://elect.ky.gov/results/1990-1999/Pages/1996.aspx | https://elect.ky.gov/results/1990-1999/Pages/1997.aspx | https://elect.ky.gov/results/1990-1999/Pages/1998.aspx | https://elect.ky.gov/results/1990-1999/Pages/1999.aspx | https://elect.ky.gov/results/Pages/default.aspx,first_pass_state_result_surfaces.csv | us_state_central_authority_sources.csv,e04fbe3d73fc862b12f3c79916f06d79f901774afa080008f0673890c227522f,2026-10-09T21:50:28.186315+00:00,false,false
discovered:0c3cbcf7f1f53a53,https://elect.ky.gov/results/1990-1999/Pages/1998.aspx,https://elect.ky.gov/results/1990-1999/Pages/1998.aspx,results_page_lead,,20,KY,state_election_authority | statewide_results_lead,1990 | 1998 | 1999,1998 Primary and General Election Results,,fetched,fetched_unverified,link_or_target_keyword,https://elect.ky.gov/About-Us/Pages/County-Clerks.aspx | https://elect.ky.gov/results/1990-1999/Pages/1990.aspx | https://elect.ky.gov/results/1990-1999/Pages/1991.aspx | https://elect.ky.gov/results/1990-1999/Pages/1992.aspx | https://elect.ky.gov/results/1990-1999/Pages/1993.aspx | https://elect.ky.gov/results/1990-1999/Pages/1994.aspx | https://elect.ky.gov/results/1990-1999/Pages/1995.aspx | https://elect.ky.gov/results/1990-1999/Pages/1996.aspx | https://elect.ky.gov/results/1990-1999/Pages/1997.aspx | https://elect.ky.gov/results/1990-1999/Pages/1998.aspx | https://elect.ky.gov/results/1990-1999/Pages/1999.aspx | https://elect.ky.gov/results/Pages/default.aspx,first_pass_state_result_surfaces.csv | us_state_central_authority_sources.csv,c9c22d8d1873817556d3e24dc17a17135949a1a5e462bf1090558b0d23cb3eea,2026-10-09T21:50:29.114987+00:00,false,false
discovered:ebf4e610d571afa0,https://elect.ky.gov/results/1990-1999/Pages/1999.aspx,https://elect.ky.gov/results/1990-1999/Pages/1999.aspx,results_page_lead,,20,KY,state_election_authority | statewide_results_lead,1990 | 1999,1999 Primary and General Election Results,,fetched,fetched_unverified,link_or_target_keyword,https://elect.ky.gov/About-Us/Pages/County-Clerks.aspx | https://elect.ky.gov/results/1990-1999/Pages/1990.aspx | https://elect.ky.gov/results/1990-1999/Pages/1991.aspx | https://elect.ky.gov/results/1990-1999/Pages/1992.aspx | https://elect.ky.gov/results/1990-1999/Pages/1993.aspx | https://elect.ky.gov/results/1990-1999/Pages/1994.aspx | https://elect.ky.gov/results/1990-1999/Pages/1995.aspx | https://elect.ky.gov/results/1990-1999/Pages/1996.aspx | https://elect.ky.gov/results/1990-1999/Pages/1997.aspx | https://elect.ky.gov/results/1990-1999/Pages/1998.aspx | https://elect.ky.gov/results/1990-1999/Pages/1999.aspx | https://elect.ky.gov/results/Pages/default.aspx,first_pass_state_result_surfaces.csv | us_state_central_authority_sources.csv,11cccd8d3245d02f2b48a91abb93d67a80fa6427da24a6b815da5be88cfe0441,2026-10-09T21:50:30.201748+00:00,false,false
discovered:fc770e0ae2d4285e,https://elect.ky.gov/results/2000-2009/Pages/2000primaryandgeneralelectionresults.aspx,https://elect.ky.gov/results/2000-2009/Pages/2000primaryandgeneralelectionresults.aspx,results_page_lead,,20,KY,state_election_authority | statewide_results_lead,2000 | 2009,2000 Primary and General Election Results | Skip to main content | Skip to main navigation,,fetched,fetched_unverified,link_or_target_keyword,https://elect.ky.gov/About-Us/Pages/County-Clerks.aspx | https://elect.ky.gov/results/2000-2009/Pages/2000primaryandgeneralelectionresults.aspx | https://elect.ky.gov/results/2000-2009/Pages/2001primaryandgeneralelectionresults.aspx | https://elect.ky.gov/results/2000-2009/Pages/2002primaryandgeneralelectionresults.aspx | https://elect.ky.gov/results/2000-2009/Pages/2003primaryandgeneralelectionresults.aspx | https://elect.ky.gov/results/2000-2009/Pages/2004primaryandgeneralelectionresults.aspx | https://elect.ky.gov/results/2000-2009/Pages/2005primaryandgeneralelectionresults.aspx | https://elect.ky.gov/results/2000-2009/Pages/2006primaryandgeneralelectionresults.aspx | https://elect.ky.gov/results/2000-2009/Pages/2007primaryandgeneralelectionresults.aspx | https://elect.ky.gov/results/2000-2009/Pages/2008primaryandgeneralelectionresults.aspx | https://elect.ky.gov/results/2000-2009/Pages/2009primaryandgeneralelectionresults.aspx | https://elect.ky.gov/results/Pages/default.aspx,first_pass_state_result_surfaces.csv | us_state_central_authority_sources.csv,6ea2ab9c8a2b300d74529fdcc7efe29efbdbc23fa156c6e7d1de59725f7744e6,2026-10-09T21:50:31.147097+00:00,false,false
discovered:0f5dc44b6726a567,https://elect.ky.gov/results/2000-2009/Pages/2001primaryandgeneralelectionresults.aspx,https://elect.ky.gov/results/2000-2009/Pages/2001primaryandgeneralelectionresults.aspx,results_page_lead,,20,KY,state_election_authority | statewide_results_lead,2000 | 2001 | 2009,2001 Primary and General Election Results | Skip to main content | Skip to main navigation,,fetched,fetched_unverified,link_or_target_keyword,https://elect.ky.gov/About-Us/Pages/County-Clerks.aspx | https://elect.ky.gov/results/2000-2009/Pages/2000primaryandgeneralelectionresults.aspx | https://elect.ky.gov/results/2000-2009/Pages/2001primaryandgeneralelectionresults.aspx | https://elect.ky.gov/results/2000-2009/Pages/2002primaryandgeneralelectionresults.aspx | https://elect.ky.gov/results/2000-2009/Pages/2003primaryandgeneralelectionresults.aspx | https://elect.ky.gov/results/2000-2009/Pages/2004primaryandgeneralelectionresults.aspx | https://elect.ky.gov/results/2000-2009/Pages/2005primaryandgeneralelectionresults.aspx | https://elect.ky.gov/results/2000-2009/Pages/2006primaryandgeneralelectionresults.aspx | https://elect.ky.gov/results/2000-2009/Pages/2007primaryandgeneralelectionresults.aspx | https://elect.ky.gov/results/2000-2009/Pages/2008primaryandgeneralelectionresults.aspx | https://elect.ky.gov/results/2000-2009/Pages/2009primaryandgeneralelectionresults.aspx | https://elect.ky.gov/results/Pages/default.aspx,first_pass_state_result_surfaces.csv | us_state_central_authority_sources.csv,542718c4eb9efa812731d17d3fb3016212b01ac265a5cebf5b9a82588455b383,2026-10-09T21:50:32.205958+00:00,false,false
discovered:a27b7266390fc91f,https://elect.ky.gov/results/2000-2009/Pages/2002primaryandgeneralelectionresults.aspx,https://elect.ky.gov/results/2000-2009/Pages/2002primaryandgeneralelectionresults.aspx,results_page_lead,,20,KY,state_election_authority | statewide_results_lead,2000 | 2002 | 2009,2002 Primary and General Election Results | Skip to main content | Skip to main navigation,,fetched,fetched_unverified,link_or_target_keyword,https://elect.ky.gov/About-Us/Pages/County-Clerks.aspx | https://elect.ky.gov/results/2000-2009/Pages/2000primaryandgeneralelectionresults.aspx | https://elect.ky.gov/results/2000-2009/Pages/2001primaryandgeneralelectionresults.aspx | https://elect.ky.gov/results/2000-2009/Pages/2002primaryandgeneralelectionresults.aspx | https://elect.ky.gov/results/2000-2009/Pages/2003primaryandgeneralelectionresults.aspx | https://elect.ky.gov/results/2000-2009/Pages/2004primaryandgeneralelectionresults.aspx | https://elect.ky.gov/results/2000-2009/Pages/2005primaryandgeneralelectionresults.aspx | https://elect.ky.gov/results/2000-2009/Pages/2006primaryandgeneralelectionresults.aspx | https://elect.ky.gov/results/2000-2009/Pages/2007primaryandgeneralelectionresults.aspx | https://elect.ky.gov/results/2000-2009/Pages/2008primaryandgeneralelectionresults.aspx | https://elect.ky.gov/results/2000-2009/Pages/2009primaryandgeneralelectionresults.aspx | https://elect.ky.gov/results/Pages/default.aspx,first_pass_state_result_surfaces.csv | us_state_central_authority_sources.csv,661cf43e8ca8812084bd4bb7e99c02b5f67fb73d47020c2105257f9d8917eb58,2026-10-09T21:50:33.268661+00:00,false,false
discovered:291d051b626e87b8,https://elect.ky.gov/results/2000-2009/Pages/2003primaryandgeneralelectionresults.aspx,https://elect.ky.gov/results/2000-2009/Pages/2003primaryandgeneralelectionresults.aspx,results_page_lead,,20,KY,state_election_authority | statewide_results_lead,2000 | 2003 | 2009,2003 Primary and General Election Results | Skip to main content | Skip to main navigation,,fetched,fetched_unverified,link_or_target_keyword,https://elect.ky.gov/About-Us/Pages/County-Clerks.aspx | https://elect.ky.gov/results/2000-2009/Pages/2000primaryandgeneralelectionresults.aspx | https://elect.ky.gov/results/2000-2009/Pages/2001primaryandgeneralelectionresults.aspx | https://elect.ky.gov/results/2000-2009/Pages/2002primaryandgeneralelectionresults.aspx | https://elect.ky.gov/results/2000-2009/Pages/2003primaryandgeneralelectionresults.aspx | https://elect.ky.gov/results/2000-2009/Pages/2004primaryandgeneralelectionresults.aspx | https://elect.ky.gov/results/2000-2009/Pages/2005primaryandgeneralelectionresults.aspx | https://elect.ky.gov/results/2000-2009/Pages/2006primaryandgeneralelectionresults.aspx | https://elect.ky.gov/results/2000-2009/Pages/2007primaryandgeneralelectionresults.aspx | https://elect.ky.gov/results/2000-2009/Pages/2008primaryandgeneralelectionresults.aspx | https://elect.ky.gov/results/2000-2009/Pages/2009primaryandgeneralelectionresults.aspx | https://elect.ky.gov/results/Pages/default.aspx,first_pass_state_result_surfaces.csv | us_state_central_authority_sources.csv,173e91c7c0e800eef5ca758e9809144d98981a89bfb520e2efd1bb11567e3a82,2026-10-09T21:50:34.208133+00:00,false,false
discovered:a911e6dbc78d15f6,https://elect.ky.gov/results/2000-2009/Pages/2004primaryandgeneralelectionresults.aspx,https://elect.ky.gov/results/2000-2009/Pages/2004primaryandgeneralelectionresults.aspx,results_page_lead,,20,KY,state_election_authority | statewide_results_lead,2000 | 2004 | 2009,2004 Primary and General Election Results | Skip to main content | Skip to main navigation,,fetched,fetched_unverified,link_or_target_keyword,https://elect.ky.gov/About-Us/Pages/County-Clerks.aspx | https://elect.ky.gov/results/2000-2009/Pages/2000primaryandgeneralelectionresults.aspx | https://elect.ky.gov/results/2000-2009/Pages/2001primaryandgeneralelectionresults.aspx | https://elect.ky.gov/results/2000-2009/Pages/2002primaryandgeneralelectionresults.aspx | https://elect.ky.gov/results/2000-2009/Pages/2003primaryandgeneralelectionresults.aspx | https://elect.ky.gov/results/2000-2009/Pages/2004primaryandgeneralelectionresults.aspx | https://elect.ky.gov/results/2000-2009/Pages/2005primaryandgeneralelectionresults.aspx | https://elect.ky.gov/results/2000-2009/Pages/2006primaryandgeneralelectionresults.aspx | https://elect.ky.gov/results/2000-2009/Pages/2007primaryandgeneralelectionresults.aspx | https://elect.ky.gov/results/2000-2009/Pages/2008primaryandgeneralelectionresults.aspx | https://elect.ky.gov/results/2000-2009/Pages/2009primaryandgeneralelectionresults.aspx | https://elect.ky.gov/results/Pages/default.aspx,first_pass_state_result_surfaces.csv | us_state_central_authority_sources.csv,d39d3ee1b700078e534b4cf1e4689f4f80d19f279643ebbed8eae21103a88906,2026-10-09T21:50:35.269590+00:00,false,false
discovered:5acbdf89a335899e,https://elect.ky.gov/results/2000-2009/Pages/2005primaryandgeneralelectionresults.aspx,https://elect.ky.gov/results/2000-2009/Pages/2005primaryandgeneralelectionresults.aspx,results_page_lead,,20,KY,state_election_authority | statewide_results_lead,2000 | 2005 | 2009,2005 Primary and General Election Results | Skip to main content | Skip to main navigation,,fetched,fetched_unverified,link_or_target_keyword,https://elect.ky.gov/About-Us/Pages/County-Clerks.aspx | https://elect.ky.gov/results/2000-2009/Pages/2000primaryandgeneralelectionresults.aspx | https://elect.ky.gov/results/2000-2009/Pages/2001primaryandgeneralelectionresults.aspx | https://elect.ky.gov/results/2000-2009/Pages/2002primaryandgeneralelectionresults.aspx | https://elect.ky.gov/results/2000-2009/Pages/2003primaryandgeneralelectionresults.aspx | https://elect.ky.gov/results/2000-2009/Pages/2004primaryandgeneralelectionresults.aspx | https://elect.ky.gov/results/2000-2009/Pages/2005primaryandgeneralelectionresults.aspx | https://elect.ky.gov/results/2000-2009/Pages/2006primaryandgeneralelectionresults.aspx | https://elect.ky.gov/results/2000-2009/Pages/2007primaryandgeneralelectionresults.aspx | https://elect.ky.gov/results/2000-2009/Pages/2008primaryandgeneralelectionresults.aspx | https://elect.ky.gov/results/2000-2009/Pages/2009primaryandgeneralelectionresults.aspx | https://elect.ky.gov/results/Pages/default.aspx,first_pass_state_result_surfaces.csv | us_state_central_authority_sources.csv,2bdd4db5a902e4032f57278c78f3161aa3fc472a89660e2e0dd3f8c886d6c432,2026-10-09T21:50:36.272280+00:00,false,false
discovered:684fc87f315d74cd,https://elect.ky.gov/results/2000-2009/Pages/2006primaryandgeneralelectionresults.aspx,https://elect.ky.gov/results/2000-2009/Pages/2006primaryandgeneralelectionresults.aspx,results_page_lead,,20,KY,state_election_authority | statewide_results_lead,2000 | 2006 | 2009,2006 Primary and General Election Results | Skip to main content | Skip to main navigation,,fetched,fetched_unverified,link_or_target_keyword,https://elect.ky.gov/About-Us/Pages/County-Clerks.aspx | https://elect.ky.gov/results/2000-2009/Pages/2000primaryandgeneralelectionresults.aspx | https://elect.ky.gov/results/2000-2009/Pages/2001primaryandgeneralelectionresults.aspx | https://elect.ky.gov/results/2000-2009/Pages/2002primaryandgeneralelectionresults.aspx | https://elect.ky.gov/results/2000-2009/Pages/2003primaryandgeneralelectionresults.aspx | https://elect.ky.gov/results/2000-2009/Pages/2004primaryandgeneralelectionresults.aspx | https://elect.ky.gov/results/2000-2009/Pages/2005primaryandgeneralelectionresults.aspx | https://elect.ky.gov/results/2000-2009/Pages/2006primaryandgeneralelectionresults.aspx | https://elect.ky.gov/results/2000-2009/Pages/2007primaryandgeneralelectionresults.aspx | https://elect.ky.gov/results/2000-2009/Pages/2008primaryandgeneralelectionresults.aspx | https://elect.ky.gov/results/2000-2009/Pages/2009primaryandgeneralelectionresults.aspx | https://elect.ky.gov/results/Pages/default.aspx,first_pass_state_result_surfaces.csv | us_state_central_authority_sources.csv,a98a5c433387a6805851f83ea26dc0be1df2674772c65b71db0205c878651a37,2026-10-09T21:50:37.300830+00:00,false,false
discovered:19c2cac60fe6a6a6,https://elect.ky.gov/results/2000-2009/Pages/2007primaryandgeneralelectionresults.aspx,https://elect.ky.gov/results/2000-2009/Pages/2007primaryandgeneralelectionresults.aspx,results_page_lead,,20,KY,state_election_authority | statewide_results_lead,2000 | 2007 | 2009,2007 Primary and General Election Results | Skip to main content | Skip to main navigation,,fetched,fetched_unverified,link_or_target_keyword,https://elect.ky.gov/About-Us/Pages/County-Clerks.aspx | https://elect.ky.gov/results/2000-2009/Pages/2000primaryandgeneralelectionresults.aspx | https://elect.ky.gov/results/2000-2009/Pages/2001primaryandgeneralelectionresults.aspx | https://elect.ky.gov/results/2000-2009/Pages/2002primaryandgeneralelectionresults.aspx | https://elect.ky.gov/results/2000-2009/Pages/2003primaryandgeneralelectionresults.aspx | https://elect.ky.gov/results/2000-2009/Pages/2004primaryandgeneralelectionresults.aspx | https://elect.ky.gov/results/2000-2009/Pages/2005primaryandgeneralelectionresults.aspx | https://elect.ky.gov/results/2000-2009/Pages/2006primaryandgeneralelectionresults.aspx | https://elect.ky.gov/results/2000-2009/Pages/2007primaryandgeneralelectionresults.aspx | https://elect.ky.gov/results/2000-2009/Pages/2008primaryandgeneralelectionresults.aspx | https://elect.ky.gov/results/2000-2009/Pages/2009primaryandgeneralelectionresults.aspx | https://elect.ky.gov/results/Pages/default.aspx,first_pass_state_result_surfaces.csv | us_state_central_authority_sources.csv,6e2e6a485bdf7c1bc894117b43fd4ba90bafefc2457139ad3dca3fac35949870,2026-10-09T21:50:38.253491+00:00,false,false
discovered:79816c523bb78c2b,https://elect.ky.gov/results/2000-2009/Pages/2008primaryandgeneralelectionresults.aspx,https://elect.ky.gov/results/2000-2009/Pages/2008primaryandgeneralelectionresults.aspx,results_page_lead,,20,KY,state_election_authority | statewide_results_lead,2000 | 2008 | 2009,2008 Primary and General Election Results | Skip to main content | Skip to main navigation,,fetched,fetched_unverified,link_or_target_keyword,https://elect.ky.gov/About-Us/Pages/County-Clerks.aspx | https://elect.ky.gov/results/2000-2009/Pages/2000primaryandgeneralelectionresults.aspx | https://elect.ky.gov/results/2000-2009/Pages/2001primaryandgeneralelectionresults.aspx | https://elect.ky.gov/results/2000-2009/Pages/2002primaryandgeneralelectionresults.aspx | https://elect.ky.gov/results/2000-2009/Pages/2003primaryandgeneralelectionresults.aspx | https://elect.ky.gov/results/2000-2009/Pages/2004primaryandgeneralelectionresults.aspx | https://elect.ky.gov/results/2000-2009/Pages/2005primaryandgeneralelectionresults.aspx | https://elect.ky.gov/results/2000-2009/Pages/2006primaryandgeneralelectionresults.aspx | https://elect.ky.gov/results/2000-2009/Pages/2007primaryandgeneralelectionresults.aspx | https://elect.ky.gov/results/2000-2009/Pages/2008primaryandgeneralelectionresults.aspx | https://elect.ky.gov/results/2000-2009/Pages/2009primaryandgeneralelectionresults.aspx | https://elect.ky.gov/results/Pages/default.aspx,first_pass_state_result_surfaces.csv | us_state_central_authority_sources.csv,78bca61c18fe809a2c93db193007b0e6b3f8602c70b86855919f884ccf779add,2026-10-09T21:50:39.341953+00:00,false,false
discovered:b92b28c53d8e4d95,https://elect.ky.gov/results/2000-2009/Pages/2009primaryandgeneralelectionresults.aspx,https://elect.ky.gov/results/2000-2009/Pages/2009primaryandgeneralelectionresults.aspx,results_page_lead,,20,KY,state_election_authority | statewide_results_lead,2000 | 2009,2009 Primary and General Election Results | Skip to main content | Skip to main navigation,,fetched,fetched_unverified,link_or_target_keyword,https://elect.ky.gov/About-Us/Pages/County-Clerks.aspx | https://elect.ky.gov/results/2000-2009/Pages/2000primaryandgeneralelectionresults.aspx | https://elect.ky.gov/results/2000-2009/Pages/2001primaryandgeneralelectionresults.aspx | https://elect.ky.gov/results/2000-2009/Pages/2002primaryandgeneralelectionresults.aspx | https://elect.ky.gov/results/2000-2009/Pages/2003primaryandgeneralelectionresults.aspx | https://elect.ky.gov/results/2000-2009/Pages/2004primaryandgeneralelectionresults.aspx | https://elect.ky.gov/results/2000-2009/Pages/2005primaryandgeneralelectionresults.aspx | https://elect.ky.gov/results/2000-2009/Pages/2006primaryandgeneralelectionresults.aspx | https://elect.ky.gov/results/2000-2009/Pages/2007primaryandgeneralelectionresults.aspx | https://elect.ky.gov/results/2000-2009/Pages/2008primaryandgeneralelectionresults.aspx | https://elect.ky.gov/results/2000-2009/Pages/2009primaryandgeneralelectionresults.aspx | https://elect.ky.gov/results/Pages/default.aspx,first_pass_state_result_surfaces.csv | us_state_central_authority_sources.csv,16de2c045268b0061ff1517f2eafc2aa8df749b558b4d8a1c5e571ce89e920bd,2026-10-09T21:50:40.276995+00:00,false,false
discovered:0050e3f0d84a6941,https://elect.ky.gov/results/2010-2019/Pages/2010primaryandgeneralelectionresults.aspx,https://elect.ky.gov/results/2010-2019/Pages/2010primaryandgeneralelectionresults.aspx,results_page_lead,,20,KY,state_election_authority | statewide_results_lead,2010 | 2019,2010 Primary and General Election Results | Skip to main content | Skip to main navigation,,fetched,fetched_unverified,link_or_target_keyword,https://elect.ky.gov/About-Us/Pages/County-Clerks.aspx | https://elect.ky.gov/results/2010-2019/Pages/2010primaryandgeneralelectionresults.aspx | https://elect.ky.gov/results/2010-2019/Pages/2011primaryandgeneralelectionresults.aspx | https://elect.ky.gov/results/2010-2019/Pages/2012primaryandgeneralelectionresults.aspx | https://elect.ky.gov/results/2010-2019/Pages/2014PrimaryandGeneralElectionResults.aspx | https://elect.ky.gov/results/2010-2019/Pages/2015primaryandgeneralelectionresults.aspx | https://elect.ky.gov/results/2010-2019/Pages/2016primaryandgeneralelectionresults.aspx | https://elect.ky.gov/results/2010-2019/Pages/2018primaryandgeneralelectionresults.aspx | https://elect.ky.gov/results/2010-2019/Pages/2019-Primary-and-General-Election-Results.aspx | https://elect.ky.gov/results/Pages/default.aspx,first_pass_state_result_surfaces.csv | us_state_central_authority_sources.csv,576ac2204a04563730e65584a54f59083c57d1144e36929674519c0779beb937,2026-10-09T21:50:41.354722+00:00,false,false
discovered:32659cbcaea945f0,https://elect.ky.gov/results/2010-2019/Pages/2011primaryandgeneralelectionresults.aspx,https://elect.ky.gov/results/2010-2019/Pages/2011primaryandgeneralelectionresults.aspx,results_page_lead,,20,KY,state_election_authority | statewide_results_lead,2010 | 2011 | 2019,2011 Primary and General Election Results | Skip to main content | Skip to main navigation,,fetched,fetched_unverified,link_or_target_keyword,https://elect.ky.gov/About-Us/Pages/County-Clerks.aspx | https://elect.ky.gov/results/2010-2019/Pages/2010primaryandgeneralelectionresults.aspx | https://elect.ky.gov/results/2010-2019/Pages/2011primaryandgeneralelectionresults.aspx | https://elect.ky.gov/results/2010-2019/Pages/2012primaryandgeneralelectionresults.aspx | https://elect.ky.gov/results/2010-2019/Pages/2014PrimaryandGeneralElectionResults.aspx | https://elect.ky.gov/results/2010-2019/Pages/2015primaryandgeneralelectionresults.aspx | https://elect.ky.gov/results/2010-2019/Pages/2016primaryandgeneralelectionresults.aspx | https://elect.ky.gov/results/2010-2019/Pages/2018primaryandgeneralelectionresults.aspx | https://elect.ky.gov/results/2010-2019/Pages/2019-Primary-and-General-Election-Results.aspx | https://elect.ky.gov/results/Pages/default.aspx,first_pass_state_result_surfaces.csv | us_state_central_authority_sources.csv,6b967894e8bfe15ff0ad615ab944d3e5d5ece48b2ed87226318ffbaea964e6f4,2026-10-09T21:50:42.324544+00:00,false,false
discovered:ccf5f890ecd6a4ef,https://elect.ky.gov/results/2010-2019/Pages/2012primaryandgeneralelectionresults.aspx,https://elect.ky.gov/results/2010-2019/Pages/2012primaryandgeneralelectionresults.aspx,results_page_lead,,20,KY,state_election_authority | statewide_results_lead,2010 | 2012 | 2019,2012 Primary and General Election Results | Skip to main content | Skip to main navigation,,fetched,fetched_unverified,link_or_target_keyword,https://elect.ky.gov/About-Us/Pages/County-Clerks.aspx | https://elect.ky.gov/results/2010-2019/Pages/2010primaryandgeneralelectionresults.aspx | https://elect.ky.gov/results/2010-2019/Pages/2011primaryandgeneralelectionresults.aspx | https://elect.ky.gov/results/2010-2019/Pages/2012primaryandgeneralelectionresults.aspx | https://elect.ky.gov/results/2010-2019/Pages/2014PrimaryandGeneralElectionResults.aspx | https://elect.ky.gov/results/2010-2019/Pages/2015primaryandgeneralelectionresults.aspx | https://elect.ky.gov/results/2010-2019/Pages/2016primaryandgeneralelectionresults.aspx | https://elect.ky.gov/results/2010-2019/Pages/2018primaryandgeneralelectionresults.aspx | https://elect.ky.gov/results/2010-2019/Pages/2019-Primary-and-General-Election-Results.aspx | https://elect.ky.gov/results/Pages/default.aspx,first_pass_state_result_surfaces.csv | us_state_central_authority_sources.csv,c7bd3fbf3537e72902bfef02e94f65cbf74304260a44cd41d3d93fd8540bd42a,2026-10-09T21:50:43.311671+00:00,false,false
discovered:04a6b249e79b25ee,https://elect.ky.gov/results/2010-2019/Pages/2014PrimaryandGeneralElectionResults.aspx,https://elect.ky.gov/results/2010-2019/Pages/2014PrimaryandGeneralElectionResults.aspx,results_page_lead,,20,KY,state_election_authority | statewide_results_lead,2010 | 2014 | 2019,2014 Primary and General Election Results | Skip to main content | Skip to main navigation,,fetched,fetched_unverified,link_or_target_keyword,https://elect.ky.gov/About-Us/Pages/County-Clerks.aspx | https://elect.ky.gov/results/2010-2019/Pages/2010primaryandgeneralelectionresults.aspx | https://elect.ky.gov/results/2010-2019/Pages/2011primaryandgeneralelectionresults.aspx | https://elect.ky.gov/results/2010-2019/Pages/2012primaryandgeneralelectionresults.aspx | https://elect.ky.gov/results/2010-2019/Pages/2014PrimaryandGeneralElectionResults.aspx | https://elect.ky.gov/results/2010-2019/Pages/2015primaryandgeneralelectionresults.aspx | https://elect.ky.gov/results/2010-2019/Pages/2016primaryandgeneralelectionresults.aspx | https://elect.ky.gov/results/2010-2019/Pages/2018primaryandgeneralelectionresults.aspx | https://elect.ky.gov/results/2010-2019/Pages/2019-Primary-and-General-Election-Results.aspx | https://elect.ky.gov/results/Pages/default.aspx,first_pass_state_result_surfaces.csv | us_state_central_authority_sources.csv,8e303af03e3f2215f397d77f8bff7a4370ea93785e3267a0e3b68c423752e04b,2026-10-09T21:50:44.169795+00:00,false,false
discovered:1515e2d3b743d7c7,https://elect.ky.gov/results/2010-2019/Pages/2015primaryandgeneralelectionresults.aspx,https://elect.ky.gov/results/2010-2019/Pages/2015primaryandgeneralelectionresults.aspx,results_page_lead,,20,KY,state_election_authority | statewide_results_lead,2010 | 2015 | 2019,2015 Primary and General Election Results | Skip to main content | Skip to main navigation,,fetched,fetched_unverified,link_or_target_keyword,https://elect.ky.gov/About-Us/Pages/County-Clerks.aspx | https://elect.ky.gov/results/2010-2019/Pages/2010primaryandgeneralelectionresults.aspx | https://elect.ky.gov/results/2010-2019/Pages/2011primaryandgeneralelectionresults.aspx | https://elect.ky.gov/results/2010-2019/Pages/2012primaryandgeneralelectionresults.aspx | https://elect.ky.gov/results/2010-2019/Pages/2014PrimaryandGeneralElectionResults.aspx | https://elect.ky.gov/results/2010-2019/Pages/2015primaryandgeneralelectionresults.aspx | https://elect.ky.gov/results/2010-2019/Pages/2016primaryandgeneralelectionresults.aspx | https://elect.ky.gov/results/2010-2019/Pages/2018primaryandgeneralelectionresults.aspx | https://elect.ky.gov/results/2010-2019/Pages/2019-Primary-and-General-Election-Results.aspx | https://elect.ky.gov/results/Pages/default.aspx,first_pass_state_result_surfaces.csv | us_state_central_authority_sources.csv,044880f6111782b79869cb68f4fb49b0c1f4abec63c41f0005b3950f5abd0c81,2026-10-09T21:50:45.273027+00:00,false,false
discovered:9de69e061382e3c5,https://elect.ky.gov/results/2010-2019/Pages/2016primaryandgeneralelectionresults.aspx,https://elect.ky.gov/results/2010-2019/Pages/2016primaryandgeneralelectionresults.aspx,results_page_lead,,20,KY,state_election_authority | statewide_results_lead,2010 | 2016 | 2019,2016 Primary and General Election Results | Skip to main content | Skip to main navigation,,fetched,fetched_unverified,link_or_target_keyword,https://elect.ky.gov/About-Us/Pages/County-Clerks.aspx | https://elect.ky.gov/results/2010-2019/Pages/2010primaryandgeneralelectionresults.aspx | https://elect.ky.gov/results/2010-2019/Pages/2011primaryandgeneralelectionresults.aspx | https://elect.ky.gov/results/2010-2019/Pages/2012primaryandgeneralelectionresults.aspx | https://elect.ky.gov/results/2010-2019/Pages/2014PrimaryandGeneralElectionResults.aspx | https://elect.ky.gov/results/2010-2019/Pages/2015primaryandgeneralelectionresults.aspx | https://elect.ky.gov/results/2010-2019/Pages/2016primaryandgeneralelectionresults.aspx | https://elect.ky.gov/results/2010-2019/Pages/2018primaryandgeneralelectionresults.aspx | https://elect.ky.gov/results/2010-2019/Pages/2019-Primary-and-General-Election-Results.aspx | https://elect.ky.gov/results/Pages/default.aspx,first_pass_state_result_surfaces.csv | us_state_central_authority_sources.csv,ae2f11ef308e80bd1af4e5032044f2cb537184e21f98920d7e13de735edc21c2,2026-10-09T21:50:46.258034+00:00,false,false
discovered:5364686bf2eefdd5,https://elect.ky.gov/results/2010-2019/Pages/2018primaryandgeneralelectionresults.aspx,https://elect.ky.gov/results/2010-2019/Pages/2018primaryandgeneralelectionresults.aspx,results_page_lead,,20,KY,state_election_authority | statewide_results_lead,2010 | 2018 | 2019,2018 Primary and General Election Results | Skip to main content | Skip to main navigation,,fetched,fetched_unverified,link_or_target_keyword,https://elect.ky.gov/About-Us/Pages/County-Clerks.aspx | https://elect.ky.gov/results/2010-2019/Pages/2010primaryandgeneralelectionresults.aspx | https://elect.ky.gov/results/2010-2019/Pages/2011primaryandgeneralelectionresults.aspx | https://elect.ky.gov/results/2010-2019/Pages/2012primaryandgeneralelectionresults.aspx | https://elect.ky.gov/results/2010-2019/Pages/2014PrimaryandGeneralElectionResults.aspx | https://elect.ky.gov/results/2010-2019/Pages/2015primaryandgeneralelectionresults.aspx | https://elect.ky.gov/results/2010-2019/Pages/2016primaryandgeneralelectionresults.aspx | https://elect.ky.gov/results/2010-2019/Pages/2018primaryandgeneralelectionresults.aspx | https://elect.ky.gov/results/2010-2019/Pages/2019-Primary-and-General-Election-Results.aspx | https://elect.ky.gov/results/Pages/default.aspx,first_pass_state_result_surfaces.csv | us_state_central_authority_sources.csv,da9964a85f66c0a1009ab498460759d6f8a26186781f6762be51efc4343a2873,2026-10-09T21:50:47.315016+00:00,false,false
discovered:5d34865f56cf8163,https://elect.ky.gov/results/2010-2019/Pages/2019-Primary-and-General-Election-Results.aspx,https://elect.ky.gov/results/2010-2019/Pages/2019-Primary-and-General-Election-Results.aspx,results_page_lead,,20,KY,state_election_authority | statewide_results_lead,2010 | 2019,2019 Primary and General Election Results | Skip to main content | Skip to main navigation,,fetched,fetched_unverified,link_or_target_keyword,https://elect.ky.gov/About-Us/Pages/County-Clerks.aspx | https://elect.ky.gov/results/2010-2019/Pages/2010primaryandgeneralelectionresults.aspx | https://elect.ky.gov/results/2010-2019/Pages/2011primaryandgeneralelectionresults.aspx | https://elect.ky.gov/results/2010-2019/Pages/2012primaryandgeneralelectionresults.aspx | https://elect.ky.gov/results/2010-2019/Pages/2014PrimaryandGeneralElectionResults.aspx | https://elect.ky.gov/results/2010-2019/Pages/2015primaryandgeneralelectionresults.aspx | https://elect.ky.gov/results/2010-2019/Pages/2016primaryandgeneralelectionresults.aspx | https://elect.ky.gov/results/2010-2019/Pages/2018primaryandgeneralelectionresults.aspx | https://elect.ky.gov/results/2010-2019/Pages/2019-Primary-and-General-Election-Results.aspx | https://elect.ky.gov/results/Pages/default.aspx,first_pass_state_result_surfaces.csv | us_state_central_authority_sources.csv,e9cdbc0267cf72df864b1bbf679413dbd3ec743fb464f9ffb6478002ccdc8e58,2026-10-09T21:50:48.262331+00:00,false,false
discovered:589dc247b3185135,https://elect.ky.gov/results/Pages/default.aspx,https://elect.ky.gov/results/Pages/default.aspx,results_page_lead,,20,KY,state_election_authority | statewide_results_lead,,Election Results,,fetched,fetched_unverified,link_or_target_keyword,https://elect.ky.gov/About-Us/Pages/County-Clerks.aspx | https://elect.ky.gov/results/Pages/default.aspx,first_pass_state_result_surfaces.csv | us_state_central_authority_sources.csv,3fe91cf29694a491c0e05974fc8d9d00b3eae5c33c4a235caa56907536236aeb,2026-10-09T21:46:53.081004+00:00,false,false
discovered:118aff3b76c46429,https://electionhistory.ct.gov/,https://electionhistory.ct.gov/,results_page_lead,,20,CT,statewide_results_lead,,,,fetched,fetched_unverified,link_or_target_keyword,https://electionhistory.ct.gov/,first_pass_state_result_surfaces.csv,f7af0d6fe60fe6e1bacab6b9c3e306a8aa022eeec0375e8e9fd9f50c682d8641,2026-10-09T21:49:03.248558+00:00,false,false
discovered:7560774dff2ed394,https://electionhistory.ct.gov/eng/,https://electionhistory.ct.gov/eng/,results_page_lead,,20,CT,statewide_results_lead,,Historic Election Results Archive,,fetched,fetched_unverified,link_or_target_keyword,https://portal.ct.gov/sots/election-services/election-results/election-results,first_pass_state_result_surfaces.csv,f7af0d6fe60fe6e1bacab6b9c3e306a8aa022eeec0375e8e9fd9f50c682d8641,2026-10-09T21:49:03.248558+00:00,false,false
discovered:29de74bd668d5bf0,https://electionresults.dcboe.org/,https://electionresults.dcboe.org/,results_page_lead,,20,DC,state_election_authority,,Election Results,,fetched,fetched_unverified,link_or_target_keyword,https://dcboe.org/ | https://dcboe.org/elections/election-results-archives | https://dcboe.org/voters/register-to-vote/canvass-card | https://electionresults.dcboe.org/,us_state_central_authority_sources.csv,b8a4b313ff80a65eb85a183573dbdb877b3afe0ab52f518fc9eda3dac0ce9a90,2026-10-09,false,false
discovered:28f816a03b190e4b,https://electionresults.ewashtenaw.org/,https://electionresults.ewashtenaw.org/,results_page_lead,,20,MI,official_source,,"F5 Networks, Inc.",,fetched,fetched_unverified,link_or_target_keyword,https://electionresults.ewashtenaw.org/,sources.csv,6daaa3e744985b5c66b204f0933067cbfef0b69fa4a32b6c50338493b4241b16,2026-10-09,false,false
discovered:488808a326ca41e2,https://electionresults.iowa.gov/IA/,https://electionresults.iowa.gov/IA/,results_page_lead,,20,IA,state_election_authority,,Election Results,,not_fetched,candidate,link_or_target_keyword,https://sos.iowa.gov/auditors,us_state_central_authority_sources.csv,,2026-10-09,false,false
discovered:e66a7b8f91e24f9b,https://electionresults.mt.gov/,https://electionresults.mt.gov/,results_page_lead,,20,MT,statewide_results_lead,2026,2026 Primary Election Results,,not_fetched,candidate,link_or_target_keyword,https://sosmt.gov/elections/results/,first_pass_state_result_surfaces.csv,,2026-10-09,false,false
discovered:7124d7e1c7cedebf,https://electionresults.mt.gov/Default.aspx?eid=17,https://electionresults.mt.gov/Default.aspx?eid=17,results_page_lead,,20,MT,statewide_results_lead,,County by County,,not_fetched,candidate,link_or_target_keyword,https://sosmt.gov/elections/results/,first_pass_state_result_surfaces.csv,,2026-10-09,false,false
discovered:2bdf0b66dda82230,https://electionresults.mt.gov/Default.aspx?eid=18,https://electionresults.mt.gov/Default.aspx?eid=18,results_page_lead,,20,MT,statewide_results_lead,,County by County,,not_fetched,candidate,link_or_target_keyword,https://sosmt.gov/elections/results/,first_pass_state_result_surfaces.csv,,2026-10-09,false,false
discovered:b62851b5c8bef8fb,https://electionresults.mt.gov/Default.aspx?eid=19,https://electionresults.mt.gov/Default.aspx?eid=19,results_page_lead,,20,MT,statewide_results_lead,,County by County,,not_fetched,candidate,link_or_target_keyword,https://sosmt.gov/elections/results/,first_pass_state_result_surfaces.csv,,2026-10-09,false,false
discovered:1e60a5485fdc2710,https://electionresults.mt.gov/Default.aspx?eid=21,https://electionresults.mt.gov/Default.aspx?eid=21,results_page_lead,,20,MT,statewide_results_lead,,County by County,,not_fetched,candidate,link_or_target_keyword,https://sosmt.gov/elections/results/,first_pass_state_result_surfaces.csv,,2026-10-09,false,false
discovered:6432702c47ddc1f7,https://electionresults.mt.gov/Default.aspx?eid=22,https://electionresults.mt.gov/Default.aspx?eid=22,results_page_lead,,20,MT,statewide_results_lead,,County by County,,not_fetched,candidate,link_or_target_keyword,https://sosmt.gov/elections/results/,first_pass_state_result_surfaces.csv,,2026-10-09,false,false
discovered:ef0e11ec7029ce4a,https://electionresults.mt.gov/ResultsList.aspx?eid=1,https://electionresults.mt.gov/ResultsList.aspx?eid=1,results_page_lead,,20,MT,statewide_results_lead,,County by County,,not_fetched,candidate,link_or_target_keyword,https://sosmt.gov/elections/results/,first_pass_state_result_surfaces.csv,,2026-10-09,false,false
discovered:de9c5a8759e40b83,https://electionresults.nebraska.gov/,https://electionresults.nebraska.gov/,results_page_lead,,20,NE,state_election_authority,,,,not_fetched,candidate,link_or_target_keyword,https://sos.nebraska.gov/elections,us_state_central_authority_sources.csv,,2026-10-09,false,false
discovered:e32f5bf629364d6f,https://electionresults.sd.gov/Default.aspx,https://electionresults.sd.gov/Default.aspx,results_page_lead,,20,SD,state_election_authority,,Runoff Election Results,,not_fetched,candidate,link_or_target_keyword,https://sdsos.gov/elections-voting/,us_state_central_authority_sources.csv,,2026-10-09,false,false
discovered:46247bac24f28057,https://electionresults.sos.mn.gov/,https://electionresults.sos.mn.gov/,results_page_lead,,20,MN,statewide_results_lead,,Open Menu | Skip to main content,,fetched,fetched_unverified,link_or_target_keyword,https://electionresults.sos.mn.gov/,first_pass_state_result_surfaces.csv,af5b51b3b5d9c356aab73e72de80591b3f8b46a52e6ad0567429d7c7777b5a3f,2026-10-09T21:46:56.532121+00:00,false,false
discovered:4cd361e3b96b7a39,https://electionresults.sos.mn.gov/Results/CountyStatisticsStatewide/Index?ersElectionId=200,https://electionresults.sos.mn.gov/Results/CountyStatisticsStatewide/Index?ersElectionId=200,results_page_lead,,20,MN,statewide_results_lead,,Statewide Reporting Statistics,,fetched,fetched_unverified,link_or_target_keyword,https://electionresults.sos.mn.gov/,first_pass_state_result_surfaces.csv,2e045fb9159813392cb74313e451aa8f7e3a695fb1e151c26a2e32f77f54f996,2026-10-09T21:50:50.998134+00:00,false,false
discovered:a58e819964f954e4,https://electionresults.sos.mn.gov/Results/Index?ErsElectionId=200&electionDate=08%2F11%2F2026+00%3A00%3A00&officeInElectionIdList=-1&officeInElectionIdList=38485&scenario=USSenate,https://electionresults.sos.mn.gov/Results/Index?ErsElectionId=200&electionDate=08%2F11%2F2026+00%3A00%3A00&officeInElectionIdList=-1&officeInElectionIdList=38485&scenario=USSenate,results_page_lead,,20,MN,statewide_results_lead,2026,U.S. Senate,,not_fetched,candidate,link_or_target_keyword,https://electionresults.sos.mn.gov/,first_pass_state_result_surfaces.csv,,2026-10-09,false,false
discovered:37ce9763bb6783d1,https://electionresults.sos.mn.gov/Results/Index?districtId=556&ersElectionId=200&scenario=USRepresentative,https://electionresults.sos.mn.gov/Results/Index?districtId=556&ersElectionId=200&scenario=USRepresentative,results_page_lead,,20,MN,statewide_results_lead,,1,,not_fetched,candidate,link_or_target_keyword,https://electionresults.sos.mn.gov/,first_pass_state_result_surfaces.csv,,2026-10-09,false,false
discovered:454d3d7949d4cac8,https://electionresults.sos.mn.gov/Results/Index?districtId=557&ersElectionId=200&scenario=USRepresentative,https://electionresults.sos.mn.gov/Results/Index?districtId=557&ersElectionId=200&scenario=USRepresentative,results_page_lead,,20,MN,statewide_results_lead,,2,,not_fetched,candidate,link_or_target_keyword,https://electionresults.sos.mn.gov/,first_pass_state_result_surfaces.csv,,2026-10-09,false,false
discovered:d11d87af91232be6,https://electionresults.sos.mn.gov/Results/Index?districtId=558&ersElectionId=200&scenario=USRepresentative,https://electionresults.sos.mn.gov/Results/Index?districtId=558&ersElectionId=200&scenario=USRepresentative,results_page_lead,,20,MN,statewide_results_lead,,3,,not_fetched,candidate,link_or_target_keyword,https://electionresults.sos.mn.gov/,first_pass_state_result_surfaces.csv,,2026-10-09,false,false
discovered:776b8fe8d736729c,https://electionresults.sos.mn.gov/Results/Index?districtId=559&ersElectionId=200&scenario=USRepresentative,https://electionresults.sos.mn.gov/Results/Index?districtId=559&ersElectionId=200&scenario=USRepresentative,results_page_lead,,20,MN,statewide_results_lead,,4,,not_fetched,candidate,link_or_target_keyword,https://electionresults.sos.mn.gov/,first_pass_state_result_surfaces.csv,,2026-10-09,false,false
discovered:720b9769eb0f0de3,https://electionresults.sos.mn.gov/Results/Index?districtId=560&ersElectionId=200&scenario=USRepresentative,https://electionresults.sos.mn.gov/Results/Index?districtId=560&ersElectionId=200&scenario=USRepresentative,results_page_lead,,20,MN,statewide_results_lead,,5,,not_fetched,candidate,link_or_target_keyword,https://electionresults.sos.mn.gov/,first_pass_state_result_surfaces.csv,,2026-10-09,false,false
discovered:f37e4fee8affa3d0,https://electionresults.sos.mn.gov/Results/Index?districtId=561&ersElectionId=200&scenario=USRepresentative,https://electionresults.sos.mn.gov/Results/Index?districtId=561&ersElectionId=200&scenario=USRepresentative,results_page_lead,,20,MN,statewide_results_lead,,6,,not_fetched,candidate,link_or_target_keyword,https://electionresults.sos.mn.gov/,first_pass_state_result_surfaces.csv,,2026-10-09,false,false
discovered:f9a1853f646dddaa,https://electionresults.sos.mn.gov/Results/Index?districtId=562&ersElectionId=200&scenario=USRepresentative,https://electionresults.sos.mn.gov/Results/Index?districtId=562&ersElectionId=200&scenario=USRepresentative,results_page_lead,,20,MN,statewide_results_lead,,7,,not_fetched,candidate,link_or_target_keyword,https://electionresults.sos.mn.gov/,first_pass_state_result_surfaces.csv,,2026-10-09,false,false
discovered:59a34d8aa6af5098,https://electionresults.sos.mn.gov/Results/Index?districtId=563&ersElectionId=200&scenario=USRepresentative,https://electionresults.sos.mn.gov/Results/Index?districtId=563&ersElectionId=200&scenario=USRepresentative,results_page_lead,,20,MN,statewide_results_lead,,8,,not_fetched,candidate,link_or_target_keyword,https://electionresults.sos.mn.gov/,first_pass_state_result_surfaces.csv,,2026-10-09,false,false
discovered:f3d06355f7e0a759,https://electionresults.sos.mn.gov/Results/Index?electionDate=8%2F11%2F2026+12%3A00%3A00+AM&ersElectionId=200&scenario=AllJudicial,https://electionresults.sos.mn.gov/Results/Index?electionDate=8%2F11%2F2026+12%3A00%3A00+AM&ersElectionId=200&scenario=AllJudicial,results_page_lead,,20,MN,statewide_results_lead,2026,Judicial,,not_fetched,candidate,link_or_target_keyword,https://electionresults.sos.mn.gov/,first_pass_state_result_surfaces.csv,,2026-10-09,false,false
discovered:ea87c26fa9a7b8de,https://electionresults.sos.mn.gov/Results/Index?electionDate=8%2F11%2F2026+12%3A00%3A00+AM&ersElectionId=200&scenario=AllwithoutJudicial,https://electionresults.sos.mn.gov/Results/Index?electionDate=8%2F11%2F2026+12%3A00%3A00+AM&ersElectionId=200&scenario=AllwithoutJudicial,results_page_lead,,20,MN,statewide_results_lead,2026,All without Judicial,,not_fetched,candidate,link_or_target_keyword,https://electionresults.sos.mn.gov/,first_pass_state_result_surfaces.csv,,2026-10-09,false,false
discovered:9d307bbd4204b295,https://electionresults.sos.mn.gov/Results/Index?ersElectionId=200&officeInElectionId=38695&scenario=Governor,https://electionresults.sos.mn.gov/Results/Index?ersElectionId=200&officeInElectionId=38695&scenario=Governor,results_page_lead,,20,MN,statewide_results_lead,,Governor,,not_fetched,candidate,link_or_target_keyword,https://electionresults.sos.mn.gov/,first_pass_state_result_surfaces.csv,,2026-10-09,false,false
discovered:9370a118970f8931,https://electionresults.sos.mn.gov/Results/Index?ersElectionId=200&officeInElectionId=38696&scenario=SecretaryOfState,https://electionresults.sos.mn.gov/Results/Index?ersElectionId=200&officeInElectionId=38696&scenario=SecretaryOfState,results_page_lead,,20,MN,statewide_results_lead,,Secretary of State,,not_fetched,candidate,link_or_target_keyword,https://electionresults.sos.mn.gov/,first_pass_state_result_surfaces.csv,,2026-10-09,false,false
discovered:776a6290df7502f5,https://electionresults.sos.mn.gov/Results/Index?ersElectionId=200&officeInElectionId=38697&scenario=StateAuditor,https://electionresults.sos.mn.gov/Results/Index?ersElectionId=200&officeInElectionId=38697&scenario=StateAuditor,results_page_lead,,20,MN,statewide_results_lead,,State Auditor,,not_fetched,candidate,link_or_target_keyword,https://electionresults.sos.mn.gov/,first_pass_state_result_surfaces.csv,,2026-10-09,false,false
discovered:987a2bd4f8f2cc76,https://electionresults.sos.mn.gov/Results/Index?ersElectionId=200&officeInElectionId=38698&scenario=AttorneyGeneral,https://electionresults.sos.mn.gov/Results/Index?ersElectionId=200&officeInElectionId=38698&scenario=AttorneyGeneral,results_page_lead,,20,MN,statewide_results_lead,,Attorney General,,not_fetched,candidate,link_or_target_keyword,https://electionresults.sos.mn.gov/,first_pass_state_result_surfaces.csv,,2026-10-09,false,false
discovered:b192f78ac7f616a9,https://electionresults.sos.mn.gov/Results/Index?ersElectionId=200&scenario=StateRepresentative,https://electionresults.sos.mn.gov/Results/Index?ersElectionId=200&scenario=StateRepresentative,results_page_lead,,20,MN,statewide_results_lead,,All,,not_fetched,candidate,link_or_target_keyword,https://electionresults.sos.mn.gov/,first_pass_state_result_surfaces.csv,,2026-10-09,false,false
discovered:9ab187b315faeb4b,https://electionresults.sos.mn.gov/Results/Index?ersElectionId=200&scenario=StateSenate,https://electionresults.sos.mn.gov/Results/Index?ersElectionId=200&scenario=StateSenate,results_page_lead,,20,MN,statewide_results_lead,,All,,not_fetched,candidate,link_or_target_keyword,https://electionresults.sos.mn.gov/,first_pass_state_result_surfaces.csv,,2026-10-09,false,false
discovered:e133c02789641347,https://electionresults.sos.mn.gov/Results/Index?ersElectionId=200&scenario=USRepresentative,https://electionresults.sos.mn.gov/Results/Index?ersElectionId=200&scenario=USRepresentative,results_page_lead,,20,MN,statewide_results_lead,,All,,not_fetched,candidate,link_or_target_keyword,https://electionresults.sos.mn.gov/,first_pass_state_result_surfaces.csv,,2026-10-09,false,false
discovered:e24ae522e9474758,https://electionresults.sos.mn.gov/Select/AboutTheseResults/Index?ersElectionId=200,https://electionresults.sos.mn.gov/Select/AboutTheseResults/Index?ersElectionId=200,results_page_lead,,20,MN,statewide_results_lead,,About these Results,,not_fetched,candidate,link_or_target_keyword,https://electionresults.sos.mn.gov/,first_pass_state_result_surfaces.csv,,2026-10-09,false,false
discovered:2b08ba7fd0f24c0d,https://electionresults.sos.mn.gov/Select/BallotQuestions/Index?ersElectionId=200,https://electionresults.sos.mn.gov/Select/BallotQuestions/Index?ersElectionId=200,results_page_lead,,20,MN,statewide_results_lead,,Ballot Questions,,not_fetched,candidate,link_or_target_keyword,https://electionresults.sos.mn.gov/,first_pass_state_result_surfaces.csv,,2026-10-09,false,false
discovered:542cc1c542a891c4,https://electionresults.sos.mn.gov/Select/MapCongressional/Index?ersElectionId=200&scenario=USRepresentative,https://electionresults.sos.mn.gov/Select/MapCongressional/Index?ersElectionId=200&scenario=USRepresentative,results_page_lead,,20,MN,statewide_results_lead,,Map,,not_fetched,candidate,link_or_target_keyword,https://electionresults.sos.mn.gov/,first_pass_state_result_surfaces.csv,,2026-10-09,false,false
discovered:35404dc14ab9dd94,https://electionresults.sos.mn.gov/Select/MapCounty/Index?ersElectionId=200&scenario=LocalCounty,https://electionresults.sos.mn.gov/Select/MapCounty/Index?ersElectionId=200&scenario=LocalCounty,results_page_lead,,20,MN,statewide_results_lead,,Map,,not_fetched,candidate,link_or_target_keyword,https://electionresults.sos.mn.gov/,first_pass_state_result_surfaces.csv,,2026-10-09,false,false
discovered:c249d36d96a1973d,https://electionresults.sos.mn.gov/Select/MapCounty/Index?ersElectionId=200&scenario=LocalRacesInCounty,https://electionresults.sos.mn.gov/Select/MapCounty/Index?ersElectionId=200&scenario=LocalRacesInCounty,results_page_lead,,20,MN,statewide_results_lead,,Map,,not_fetched,candidate,link_or_target_keyword,https://electionresults.sos.mn.gov/,first_pass_state_result_surfaces.csv,,2026-10-09,false,false
discovered:133dbac9c832e454,https://electionresults.sos.mn.gov/Select/MapCounty/Index?ersElectionId=200&scenario=StateFedCounty,https://electionresults.sos.mn.gov/Select/MapCounty/Index?ersElectionId=200&scenario=StateFedCounty,results_page_lead,,20,MN,statewide_results_lead,,Map,,not_fetched,candidate,link_or_target_keyword,https://electionresults.sos.mn.gov/,first_pass_state_result_surfaces.csv,,2026-10-09,false,false
discovered:941822e88370813c,https://electionresults.sos.mn.gov/Select/MapLegislative/Index?ersElectionId=200&scenario=StateRepresentative,https://electionresults.sos.mn.gov/Select/MapLegislative/Index?ersElectionId=200&scenario=StateRepresentative,results_page_lead,,20,MN,statewide_results_lead,,Map,,not_fetched,candidate,link_or_target_keyword,https://electionresults.sos.mn.gov/,first_pass_state_result_surfaces.csv,,2026-10-09,false,false
discovered:c5c12cc1f80583c6,https://electionresults.sos.mn.gov/Select/MapStateSenate/Index?ersElectionId=200&scenario=StateSenate,https://electionresults.sos.mn.gov/Select/MapStateSenate/Index?ersElectionId=200&scenario=StateSenate,results_page_lead,,20,MN,statewide_results_lead,,Map,,not_fetched,candidate,link_or_target_keyword,https://electionresults.sos.mn.gov/,first_pass_state_result_surfaces.csv,,2026-10-09,false,false
discovered:1713ebd36fac6065,https://electionresults.sos.mn.gov/Select/MediaFiles/Index?ersElectionId=200,https://electionresults.sos.mn.gov/Select/MediaFiles/Index?ersElectionId=200,results_page_lead,,20,MN,statewide_results_lead,,Downloadable Text Results,,not_fetched,candidate,link_or_target_keyword,https://electionresults.sos.mn.gov/,first_pass_state_result_surfaces.csv,,2026-10-09,false,false
discovered:4bd2644ef106dcac,https://electionresults.sos.mn.gov/Select/SearchByCandidate/Index?ersElectionId=200,https://electionresults.sos.mn.gov/Select/SearchByCandidate/Index?ersElectionId=200,results_page_lead,,20,MN,statewide_results_lead,,Search by Candidate,,not_fetched,candidate,link_or_target_keyword,https://electionresults.sos.mn.gov/,first_pass_state_result_surfaces.csv,,2026-10-09,false,false
discovered:5337b0d2a67dc264,https://electionresults.sos.mn.gov/Select/VoterTurnOut/Index?ersElectionId=200,https://electionresults.sos.mn.gov/Select/VoterTurnOut/Index?ersElectionId=200,results_page_lead,,20,MN,statewide_results_lead,,Voter Turnout,,not_fetched,candidate,link_or_target_keyword,https://electionresults.sos.mn.gov/,first_pass_state_result_surfaces.csv,,2026-10-09,false,false
discovered:c1494eea10bf49cd,https://electionresults.utah.gov/results/public/Utah/elections/Primary06232026,https://electionresults.utah.gov/results/public/Utah/elections/Primary06232026,results_page_lead,,20,UT,state_election_authority,,,,not_fetched,candidate,link_or_target_keyword,https://vote.utah.gov/,us_state_central_authority_sources.csv,,2026-10-09,false,false
discovered:942b7736a477b748,https://elections.delaware.gov/index.html,https://elections.delaware.gov/index.html,results_page_lead,,20,DE,state_election_authority,,,,fetched,fetched_unverified,link_or_target_keyword,https://elections.delaware.gov/index.html,us_state_central_authority_sources.csv,825556ed2490d1d1b7189ee1bcd95bb7cecdd8b2674bad36850a8b2951426c14,2026-10-09,false,false
discovered:3eb9cd0c16e2484c,https://elections.delaware.gov/results/index.html,https://elections.delaware.gov/results/index.html,results_page_lead,,20,DE,statewide_results_lead,,,,fetched,fetched_unverified,link_or_target_keyword,https://elections.delaware.gov/results/index.html,first_pass_state_result_surfaces.csv,4a900a2b095a81840bcff39fd4464326e5aa423c6730a1b4a374cae94efd9200,2026-10-09T21:46:47.204683+00:00,false,false
discovered:ac9630d08bb255b0,https://elections.hawaii.gov/election-results/,https://elections.hawaii.gov/election-results/,results_page_lead,,20,HI,state_election_authority | statewide_results_lead,1992 | 1994 | 1996 | 1998 | 2000 | 2002 | 2003 | 2004 | 2006 | 2008 | 2010 | 2012 | 2014 | 2016 | 2018 | 2020 | 2022 | 2024 | 2026,1992 | 1994 | 1996 | 1998 | 2000 | 2002 | 2003 | 2004 | 2006 | 2008 | 2010 | 2012 | 2014 | 2016 | 2018 | 2020 | 2022 | 2024 | 2026 | Results | Skip to Content | Skip to Footer | Skip to Navigation | To Top,,fetched,fetched_unverified,link_or_target_keyword,https://elections.hawaii.gov/election-results/ | https://elections.hawaii.gov/resources/county-election-divisions/,first_pass_state_result_surfaces.csv | us_state_central_authority_sources.csv,5cc71dc76c4a6e80441cf619a6b36d1ce2214f3714c5441fcb5082ff1914d2b9,2026-10-09T21:46:49.187897+00:00,false,false
discovered:a7a9bb5573fc89b7,https://elections.maryland.gov/elections/2026/index.html,https://elections.maryland.gov/elections/2026/index.html,results_page_lead,,20,MD,statewide_results_lead,2026,,,fetched,fetched_unverified,link_or_target_keyword,https://elections.maryland.gov/elections/2026/index.html,first_pass_state_result_surfaces.csv,2a4c13036ce6216017905fa219212affcab97bca25e82c5ed7eeec5e1af3fb3c,2026-10-09T21:46:53.837574+00:00,false,false
discovered:2a13c041f7fa3362,https://elections.oaklandcountymi.gov/government/clerk-register-of-deeds/elections-voting,https://elections.oaklandcountymi.gov/government/clerk-register-of-deeds/elections-voting,results_page_lead,,20,MI,election_night_lead,,,,fetched,fetched_unverified,link_or_target_keyword,https://elections.oaklandcountymi.gov/government/clerk-register-of-deeds/elections-voting,us_primary_election_localities.csv,d79428c7a2d36a2095ddeebb6aac9cb057c159b4ca8b7b84712d63b6b32712ca,2026-10-09T21:48:19.169096+00:00,false,false
discovered:509b7bc0cb95aaff,https://enr.indianavoters.in.gov/site/{{electionResultsDocument}},https://enr.indianavoters.in.gov/site/{{electionResultsDocument}},results_page_lead,,20,IN,statewide_results_lead,,click here,,fetch_failed,fetch_failed,link_or_target_keyword,https://enr.indianavoters.in.gov/site/index.html,first_pass_state_result_surfaces.csv,,2026-10-09,false,false
discovered:e5e6d302c4873425,https://enr.sos.mo.gov/,https://enr.sos.mo.gov/,results_page_lead,,20,MO,statewide_results_lead,,,,fetched,fetched_unverified,link_or_target_keyword,https://enr.sos.mo.gov/,first_pass_state_result_surfaces.csv,9d6965345ec6433ea3d0a5bd15b3247fd249fae78c9b7ad50915707da6b5b7cc,2026-10-09T21:46:57.168633+00:00,false,false
discovered:182720a62d42de9a,https://indianavoters.in.gov/ENRHistorical/ElectionResults,https://indianavoters.in.gov/ENRHistorical/ElectionResults,results_page_lead,,20,IN,state_election_authority,,PAST ELECTION RESULTS,,not_fetched,candidate,link_or_target_keyword,https://www.in.gov/sos/elections/,us_state_central_authority_sources.csv,,2026-10-09,false,false
discovered:bafd09eaf982d661,https://keweenawbay.org/government/departments/elections/,https://keweenawbay.org/government/departments/elections/,results_page_lead,,20,MI,historical_or_final_results,,,,fetched,fetched_unverified,link_or_target_keyword,https://keweenawbay.org/government/departments/elections/,us_primary_election_localities.csv,6e234715c65adde3726ad5b82aaae02643970bfc140500077e3c6f4a261fc8e9,2026-10-09,false,false
discovered:2af961df151f7e1b,https://liveresults.boe.ohio.gov/ENR/warrenohenr/18/en/R_Index_18.html,https://liveresults.boe.ohio.gov/ENR/warrenohenr/18/en/R_Index_18.html,results_page_lead,,20,OH,election_night_lead,,Current Election Results,,not_fetched,candidate,link_or_target_keyword,https://vote.warrencountyohio.gov/,us_primary_election_localities.csv,,2026-10-09,false,false
discovered:7f345767115b211b,https://oceana.mi.us/departments/county-clerk/elections/,https://oceana.mi.us/departments/county-clerk/elections/,results_page_lead,,20,MI,historical_or_final_results,,,,fetched,fetched_unverified,link_or_target_keyword,https://oceana.mi.us/departments/county-clerk/elections/,us_primary_election_localities.csv,bd2c194105135a2e35a7965c56259f9a0f8acdc84c59468804a2a9ce9f82f29d,2026-10-09,false,false
discovered:b127a4dd6b41c532,https://oceana.mi.us/departments/county-clerk/elections/election-archive/,https://oceana.mi.us/departments/county-clerk/elections/election-archive/,results_page_lead,,20,MI,historical_or_final_results,,Election Results Archive,,not_fetched,candidate,link_or_target_keyword,https://oceana.mi.us/departments/county-clerk/elections/,us_primary_election_localities.csv,,2026-10-09,false,false
discovered:280a48b5760b5f77,https://oceana.mi.us/departments/county-clerk/elections/election-results/,https://oceana.mi.us/departments/county-clerk/elections/election-results/,results_page_lead,,20,MI,historical_or_final_results,,Election Results,,not_fetched,candidate,link_or_target_keyword,https://oceana.mi.us/departments/county-clerk/elections/,us_primary_election_localities.csv,,2026-10-09,false,false
discovered:810650f35d8c4e88,https://oklahoma.gov/elections.html,https://oklahoma.gov/elections.html,results_page_lead,,20,OK,state_election_authority,,,,fetched,fetched_unverified,link_or_target_keyword,https://oklahoma.gov/elections.html,us_state_central_authority_sources.csv,484a2812a9b58551299f1dcbad6f3ce7dd791bf641aab10a1f9d7b4742c9ce2b,2026-10-09,false,false
discovered:3aa77d2d801d2779,https://oklahoma.gov/elections/elections-results/election-results.html,https://oklahoma.gov/elections/elections-results/election-results.html,results_page_lead,,20,OK,state_election_authority | statewide_results_lead,,Back to top | Election Results | Skip to main content,,fetched,fetched_unverified,link_or_target_keyword,https://oklahoma.gov/elections.html | https://oklahoma.gov/elections/elections-results/election-results.html,first_pass_state_result_surfaces.csv | us_state_central_authority_sources.csv,fe5fa0ffcaf986f0ef2ef44e1fd66dbe23f1afd5e00b18741f7c46b618d6c0e0,2026-10-09T21:47:02.596287+00:00,false,false
discovered:731f14aef9921af2,https://oklahoma.gov/elections/elections-results/election-results/1994-election-results.html,https://oklahoma.gov/elections/elections-results/election-results/1994-election-results.html,results_page_lead,,20,OK,statewide_results_lead,1994,1994,,not_fetched,candidate,link_or_target_keyword,https://oklahoma.gov/elections/elections-results/election-results.html,first_pass_state_result_surfaces.csv,,2026-10-09,false,false
discovered:90f2b20f25b3b1cc,https://oklahoma.gov/elections/elections-results/election-results/1996-election-results.html,https://oklahoma.gov/elections/elections-results/election-results/1996-election-results.html,results_page_lead,,20,OK,statewide_results_lead,1996,1996,,not_fetched,candidate,link_or_target_keyword,https://oklahoma.gov/elections/elections-results/election-results.html,first_pass_state_result_surfaces.csv,,2026-10-09,false,false
discovered:ee0c61c9f096d10f,https://oklahoma.gov/elections/elections-results/election-results/1998-election-results.html,https://oklahoma.gov/elections/elections-results/election-results/1998-election-results.html,results_page_lead,,20,OK,statewide_results_lead,1998,1998,,not_fetched,candidate,link_or_target_keyword,https://oklahoma.gov/elections/elections-results/election-results.html,first_pass_state_result_surfaces.csv,,2026-10-09,false,false
discovered:e5725fada1479f86,https://oklahoma.gov/elections/elections-results/election-results/2000-election-results.html,https://oklahoma.gov/elections/elections-results/election-results/2000-election-results.html,results_page_lead,,20,OK,statewide_results_lead,2000,2000,,not_fetched,candidate,link_or_target_keyword,https://oklahoma.gov/elections/elections-results/election-results.html,first_pass_state_result_surfaces.csv,,2026-10-09,false,false
discovered:51846c3baad67544,https://oklahoma.gov/elections/elections-results/election-results/2002-election-results.html,https://oklahoma.gov/elections/elections-results/election-results/2002-election-results.html,results_page_lead,,20,OK,statewide_results_lead,2002,2002,,not_fetched,candidate,link_or_target_keyword,https://oklahoma.gov/elections/elections-results/election-results.html,first_pass_state_result_surfaces.csv,,2026-10-09,false,false
discovered:9de224c3c065d67b,https://oklahoma.gov/elections/elections-results/election-results/2004-election-results.html,https://oklahoma.gov/elections/elections-results/election-results/2004-election-results.html,results_page_lead,,20,OK,statewide_results_lead,2004,2004,,not_fetched,candidate,link_or_target_keyword,https://oklahoma.gov/elections/elections-results/election-results.html,first_pass_state_result_surfaces.csv,,2026-10-09,false,false
discovered:00949f57a79c810b,https://oklahoma.gov/elections/elections-results/election-results/2006-election-results.html,https://oklahoma.gov/elections/elections-results/election-results/2006-election-results.html,results_page_lead,,20,OK,statewide_results_lead,2006,2006,,not_fetched,candidate,link_or_target_keyword,https://oklahoma.gov/elections/elections-results/election-results.html,first_pass_state_result_surfaces.csv,,2026-10-09,false,false
discovered:7fee39277a9d7a55,https://oklahoma.gov/elections/elections-results/election-results/2008-election-results.html,https://oklahoma.gov/elections/elections-results/election-results/2008-election-results.html,results_page_lead,,20,OK,statewide_results_lead,2008,2008,,not_fetched,candidate,link_or_target_keyword,https://oklahoma.gov/elections/elections-results/election-results.html,first_pass_state_result_surfaces.csv,,2026-10-09,false,false
discovered:51b792e6040ebcc1,https://oklahoma.gov/elections/elections-results/election-results/2010-election-results.html,https://oklahoma.gov/elections/elections-results/election-results/2010-election-results.html,results_page_lead,,20,OK,statewide_results_lead,2010,2010,,not_fetched,candidate,link_or_target_keyword,https://oklahoma.gov/elections/elections-results/election-results.html,first_pass_state_result_surfaces.csv,,2026-10-09,false,false
discovered:da4044d3f3913753,https://oklahoma.gov/elections/elections-results/election-results/2011-election-results.html,https://oklahoma.gov/elections/elections-results/election-results/2011-election-results.html,results_page_lead,,20,OK,statewide_results_lead,2011,2011,,not_fetched,candidate,link_or_target_keyword,https://oklahoma.gov/elections/elections-results/election-results.html,first_pass_state_result_surfaces.csv,,2026-10-09,false,false
discovered:5f8d9bc69070920a,https://oklahoma.gov/elections/elections-results/election-results/2012-election-results.html,https://oklahoma.gov/elections/elections-results/election-results/2012-election-results.html,results_page_lead,,20,OK,statewide_results_lead,2012,2012,,not_fetched,candidate,link_or_target_keyword,https://oklahoma.gov/elections/elections-results/election-results.html,first_pass_state_result_surfaces.csv,,2026-10-09,false,false
discovered:41f099eb3efc0d49,https://oklahoma.gov/elections/elections-results/election-results/2013-election-results.html,https://oklahoma.gov/elections/elections-results/election-results/2013-election-results.html,results_page_lead,,20,OK,statewide_results_lead,2013,2013,,not_fetched,candidate,link_or_target_keyword,https://oklahoma.gov/elections/elections-results/election-results.html,first_pass_state_result_surfaces.csv,,2026-10-09,false,false
discovered:4d6d0eff18f051fd,https://oklahoma.gov/elections/elections-results/election-results/2014-election-results.html,https://oklahoma.gov/elections/elections-results/election-results/2014-election-results.html,results_page_lead,,20,OK,statewide_results_lead,2014,2014,,not_fetched,candidate,link_or_target_keyword,https://oklahoma.gov/elections/elections-results/election-results.html,first_pass_state_result_surfaces.csv,,2026-10-09,false,false
discovered:c54f1ee1d8ade1d7,https://oklahoma.gov/elections/elections-results/election-results/2015-election-results.html,https://oklahoma.gov/elections/elections-results/election-results/2015-election-results.html,results_page_lead,,20,OK,statewide_results_lead,2015,2015,,not_fetched,candidate,link_or_target_keyword,https://oklahoma.gov/elections/elections-results/election-results.html,first_pass_state_result_surfaces.csv,,2026-10-09,false,false
discovered:56d9da06db555481,https://oklahoma.gov/elections/elections-results/election-results/2016-election-results.html,https://oklahoma.gov/elections/elections-results/election-results/2016-election-results.html,results_page_lead,,20,OK,statewide_results_lead,2016,2016,,not_fetched,candidate,link_or_target_keyword,https://oklahoma.gov/elections/elections-results/election-results.html,first_pass_state_result_surfaces.csv,,2026-10-09,false,false
discovered:132a47dfa011a0e4,https://oklahoma.gov/elections/elections-results/election-results/2017-election-results.html,https://oklahoma.gov/elections/elections-results/election-results/2017-election-results.html,results_page_lead,,20,OK,statewide_results_lead,2017,2017,,not_fetched,candidate,link_or_target_keyword,https://oklahoma.gov/elections/elections-results/election-results.html,first_pass_state_result_surfaces.csv,,2026-10-09,false,false
discovered:4e2217c20439b555,https://oklahoma.gov/elections/elections-results/election-results/2018-election-results.html,https://oklahoma.gov/elections/elections-results/election-results/2018-election-results.html,results_page_lead,,20,OK,statewide_results_lead,2018,2018,,not_fetched,candidate,link_or_target_keyword,https://oklahoma.gov/elections/elections-results/election-results.html,first_pass_state_result_surfaces.csv,,2026-10-09,false,false
discovered:38520b6d4af0c18c,https://oklahoma.gov/elections/elections-results/election-results/2019-election-results.html,https://oklahoma.gov/elections/elections-results/election-results/2019-election-results.html,results_page_lead,,20,OK,statewide_results_lead,2019,2019,,not_fetched,candidate,link_or_target_keyword,https://oklahoma.gov/elections/elections-results/election-results.html,first_pass_state_result_surfaces.csv,,2026-10-09,false,false
discovered:d75e848b6ef66d56,https://oklahoma.gov/elections/elections-results/election-results/2020-election-results.html,https://oklahoma.gov/elections/elections-results/election-results/2020-election-results.html,results_page_lead,,20,OK,statewide_results_lead,2020,2020,,not_fetched,candidate,link_or_target_keyword,https://oklahoma.gov/elections/elections-results/election-results.html,first_pass_state_result_surfaces.csv,,2026-10-09,false,false
discovered:8a39afa12688fe69,https://oklahoma.gov/elections/elections-results/election-results/2021-election-results.html,https://oklahoma.gov/elections/elections-results/election-results/2021-election-results.html,results_page_lead,,20,OK,statewide_results_lead,2021,2021,,not_fetched,candidate,link_or_target_keyword,https://oklahoma.gov/elections/elections-results/election-results.html,first_pass_state_result_surfaces.csv,,2026-10-09,false,false
discovered:5f5513236f1615b7,https://oklahoma.gov/elections/elections-results/election-results/2022-election-results.html,https://oklahoma.gov/elections/elections-results/election-results/2022-election-results.html,results_page_lead,,20,OK,statewide_results_lead,2022,2022,,not_fetched,candidate,link_or_target_keyword,https://oklahoma.gov/elections/elections-results/election-results.html,first_pass_state_result_surfaces.csv,,2026-10-09,false,false
discovered:7695321b640d026f,https://oklahoma.gov/elections/elections-results/election-results/2023-election-results.html,https://oklahoma.gov/elections/elections-results/election-results/2023-election-results.html,results_page_lead,,20,OK,statewide_results_lead,2023,2023,,not_fetched,candidate,link_or_target_keyword,https://oklahoma.gov/elections/elections-results/election-results.html,first_pass_state_result_surfaces.csv,,2026-10-09,false,false
discovered:7623fb8619e0e2c6,https://oklahoma.gov/elections/elections-results/election-results/2024-election-results.html,https://oklahoma.gov/elections/elections-results/election-results/2024-election-results.html,results_page_lead,,20,OK,statewide_results_lead,2024,2024,,not_fetched,candidate,link_or_target_keyword,https://oklahoma.gov/elections/elections-results/election-results.html,first_pass_state_result_surfaces.csv,,2026-10-09,false,false
discovered:777aa059d21903a3,https://oklahoma.gov/elections/elections-results/election-results/2025-election-results.html,https://oklahoma.gov/elections/elections-results/election-results/2025-election-results.html,results_page_lead,,20,OK,statewide_results_lead,2025,2025,,not_fetched,candidate,link_or_target_keyword,https://oklahoma.gov/elections/elections-results/election-results.html,first_pass_state_result_surfaces.csv,,2026-10-09,false,false
discovered:3650bfeafd28b162,https://oklahoma.gov/elections/elections-results/election-results/2026-election-results.html,https://oklahoma.gov/elections/elections-results/election-results/2026-election-results.html,results_page_lead,,20,OK,statewide_results_lead,2026,2026,,not_fetched,candidate,link_or_target_keyword,https://oklahoma.gov/elections/elections-results/election-results.html,first_pass_state_result_surfaces.csv,,2026-10-09,false,false
discovered:a0c3e7a15a3ee517,https://oklahoma.gov/elections/elections-results/election-results/election-results-1907-1992.html,https://oklahoma.gov/elections/elections-results/election-results/election-results-1907-1992.html,results_page_lead,,20,OK,statewide_results_lead,1907 | 1992,Older Results,,not_fetched,candidate,link_or_target_keyword,https://oklahoma.gov/elections/elections-results/election-results.html,first_pass_state_result_surfaces.csv,,2026-10-09,false,false
discovered:2372e222a2505c68,https://portal.ct.gov/sots/election-services/election-results/2020-town-committee-primaries?archived=true,https://portal.ct.gov/sots/election-services/election-results/2020-town-committee-primaries?archived=true,results_page_lead,,20,CT,statewide_results_lead,2020,"Filtered Topic Search | March 3, 2020 Town Committee Primaries | Skip to Chat | Skip to Content | Top",,fetched,fetched_unverified,link_or_target_keyword,https://portal.ct.gov/sots/election-services/election-results/2020-town-committee-primaries?archived=true | https://portal.ct.gov/sots/election-services/election-results/election-results,first_pass_state_result_surfaces.csv,2dd44725d135c7e6a15e25a16b10abe37951f9aec0a93e7843bef929bd4fefbd,2026-10-09T21:49:04.848221+00:00,false,false
discovered:614e5d972ce852d9,https://portal.ct.gov/sots/election-services/election-results/2022-town-committee-primaries?archived=true,https://portal.ct.gov/sots/election-services/election-results/2022-town-committee-primaries?archived=true,results_page_lead,,20,CT,statewide_results_lead,2022,"Filtered Topic Search | March 1, 2022 Town Committee Primaries | Skip to Chat | Skip to Content | Top",,fetched,fetched_unverified,link_or_target_keyword,https://portal.ct.gov/sots/election-services/election-results/2022-town-committee-primaries?archived=true | https://portal.ct.gov/sots/election-services/election-results/election-results,first_pass_state_result_surfaces.csv,d28960b9f9c8896f4325ef9dfc8540cff5d14044686a4f5fc032db401429b57d,2026-10-09T21:49:05.587223+00:00,false,false
discovered:e8c4270d04d96780,https://portal.ct.gov/sots/election-services/election-results/election-results,https://portal.ct.gov/sots/election-services/election-results/election-results,results_page_lead,,20,CT,statewide_results_lead,,Filtered Topic Search | Skip to Chat | Skip to Content | Top,,fetched,fetched_unverified,link_or_target_keyword,https://portal.ct.gov/sots/election-services/election-results/election-results,first_pass_state_result_surfaces.csv,a6d9a1f1c7f015cc5878c6bc14c884d345cffe92bd180bf71c87e3665706be0e,2026-10-09T21:46:46.853413+00:00,false,false
discovered:441f1a77d409d130,https://portal.ct.gov/sots/election-services/election-results/election-results-archive?archived=true,https://portal.ct.gov/sots/election-services/election-results/election-results-archive?archived=true,results_page_lead,,20,CT,statewide_results_lead,,Archive - Election Results | Archives...,,fetched,fetched_unverified,link_or_target_keyword,https://portal.ct.gov/sots/election-services/election-results/election-results,first_pass_state_result_surfaces.csv,1041b9d44cd9c1edfcaf6086a8f1646bc85554b92a34af716bfb3b7a24841598,2026-10-09T21:49:06.654913+00:00,false,false
discovered:5f9274d141c4bb91,https://portal.ct.gov/sots/election-services/election-results/february-28-2017-special-election-returns?archived=true,https://portal.ct.gov/sots/election-services/election-results/february-28-2017-special-election-returns?archived=true,results_page_lead,,20,CT,statewide_results_lead,2017,"February 28, 2017 Special Election Returns | Filtered Topic Search | Skip to Chat | Skip to Content | Top",,fetched,fetched_unverified,link_or_target_keyword,https://portal.ct.gov/sots/election-services/election-results/election-results | https://portal.ct.gov/sots/election-services/election-results/february-28-2017-special-election-returns?archived=true,first_pass_state_result_surfaces.csv,9c6c9f552fc28fdb117f8b6eb1b31af356d931bfe82db4e463f2636b599ee540,2026-10-09T21:49:07.613730+00:00,false,false
discovered:574114fd7e2500d6,https://portal.ct.gov/sots/election-services/election-results/may-4-2015-municipal-election-returns?archived=true,https://portal.ct.gov/sots/election-services/election-results/may-4-2015-municipal-election-returns?archived=true,results_page_lead,,20,CT,statewide_results_lead,2015,"Filtered Topic Search | May 4, 2015 Municipal Election Returns | Skip to Chat | Skip to Content | Top",,fetched,fetched_unverified,link_or_target_keyword,https://portal.ct.gov/sots/election-services/election-results/election-results | https://portal.ct.gov/sots/election-services/election-results/may-4-2015-municipal-election-returns?archived=true,first_pass_state_result_surfaces.csv,1a8c4ef1e36916a2fed17fe431e2f34a373ce8ca3cf8fc831c7a7ac2a70353f4,2026-10-09T21:49:08.486716+00:00,false,false
discovered:467a7f04083aa4f5,https://portal.ct.gov/sots/election-services/election-results/november-3-2015-municipal-election-returns?archived=true,https://portal.ct.gov/sots/election-services/election-results/november-3-2015-municipal-election-returns?archived=true,results_page_lead,,20,CT,statewide_results_lead,2015,"November 3, 2015 Municipal Election Returns",,fetched,fetched_unverified,link_or_target_keyword,https://portal.ct.gov/sots/election-services/election-results/election-results,first_pass_state_result_surfaces.csv,8265899c6e1ce46084a9fe5e4bffa0ac05569f684451bcc092ebf8b73ffc3a51,2026-10-09T21:49:09.656624+00:00,false,false
discovered:854a1256720f7b97,https://portal.ct.gov/sots/election-services/election-results/november-7-2017-municipal-results?archived=true,https://portal.ct.gov/sots/election-services/election-results/november-7-2017-municipal-results?archived=true,results_page_lead,,20,CT,statewide_results_lead,2017,"Filtered Topic Search | November 7, 2017 Municipal Election Results (Towns not using online system) | Skip to Chat | Skip to Content | Top",,fetched,fetched_unverified,link_or_target_keyword,https://portal.ct.gov/sots/election-services/election-results/election-results | https://portal.ct.gov/sots/election-services/election-results/november-7-2017-municipal-results?archived=true,first_pass_state_result_surfaces.csv,6f1ea2bcd77163e656fbd6ddcc87500eb3976e8dc3c5ba45bc76de5ef2aad4a9,2026-10-09T21:49:10.628125+00:00,false,false
discovered:5eb65b1b1f8c1367,https://portal.ct.gov/sots/election-services/election-results/september-12-2017-municipal-primary-results?archived=true,https://portal.ct.gov/sots/election-services/election-results/september-12-2017-municipal-primary-results?archived=true,results_page_lead,,20,CT,statewide_results_lead,2017,"Filtered Topic Search | September 12, 2017 Municipal Primary Results | Skip to Chat | Skip to Content | Top",,fetched,fetched_unverified,link_or_target_keyword,https://portal.ct.gov/sots/election-services/election-results/election-results | https://portal.ct.gov/sots/election-services/election-results/september-12-2017-municipal-primary-results?archived=true,first_pass_state_result_surfaces.csv,78bc369a0c4ff60fe12f0851861f0689f4473ed3650865583d0cee2a0b0c43e4,2026-10-09T21:49:11.707672+00:00,false,false
discovered:42ad93257d69745b,https://portal.ct.gov/sots/election-services/statement-of-vote-pdfs/general-elections-statement-of-vote-1922?archived=true,https://portal.ct.gov/sots/election-services/statement-of-vote-pdfs/general-elections-statement-of-vote-1922?archived=true,results_page_lead,,20,CT,statewide_results_lead,1922,Statement of Vote - 1922 to Present,,fetched,fetched_unverified,link_or_target_keyword,https://portal.ct.gov/sots/election-services/election-results/election-results | https://portal.ct.gov/sots/election-services/statement-of-vote-pdfs/general-elections-statement-of-vote-1922?archived=true,first_pass_state_result_surfaces.csv,5d2e3d6a857d354e63f056554340bf72864cdb593cf9d5770210520696f186fa,2026-10-09T21:49:12.631112+00:00,false,false
discovered:0303545bbacf79dc,https://results.arizona.vote/,https://results.arizona.vote/,results_page_lead,,20,AZ,state_election_authority,2024,Unofficial 2024 General Election Results,,fetch_failed,fetch_failed,link_or_target_keyword,https://azsos.gov/elections/about-elections/county-election-contact-info | https://azsos.gov/events/official-statewide-canvass-november-3-2026-general/921,us_state_central_authority_sources.csv,,2026-10-09,false,false
discovered:db7665bba63941e7,https://results.elections.myflorida.com/,https://results.elections.myflorida.com/,results_page_lead,,20,FL,statewide_results_lead,,,,fetched,fetched_unverified,link_or_target_keyword,https://results.elections.myflorida.com/,first_pass_state_result_surfaces.csv,d99f120d3eb0e5073701f78c16c20c4caa97685e5bdb44c4635543bb9d4e8eaa,2026-10-09T21:46:47.611067+00:00,false,false
discovered:66474aff7188f1ad,https://results.elections.ny.gov/,https://results.elections.ny.gov/,results_page_lead,,20,NY,statewide_results_lead,,,,fetched,fetched_unverified,link_or_target_keyword,https://results.elections.ny.gov/,first_pass_state_result_surfaces.csv,db9e857f865e187e8dd5af84972ddd5d35f3e0e2e6e711ce33e2bedcf9b5b3a9,2026-10-09T21:47:02.291906+00:00,false,false
discovered:a39d0fadc1e6a3cb,https://results.sos.nd.gov/,https://results.sos.nd.gov/,results_page_lead,,20,ND,statewide_results_lead,,,,fetched,fetched_unverified,link_or_target_keyword,https://results.sos.nd.gov/,first_pass_state_result_surfaces.csv,a593e9b581043401c2786c208e84314b52c9051b9ee55b06a8be4b898b02d24b,2026-10-09T21:46:59.818207+00:00,false,false
discovered:273a45ad7480b89e,https://sdsos.gov/elections-voting/,https://sdsos.gov/elections-voting/,results_page_lead,,20,SD,state_election_authority,,,,fetched,fetched_unverified,link_or_target_keyword,https://sdsos.gov/elections-voting/,us_state_central_authority_sources.csv,9ef12074307601ce7a13c65384678b50ddaa924a56e3abe74ca00728f68d2233,2026-10-09,false,false
discovered:adc75ac280774e65,https://sos.iowa.gov/auditors,https://sos.iowa.gov/auditors,results_page_lead,,20,IA,state_election_authority,,,,fetched,fetched_unverified,link_or_target_keyword,https://sos.iowa.gov/auditors,us_state_central_authority_sources.csv,46a95f81b1d077f46fd213aeb6791e5179b4158ef54e2f32043e009d801ecaad,2026-10-09,false,false
discovered:5ef3d47b5306e54a,https://sos.nebraska.gov/elections,https://sos.nebraska.gov/elections,results_page_lead,,20,NE,state_election_authority,,,,fetched,fetched_unverified,link_or_target_keyword,https://sos.nebraska.gov/elections,us_state_central_authority_sources.csv,c0afa3b2d5dfa5a55acfc4c2dce21ed023101166b663b9e68b77e9504dcb6cb1,2026-10-09,false,false
discovered:254808152711e092,https://sos.nebraska.gov/previous-elections,https://sos.nebraska.gov/previous-elections,results_page_lead,,20,NE,state_election_authority,,Previous Election Results,,not_fetched,candidate,link_or_target_keyword,https://sos.nebraska.gov/elections,us_state_central_authority_sources.csv,,2026-10-09,false,false
discovered:346a320e1d4f7f2b,https://sos.oregon.gov/elections/Pages/historical-data.aspx,https://sos.oregon.gov/elections/Pages/historical-data.aspx,results_page_lead,,20,OR,state_election_authority,,Election Results & History,,not_fetched,candidate,link_or_target_keyword,https://sos.oregon.gov/elections/pages/county-officials.aspx,us_state_central_authority_sources.csv,,2026-10-09,false,false
discovered:2ba720766f411274,https://sos.oregon.gov/elections/pages/county-officials.aspx,https://sos.oregon.gov/elections/pages/county-officials.aspx,results_page_lead,,20,OR,state_election_authority,,,,fetched,fetched_unverified,link_or_target_keyword,https://sos.oregon.gov/elections/pages/county-officials.aspx,us_state_central_authority_sources.csv,6c0631a74be995e32c41bdef8b7566a72deee6112f41a1b7b04caba808b6d1d1,2026-10-09,false,false
discovered:69fdaa4e7fa02e53,https://sos.wv.gov/elections,https://sos.wv.gov/elections,results_page_lead,,20,WV,state_election_authority,,,,fetched,fetched_unverified,link_or_target_keyword,https://sos.wv.gov/elections,us_state_central_authority_sources.csv,b3e98fca4923b76335f775c3c0d1073f622fdce86fa0fd24751f00fe5f63789b,2026-10-09,false,false
discovered:6a5dbba0bed3029a,https://sos.wv.gov/elections/election-data/historical-election-results-and-turnout,https://sos.wv.gov/elections/election-data/historical-election-results-and-turnout,results_page_lead,,20,WV,state_election_authority | statewide_results_lead,,Historical Election Results | Skip to main content,,fetched,fetched_unverified,link_or_target_keyword,https://sos.wv.gov/elections | https://sos.wv.gov/elections/election-data/historical-election-results-and-turnout,first_pass_state_result_surfaces.csv | us_state_central_authority_sources.csv,e098508bed3ea281f039f8ecec601c0285d5d6469ff5a749cb5ace36fb5897fb,2026-10-09T21:47:06.415330+00:00,false,false
discovered:a296830a6d7038d8,https://sos.wyo.gov/Elections/,https://sos.wyo.gov/Elections/,results_page_lead,,20,WY,state_election_authority,,,,fetched,fetched_unverified,link_or_target_keyword,https://sos.wyo.gov/Elections/,us_state_central_authority_sources.csv,a1ee847b7d8eddc6585d8c49369a3e4f2826e4b98e9f681bec5264961f61e26c,2026-10-09,false,false
discovered:6f4579c80098ffe1,https://sos.wyo.gov/Elections/Docs/2026/2026PrimaryResults.aspx,https://sos.wyo.gov/Elections/Docs/2026/2026PrimaryResults.aspx,results_page_lead,,20,WY,statewide_results_lead,2026,,,fetched,fetched_unverified,link_or_target_keyword,https://sos.wyo.gov/Elections/Docs/2026/2026PrimaryResults.aspx,first_pass_state_result_surfaces.csv,a0bea64091940eb8f87ac52eeca4e21a54f3be9a5df0dd6938156c20db48b89a,2026-10-09T21:47:06.789177+00:00,false,false
discovered:6451d9203ce1e695,https://sos.wyo.gov/Elections/ElectionResults.aspx,https://sos.wyo.gov/Elections/ElectionResults.aspx,results_page_lead,,20,WY,state_election_authority | statewide_results_lead,,Election Results,,not_fetched,candidate,link_or_target_keyword,https://sos.wyo.gov/Elections/ | https://sos.wyo.gov/Elections/Docs/2026/2026PrimaryResults.aspx,first_pass_state_result_surfaces.csv | us_state_central_authority_sources.csv,,2026-10-09,false,false
discovered:35893ee9857025dc,https://sosmt.gov/elections/,https://sosmt.gov/elections/,results_page_lead,,20,MT,state_election_authority,,,,fetched,fetched_unverified,link_or_target_keyword,https://sosmt.gov/elections/,us_state_central_authority_sources.csv,ae8ced753d8fc0a936caeed5375f92f388952f0d0cf7d6ab296d15a3096dbcf1,2026-10-09,false,false
discovered:5c4b96d3e2f23a5d,https://sosmt.gov/elections/results/,https://sosmt.gov/elections/results/,results_page_lead,,20,MT,state_election_authority,,Election Results | Visit Election Results Website,,not_fetched,candidate,link_or_target_keyword,https://sosmt.gov/elections/,us_state_central_authority_sources.csv,,2026-10-09,false,false
discovered:8dc875e228e41c8f,https://stjosephcountymi.gov/,https://stjosephcountymi.gov/,results_page_lead,,20,MI,historical_or_final_results,,,,fetched,fetched_unverified,link_or_target_keyword,https://stjosephcountymi.gov/,us_primary_election_localities.csv,89fcff83727c89f4837a299aac5db3132cf69d7f503b80bcf051ffe17f3d0450,2026-10-09T21:48:54.172862+00:00,false,false
discovered:7bf8ae4e1c46f99a,https://stjosephcountymi.gov/public-notice-election-commission-election-commission-special-meeting/,https://stjosephcountymi.gov/public-notice-election-commission-election-commission-special-meeting/,results_page_lead,,20,MI,historical_or_final_results,2026,"Special Meeting: St. Joseph Board of Canvasses August 28, 2026",,not_fetched,candidate,link_or_target_keyword,https://stjosephcountymi.gov/,us_primary_election_localities.csv,,2026-10-09,false,false
discovered:ce7695b687b2bb14,https://stjosephcountymi.gov/special-meeting-st-joseph-board-of-canvasses/,https://stjosephcountymi.gov/special-meeting-st-joseph-board-of-canvasses/,results_page_lead,,20,MI,historical_or_final_results,2026,"Special Meeting: St. Joseph Board of Canvasses September 4, 2026",,not_fetched,candidate,link_or_target_keyword,https://stjosephcountymi.gov/,us_primary_election_localities.csv,,2026-10-09,false,false
discovered:7c4ec902022687f4,https://vote.delawarecountyohio.gov/,https://vote.delawarecountyohio.gov/,results_page_lead,,20,OH,election_night_lead,,,,fetched,fetched_unverified,link_or_target_keyword,https://vote.delawarecountyohio.gov/,us_primary_election_localities.csv,cdcfabf37c1bf674febe2883cdd9f1d37a10500fe4d2c131f597acbfee1045b7,2026-10-09,false,false
discovered:4e9bf6aa2f1c7c29,https://vote.delawarecountyohio.gov/data/pastresults/,https://vote.delawarecountyohio.gov/data/pastresults/,results_page_lead,,20,OH,election_night_lead,,Election Results and Voter Turnout History,,not_fetched,candidate,link_or_target_keyword,https://vote.delawarecountyohio.gov/,us_primary_election_localities.csv,,2026-10-09,false,false
discovered:1a274febb80f0804,https://vote.delawarecountyohio.gov/event/official-canvass-3/,https://vote.delawarecountyohio.gov/event/official-canvass-3/,results_page_lead,,20,OH,election_night_lead,2026,"17 Tuesday, November 17, 2026 9:00 am - 11:00 am Official Canvass",,not_fetched,candidate,link_or_target_keyword,https://vote.delawarecountyohio.gov/,us_primary_election_localities.csv,,2026-10-09,false,false
discovered:2189b4e7cafb9b32,https://vote.elections.virginia.gov/VoterInformation/PublicContactLookup,https://vote.elections.virginia.gov/VoterInformation/PublicContactLookup,results_page_lead,,20,VA,state_election_authority,,,,fetched,fetched_unverified,link_or_target_keyword,https://vote.elections.virginia.gov/VoterInformation/PublicContactLookup,us_state_central_authority_sources.csv,34ce135e9cdc8b69415e81cae9cf8203e7f2b644ed1aae77d117c43a5e007ec5,2026-10-09,false,false
discovered:ea4a3841b0a52fc3,https://vote.utah.gov/,https://vote.utah.gov/,results_page_lead,,20,UT,state_election_authority,,,,fetched,fetched_unverified,link_or_target_keyword,https://vote.utah.gov/,us_state_central_authority_sources.csv,060593283c2bec475e1ad5e848135c5ae1251f4de3308ae81c69c76f721dfa6b,2026-10-09,false,false
discovered:855ad5997ba37166,https://vote.utah.gov/election-results-data-historical-information,https://vote.utah.gov/election-results-data-historical-information,results_page_lead,,20,UT,state_election_authority,,"Election Results, Historical Information & Data",,not_fetched,candidate,link_or_target_keyword,https://vote.utah.gov/,us_state_central_authority_sources.csv,,2026-10-09,false,false
discovered:1e44215d5e05f895,https://vote.warrencountyohio.gov/,https://vote.warrencountyohio.gov/,results_page_lead,,20,OH,election_night_lead,,,,fetched,fetched_unverified,link_or_target_keyword,https://vote.warrencountyohio.gov/,us_primary_election_localities.csv,689e6e890c97b521db3238a40ffa954b0787f11fcfc519e300e9362117b9b09b,2026-10-09,false,false
discovered:ad4c21007af15b9c,https://vote.warrencountyohio.gov/Results/VotingArchives/Index,https://vote.warrencountyohio.gov/Results/VotingArchives/Index,results_page_lead,,20,OH,election_night_lead,,Election Results Archive,,not_fetched,candidate,link_or_target_keyword,https://vote.warrencountyohio.gov/,us_primary_election_localities.csv,,2026-10-09,false,false
discovered:10dba1bd011f57ed,https://voteidaho.gov/,https://voteidaho.gov/,results_page_lead,,20,ID,state_election_authority,,,,fetched,fetched_unverified,link_or_target_keyword,https://voteidaho.gov/,us_state_central_authority_sources.csv,8b51cc568f88b0d9e87ea2d0e226008129cb404e048a7f10d14e6be22a7c3e80,2026-10-09,false,false
discovered:99fad071657ace62,https://voteidaho.gov/election-results/,https://voteidaho.gov/election-results/,results_page_lead,,20,ID,state_election_authority,,Election Results,,not_fetched,candidate,link_or_target_keyword,https://voteidaho.gov/,us_state_central_authority_sources.csv,,2026-10-09,false,false
discovered:41768316e7bd0c85,https://voteidaho.gov/election-results/election-audits/,https://voteidaho.gov/election-results/election-audits/,results_page_lead,,20,ID,state_election_authority,,Election Audits,,not_fetched,candidate,link_or_target_keyword,https://voteidaho.gov/,us_state_central_authority_sources.csv,,2026-10-09,false,false
discovered:9420eb1313327d75,https://voterportal.sos.la.gov/graphical,https://voterportal.sos.la.gov/graphical,results_page_lead,,20,LA,statewide_results_lead,,,,fetched,fetched_unverified,link_or_target_keyword,https://voterportal.sos.la.gov/graphical,first_pass_state_result_surfaces.csv,267325ddeb5ff66b054c031f16cd80779cc76ce79fe062383e0b205a58737115,2026-10-09T21:46:53.495074+00:00,false,false
discovered:0426e6cad2e5b26d,https://www.alpenacounty.org/DocumentCenter/View/104/2019-May-Election-Results-PDF,https://www.alpenacounty.org/DocumentCenter/View/104/2019-May-Election-Results-PDF,results_page_lead,,20,MI,historical_or_final_results,2019,2019 May Election Results (PDF),,not_fetched,candidate,link_or_target_keyword,https://www.alpenacounty.org/173/Election-Results,us_primary_election_localities.csv,,2026-10-09,false,false
discovered:6b5ba90ca5cdbf65,https://www.alpenacounty.org/DocumentCenter/View/106/2018-November-Election-Results-PDF,https://www.alpenacounty.org/DocumentCenter/View/106/2018-November-Election-Results-PDF,results_page_lead,,20,MI,historical_or_final_results,2018,2018 November Election Results (PDF),,not_fetched,candidate,link_or_target_keyword,https://www.alpenacounty.org/173/Election-Results,us_primary_election_localities.csv,,2026-10-09,false,false
discovered:e16c3e5c8e27661c,https://www.alpenacounty.org/DocumentCenter/View/107/2018-August-Election-Results-PDF,https://www.alpenacounty.org/DocumentCenter/View/107/2018-August-Election-Results-PDF,results_page_lead,,20,MI,historical_or_final_results,2018,2018 August Election Results (PDF),,not_fetched,candidate,link_or_target_keyword,https://www.alpenacounty.org/173/Election-Results,us_primary_election_localities.csv,,2026-10-09,false,false
discovered:f8d018209e230f88,https://www.berriencounty.org/1771/Canvassers-Commission,https://www.berriencounty.org/1771/Canvassers-Commission,results_page_lead,,20,MI,election_night_lead,,Canvassers & Commission,,not_fetched,candidate,link_or_target_keyword,https://www.berriencounty.org/169/Election-Reporting-Archive,us_primary_election_localities.csv,,2026-10-09,false,false
discovered:13e2696838f7c6c9,https://www.berriencounty.org/DocumentCenter/View/13860/March-Election-Results-2020-PDF,https://www.berriencounty.org/DocumentCenter/View/13860/March-Election-Results-2020-PDF,results_page_lead,,20,MI,election_night_lead,2020,"March 10, 2020 Results (PDF)",,not_fetched,candidate,link_or_target_keyword,https://www.berriencounty.org/169/Election-Reporting-Archive,us_primary_election_localities.csv,,2026-10-09,false,false
discovered:1c4d483b8c1a1ccf,https://www.berriencounty.org/DocumentCenter/View/13861/November-Election-Results-2020-PDF,https://www.berriencounty.org/DocumentCenter/View/13861/November-Election-Results-2020-PDF,results_page_lead,,20,MI,election_night_lead,2020,"November 3rd, 2020 Results (PDF)",,not_fetched,candidate,link_or_target_keyword,https://www.berriencounty.org/169/Election-Reporting-Archive,us_primary_election_localities.csv,,2026-10-09,false,false
discovered:8405694b3e59f24b,https://www.berriencounty.org/DocumentCenter/View/13887/2021-May--Unofficial-Results-PDF,https://www.berriencounty.org/DocumentCenter/View/13887/2021-May--Unofficial-Results-PDF,results_page_lead,,20,MI,election_night_lead,2021,"May 4th, 2021 Unofficial Results (PDF)",,not_fetched,candidate,link_or_target_keyword,https://www.berriencounty.org/169/Election-Reporting-Archive,us_primary_election_localities.csv,,2026-10-09,false,false
discovered:fcb8fdfe858786b7,https://www.berriencounty.org/DocumentCenter/View/14455/ElectionReporting--August-3rd-2021-Election-PDF,https://www.berriencounty.org/DocumentCenter/View/14455/ElectionReporting--August-3rd-2021-Election-PDF,results_page_lead,,20,MI,election_night_lead,2021,"August 3rd, 2021 Unofficial Results (PDF)",,not_fetched,candidate,link_or_target_keyword,https://www.berriencounty.org/169/Election-Reporting-Archive,us_primary_election_localities.csv,,2026-10-09,false,false
discovered:357cf9b48dc6d55f,https://www.berriencounty.org/DocumentCenter/View/14954/November-2nd-2021-Unofficial-Election-Results-PDF,https://www.berriencounty.org/DocumentCenter/View/14954/November-2nd-2021-Unofficial-Election-Results-PDF,results_page_lead,,20,MI,election_night_lead,2021,"November 2nd, 2021 Unofficial Results (PDF)",,not_fetched,candidate,link_or_target_keyword,https://www.berriencounty.org/169/Election-Reporting-Archive,us_primary_election_localities.csv,,2026-10-09,false,false
discovered:83c2d5d54d75c84f,https://www.berriencounty.org/DocumentCenter/View/18037/May-2023-Results-PDF,https://www.berriencounty.org/DocumentCenter/View/18037/May-2023-Results-PDF,results_page_lead,,20,MI,election_night_lead,2023,"May 2nd, 2023 Special Election Results (PDF)",,not_fetched,candidate,link_or_target_keyword,https://www.berriencounty.org/169/Election-Reporting-Archive,us_primary_election_localities.csv,,2026-10-09,false,false
discovered:cb2cd2bf0c7442a7,https://www.berriencounty.org/DocumentCenter/View/18038/November-2022-Results-PDF,https://www.berriencounty.org/DocumentCenter/View/18038/November-2022-Results-PDF,results_page_lead,,20,MI,election_night_lead,2022,"November 8th, 2022 General Election Results (PDF)",,not_fetched,candidate,link_or_target_keyword,https://www.berriencounty.org/169/Election-Reporting-Archive,us_primary_election_localities.csv,,2026-10-09,false,false
discovered:8d83a375f84cacc9,https://www.berriencounty.org/DocumentCenter/View/18444/08-2023-Contest-Overview-Data-report,https://www.berriencounty.org/DocumentCenter/View/18444/08-2023-Contest-Overview-Data-report,results_page_lead,,20,MI,election_night_lead,2023,"August 8th, 2023 Primary Election Results (PDF)",,not_fetched,candidate,link_or_target_keyword,https://www.berriencounty.org/169/Election-Reporting-Archive,us_primary_election_localities.csv,,2026-10-09,false,false
discovered:86ba699d58ce8aa8,https://www.berriencounty.org/DocumentCenter/View/6082/1117-Summary-Results,https://www.berriencounty.org/DocumentCenter/View/6082/1117-Summary-Results,results_page_lead,,20,MI,election_night_lead,2017,November 2017 Election Results (PDF),,not_fetched,candidate,link_or_target_keyword,https://www.berriencounty.org/169/Election-Reporting-Archive,us_primary_election_localities.csv,,2026-10-09,false,false
discovered:ddea6e533deda750,https://www.berriencounty.org/DocumentCenter/View/6195/May-2018-results,https://www.berriencounty.org/DocumentCenter/View/6195/May-2018-results,results_page_lead,,20,MI,election_night_lead,2018,May 8th 2018 Election Results (PDF),,not_fetched,candidate,link_or_target_keyword,https://www.berriencounty.org/169/Election-Reporting-Archive,us_primary_election_localities.csv,,2026-10-09,false,false
discovered:a36f2e6966ce2f53,https://www.berriencounty.org/DocumentCenter/View/7072/2018-August-Results,https://www.berriencounty.org/DocumentCenter/View/7072/2018-August-Results,results_page_lead,,20,MI,election_night_lead,2018,August 7th 2018 Primary Election Results (PDF),,not_fetched,candidate,link_or_target_keyword,https://www.berriencounty.org/169/Election-Reporting-Archive,us_primary_election_localities.csv,,2026-10-09,false,false
discovered:2865c23b59a53feb,https://www.berriencounty.org/DocumentCenter/View/7837/2018-StatementOfVotesCast,https://www.berriencounty.org/DocumentCenter/View/7837/2018-StatementOfVotesCast,results_page_lead,,20,MI,election_night_lead,2018,November 6th 2018 General Election Results (PDF),,not_fetched,candidate,link_or_target_keyword,https://www.berriencounty.org/169/Election-Reporting-Archive,us_primary_election_localities.csv,,2026-10-09,false,false
discovered:ae792b3292fa70e9,https://www.berriencounty.org/DocumentCenter/View/9543,https://www.berriencounty.org/DocumentCenter/View/9543,results_page_lead,,20,MI,election_night_lead,2019,"May 7, 2019 Election Results (PDF)",,not_fetched,candidate,link_or_target_keyword,https://www.berriencounty.org/169/Election-Reporting-Archive,us_primary_election_localities.csv,,2026-10-09,false,false
discovered:560b5054515104b6,https://www.boe.ohio.gov/ashland/,https://www.boe.ohio.gov/ashland/,results_page_lead,,20,OH,historical_or_final_results,,,,fetched,fetched_unverified,link_or_target_keyword,https://www.boe.ohio.gov/ashland/,us_primary_election_localities.csv,0c574233245cf0be35c02042b226d3a9b7dc1820578c3ec5f305bba1c12103a0,2026-10-09,false,false
discovered:66cafab7de69013f,https://www.boe.ohio.gov/ashland/election-info/election-results/,https://www.boe.ohio.gov/ashland/election-info/election-results/,results_page_lead,,20,OH,historical_or_final_results,,Election Results,,not_fetched,candidate,link_or_target_keyword,https://www.boe.ohio.gov/ashland/,us_primary_election_localities.csv,,2026-10-09,false,false
discovered:a2e5ffeb170b7d77,https://www.camdencounty.com/government/voter-information/election-results,https://www.camdencounty.com/government/voter-information/election-results,results_page_lead,,20,NJ,state_election_authority,,www.camdencounty.com/government/voter-information/election-results,,not_fetched,candidate,link_or_target_keyword,https://www.nj.gov/state/elections/election-information-results-county-sites.html,us_state_central_authority_sources.csv,,2026-10-09,false,false
discovered:2c93430b46d8675e,https://www.camdencounty.com/service/voting-and-elections/election-results/,https://www.camdencounty.com/service/voting-and-elections/election-results/,results_page_lead,,20,NJ,statewide_results_lead,,https://www.camdencounty.com/service/voting-and-elections/election-results/,,not_fetched,candidate,link_or_target_keyword,https://www.nj.gov/state/elections/election-night-results.shtml,first_pass_state_result_surfaces.csv,,2026-10-09,false,false
discovered:4c7ca9d77c4adeca,https://www.chippewacountymi.gov/,https://www.chippewacountymi.gov/,results_page_lead,,20,MI,historical_or_final_results,,,,fetched,fetched_unverified,link_or_target_keyword,https://www.chippewacountymi.gov/,us_primary_election_localities.csv,50add8e78c815be26ed16e21b0308b33cf9e09e17c9826c6be5c175f54b003fe,2026-10-09,false,false
discovered:346c62694c14524a,https://www.chippewacountymi.gov/clerk-election-information,https://www.chippewacountymi.gov/clerk-election-information,results_page_lead,,20,MI,historical_or_final_results,,ELECTION RESULTS,,not_fetched,candidate,link_or_target_keyword,https://www.chippewacountymi.gov/,us_primary_election_localities.csv,,2026-10-09,false,false
discovered:d6b084e7e2a9f533,https://www.clinton-county.org/1018/Board-of-County-Canvassers,https://www.clinton-county.org/1018/Board-of-County-Canvassers,results_page_lead,,20,MI,historical_or_final_results,,Board of County Canvassers | Skip to Main Content,,fetched,fetched_unverified,link_or_target_keyword,https://www.clinton-county.org/1018/Board-of-County-Canvassers | https://www.clinton-county.org/228/Election-Information | https://www.clinton-county.org/229/Past-Election-Results,us_primary_election_localities.csv,714b595cac23fe4cb7a83fac8a03ab3e22e84da29382bda1bbf25f5af533dcea,2026-10-09T21:50:48.707652+00:00,false,false
discovered:420907f0ce9467cd,https://www.clinton-county.org/229/Past-Election-Results,https://www.clinton-county.org/229/Past-Election-Results,results_page_lead,,20,MI,historical_or_final_results,,Past Election Results | Skip to Main Content,,fetched,fetched_unverified,link_or_target_keyword,https://www.clinton-county.org/1018/Board-of-County-Canvassers | https://www.clinton-county.org/228/Election-Information | https://www.clinton-county.org/229/Past-Election-Results,us_primary_election_localities.csv,2d43cebe2a7ba8c8f57dbde7ea5a2645d8fe36fbd970eca74aa61b67bd08ad67,2026-10-09T21:50:50.592055+00:00,false,false
discovered:f43c54e6662e61ca,https://www.clinton-county.org/DocumentCenter/View/8783/1424-Notice-of-Canvass-Meeting,https://www.clinton-county.org/DocumentCenter/View/8783/1424-Notice-of-Canvass-Meeting,results_page_lead,,20,MI,historical_or_final_results,,ounty Canvasser Meeting 1-4-24,,not_fetched,candidate,link_or_target_keyword,https://www.clinton-county.org/1018/Board-of-County-Canvassers,us_primary_election_localities.csv,,2026-10-09,false,false
discovered:3e39dfe34680616d,https://www.clinton-county.org/DocumentCenter/View/8784/11-08-2023-Notice-of-Canvass-Meeting,https://www.clinton-county.org/DocumentCenter/View/8784/11-08-2023-Notice-of-Canvass-Meeting,results_page_lead,,20,MI,historical_or_final_results,2023,County Canvasser Meeting 11-08-23,,not_fetched,candidate,link_or_target_keyword,https://www.clinton-county.org/1018/Board-of-County-Canvassers,us_primary_election_localities.csv,,2026-10-09,false,false
discovered:162035a568b327fe,https://www.clinton-county.org/DocumentCenter/View/8838/02-27-24---Notice-of-Canvass-Meeting,https://www.clinton-county.org/DocumentCenter/View/8838/02-27-24---Notice-of-Canvass-Meeting,results_page_lead,,20,MI,historical_or_final_results,,"County Canvasser Meeting, 2-29-24",,not_fetched,candidate,link_or_target_keyword,https://www.clinton-county.org/1018/Board-of-County-Canvassers,us_primary_election_localities.csv,,2026-10-09,false,false
discovered:239dd515a3e9fe57,https://www.clinton-county.org/DocumentCenter/View/9003/5724-Notice-of-Canvass-Meeting,https://www.clinton-county.org/DocumentCenter/View/9003/5724-Notice-of-Canvass-Meeting,results_page_lead,,20,MI,historical_or_final_results,,"County Canvasser Meeting, 5-9-24",,not_fetched,candidate,link_or_target_keyword,https://www.clinton-county.org/1018/Board-of-County-Canvassers,us_primary_election_localities.csv,,2026-10-09,false,false
discovered:6552c90f7042e408,https://www.clinton-county.org/DocumentCenter/View/9004/08-06-24--Notice-of-Canvass-Meeting,https://www.clinton-county.org/DocumentCenter/View/9004/08-06-24--Notice-of-Canvass-Meeting,results_page_lead,,20,MI,historical_or_final_results,,"County Canvasser Meeting, 8-8-24",,not_fetched,candidate,link_or_target_keyword,https://www.clinton-county.org/1018/Board-of-County-Canvassers,us_primary_election_localities.csv,,2026-10-09,false,false
discovered:abc4f07f3b1ad913,https://www.clinton-county.org/DocumentCenter/View/9005/Amended-February-27-2004-Canvasser-Miutes,https://www.clinton-county.org/DocumentCenter/View/9005/Amended-February-27-2004-Canvasser-Miutes,results_page_lead,,20,MI,historical_or_final_results,2004,"Minutes, 2-29-24",,not_fetched,candidate,link_or_target_keyword,https://www.clinton-county.org/1018/Board-of-County-Canvassers,us_primary_election_localities.csv,,2026-10-09,false,false
discovered:46391cb319ecccab,https://www.clinton-county.org/DocumentCenter/View/9006/May-7-Canvasser-Minutes,https://www.clinton-county.org/DocumentCenter/View/9006/May-7-Canvasser-Minutes,results_page_lead,,20,MI,historical_or_final_results,,"Minutes, 5-9-24",,not_fetched,candidate,link_or_target_keyword,https://www.clinton-county.org/1018/Board-of-County-Canvassers,us_primary_election_localities.csv,,2026-10-09,false,false
discovered:f7e9272951a35de9,https://www.clinton-county.org/DocumentCenter/View/9007/11-05-24--Notice-of-Canvass-Meeting,https://www.clinton-county.org/DocumentCenter/View/9007/11-05-24--Notice-of-Canvass-Meeting,results_page_lead,,20,MI,historical_or_final_results,,"County Canvasser Meeting, 11-7-24",,not_fetched,candidate,link_or_target_keyword,https://www.clinton-county.org/1018/Board-of-County-Canvassers,us_primary_election_localities.csv,,2026-10-09,false,false
discovered:50e4dd4a68f95002,https://www.clinton-county.org/DocumentCenter/View/9008/November-8-2023-Canvasser-Minutes,https://www.clinton-county.org/DocumentCenter/View/9008/November-8-2023-Canvasser-Minutes,results_page_lead,,20,MI,historical_or_final_results,2023,"Minutes, 11-08-23",,not_fetched,candidate,link_or_target_keyword,https://www.clinton-county.org/1018/Board-of-County-Canvassers,us_primary_election_localities.csv,,2026-10-09,false,false
discovered:36765ccbfff17793,https://www.clinton-county.org/DocumentCenter/View/9009/January-4-2024-Canvasser-Minutes-Org-Meeting-and-Ballot-Container-Inspections,https://www.clinton-county.org/DocumentCenter/View/9009/January-4-2024-Canvasser-Minutes-Org-Meeting-and-Ballot-Container-Inspections,results_page_lead,,20,MI,historical_or_final_results,2024,"Minutes, 1-4-24",,not_fetched,candidate,link_or_target_keyword,https://www.clinton-county.org/1018/Board-of-County-Canvassers,us_primary_election_localities.csv,,2026-10-09,false,false
discovered:37875cd0ee7e484a,https://www.clinton-county.org/DocumentCenter/View/9174/November-7-2024-Canvasser-Meeting,https://www.clinton-county.org/DocumentCenter/View/9174/November-7-2024-Canvasser-Meeting,results_page_lead,,20,MI,historical_or_final_results,2024,"Minutes, 11-7-24",,not_fetched,candidate,link_or_target_keyword,https://www.clinton-county.org/1018/Board-of-County-Canvassers,us_primary_election_localities.csv,,2026-10-09,false,false
discovered:63b574f61d2fd35c,https://www.clinton-county.org/DocumentCenter/View/9176/August-6-2024---Primary-Election-Canvasser-Minutes,https://www.clinton-county.org/DocumentCenter/View/9176/August-6-2024---Primary-Election-Canvasser-Minutes,results_page_lead,,20,MI,historical_or_final_results,2024,"Minutes, 8-8-24",,not_fetched,candidate,link_or_target_keyword,https://www.clinton-county.org/1018/Board-of-County-Canvassers,us_primary_election_localities.csv,,2026-10-09,false,false
discovered:a362683a0f8ca1e6,https://www.clinton-county.org/DocumentCenter/View/9389/5625--Notice-of-Canvass-Meeting,https://www.clinton-county.org/DocumentCenter/View/9389/5625--Notice-of-Canvass-Meeting,results_page_lead,,20,MI,historical_or_final_results,,"County Canvasser Meeting, 5-7-25",,not_fetched,candidate,link_or_target_keyword,https://www.clinton-county.org/1018/Board-of-County-Canvassers,us_primary_election_localities.csv,,2026-10-09,false,false
discovered:eec911993225b005,https://www.clinton-county.org/DocumentCenter/View/9390/8525--Notice-of-Canvass-Meeting,https://www.clinton-county.org/DocumentCenter/View/9390/8525--Notice-of-Canvass-Meeting,results_page_lead,,20,MI,historical_or_final_results,,"County Canvasser Meeting, 8-6-25",,not_fetched,candidate,link_or_target_keyword,https://www.clinton-county.org/1018/Board-of-County-Canvassers,us_primary_election_localities.csv,,2026-10-09,false,false
discovered:c112457f12e1e977,https://www.eatoncounty.org/DocumentCenter/View/2259/Canvass-Results-PDF,https://www.eatoncounty.org/DocumentCenter/View/2259/Canvass-Results-PDF,results_page_lead,,20,MI,historical_or_final_results,,Precinct by Precinct Results (PDF),,not_fetched,candidate,link_or_target_keyword,https://www.eatoncounty.org/241/Election-Results,us_primary_election_localities.csv,,2026-10-09,false,false
discovered:5bf368abddb05df0,https://www.electionlenawee.com/,https://www.electionlenawee.com/,results_page_lead,,20,MI,election_night_lead,,Election Results,,fetched,fetched_unverified,link_or_target_keyword,https://www.electionlenawee.com/,us_primary_election_localities.csv,c346cffacb29c1583ee9193cd95ef6df4c9998f202a9cb9dadd26fdc03580e2b,2026-10-09T21:47:21.493225+00:00,false,false
discovered:335e42c8c03b5e82,https://www.electionlenawee.com/board-of-canvassers/,https://www.electionlenawee.com/board-of-canvassers/,results_page_lead,,20,MI,election_night_lead,,Board of Canvassers,,not_fetched,candidate,link_or_target_keyword,https://www.electionlenawee.com/,us_primary_election_localities.csv,,2026-10-09,false,false
discovered:3d85aed3a31273b1,https://www.electionlenawee.com/past-election-results/,https://www.electionlenawee.com/past-election-results/,results_page_lead,,20,MI,election_night_lead,,Past Election Results,,not_fetched,candidate,link_or_target_keyword,https://www.electionlenawee.com/,us_primary_election_localities.csv,,2026-10-09,false,false
discovered:c42159f0b030b14d,https://www.electionreturns.pa.gov/,https://www.electionreturns.pa.gov/,results_page_lead,,20,PA,statewide_results_lead,,,,fetched,fetched_unverified,link_or_target_keyword,https://www.electionreturns.pa.gov/,first_pass_state_result_surfaces.csv,e523eb30751b020c79e6ef6ccfb1041734c7e85fd9d4a6b0d4c4b378a144b676,2026-10-09T21:47:03.729398+00:00,false,false
discovered:9e982a53d9a0ba43,https://www.elections.il.gov/electionoperations/votetotalsearch.aspx,https://www.elections.il.gov/electionoperations/votetotalsearch.aspx,results_page_lead,,20,IL,statewide_results_lead,,,,fetched,fetched_unverified,link_or_target_keyword,https://www.elections.il.gov/electionoperations/votetotalsearch.aspx,first_pass_state_result_surfaces.csv,182aecbd7cea332203e4db2c5c7ea37fa4e679a2918ebf6d45a3aa35759da828,2026-10-09T21:46:49.842349+00:00,false,false
discovered:4b44d7b9b751ecf8,https://www.elections.virginia.gov/results/,https://www.elections.virginia.gov/results/,results_page_lead,,20,VA,statewide_results_lead,,,,fetched,fetched_unverified,link_or_target_keyword,https://www.elections.virginia.gov/results/,first_pass_state_result_surfaces.csv,67a929514b80ef612c4c3c39a49e5980ec0b7449e4cc80f6532de6859a25e755,2026-10-09T21:47:05.660614+00:00,false,false
discovered:47a8b5748c30ed83,https://www.elections.virginia.gov/resultsreports/election-results/,https://www.elections.virginia.gov/resultsreports/election-results/,results_page_lead,,20,VA,statewide_results_lead,,Election Results,,not_fetched,candidate,link_or_target_keyword,https://www.elections.virginia.gov/results/,first_pass_state_result_surfaces.csv,,2026-10-09,false,false
discovered:f0ea4c095a345ce2,https://www.in.gov/sos/elections/,https://www.in.gov/sos/elections/,results_page_lead,,20,IN,state_election_authority,,,,fetched,fetched_unverified,link_or_target_keyword,https://www.in.gov/sos/elections/,us_state_central_authority_sources.csv,557ba6f28f602f1d6a6e860a41e112c7ae56271546a25e5cf7d5d74a3594b498,2026-10-09,false,false
discovered:2ca521f7e862c6cf,https://www.in.gov/sos/elections/election-commission/election-results,https://www.in.gov/sos/elections/election-commission/election-results,results_page_lead,,20,IN,state_election_authority,,View Election Results,,not_fetched,candidate,link_or_target_keyword,https://www.in.gov/sos/elections/,us_state_central_authority_sources.csv,,2026-10-09,false,false
discovered:b070805bdb95da95,https://www.kentcountymi.gov/335/Election-Results,https://www.kentcountymi.gov/335/Election-Results,results_page_lead,,20,MI,election_night_lead,,Election Results,,not_fetched,candidate,link_or_target_keyword,https://www.kentcountymi.gov/197/Elections,us_primary_election_localities.csv,,2026-10-09,false,false
discovered:d8305e848c8f441e,https://www.kentcountymi.gov/DocumentCenter/View/10403,https://www.kentcountymi.gov/DocumentCenter/View/10403,results_page_lead,,20,MI,election_night_lead,,Official Statement of Votes Cast Report (PDF),,not_fetched,candidate,link_or_target_keyword,https://www.kentcountymi.gov/197/Elections,us_primary_election_localities.csv,,2026-10-09,false,false
discovered:1742d85a19655260,https://www.kentcountymi.gov/DocumentCenter/View/9727,https://www.kentcountymi.gov/DocumentCenter/View/9727,results_page_lead,,20,MI,election_night_lead,,Official Statement of Votes Cast (PDF),,not_fetched,candidate,link_or_target_keyword,https://www.kentcountymi.gov/197/Elections,us_primary_election_localities.csv,,2026-10-09,false,false
discovered:c3bba0a5724e9172,https://www.lakecountyohio.gov/boe/,https://www.lakecountyohio.gov/boe/,results_page_lead,,20,OH,election_night_lead,,,,fetched,fetched_unverified,link_or_target_keyword,https://www.lakecountyohio.gov/boe/,us_primary_election_localities.csv,1eeb2d2c59658813689d0ab474340bbe3bba22a22875a76d967e92fd84b14bac,2026-10-09T21:48:48.005306+00:00,false,false
discovered:f97ab622e11c1ff7,https://www.lakecountyohio.gov/boe/election-results/,https://www.lakecountyohio.gov/boe/election-results/,results_page_lead,,20,OH,election_night_lead,,Election Results,,not_fetched,candidate,link_or_target_keyword,https://www.lakecountyohio.gov/boe/,us_primary_election_localities.csv,,2026-10-09,false,false
discovered:7c772142fc850125,https://www.michigan.gov/sos/elections,https://www.michigan.gov/sos/elections,results_page_lead,,20,MI,state_election_authority,,,,fetched,fetched_unverified,link_or_target_keyword,https://www.michigan.gov/sos/elections,us_state_central_authority_sources.csv,bde7723f4daec94b6b3782a4f6cf02401230a149d4515b1520481437d6f2abd1,2026-10-09T21:48:07.402673+00:00,false,false
discovered:913953a56e80b746,https://www.michigan.gov/sos/elections/bsc,https://www.michigan.gov/sos/elections/bsc,results_page_lead,,20,MI,state_election_authority,,Board of State Canvassers | Go to Board of State Canvassers,,not_fetched,candidate,link_or_target_keyword,https://www.michigan.gov/sos/elections,us_state_central_authority_sources.csv,,2026-10-09,false,false
discovered:2492a4bd32c03a22,https://www.michigan.gov/sos/elections/election-results-and-data,https://www.michigan.gov/sos/elections/election-results-and-data,results_page_lead,,20,MI,state_election_authority,,Election results and data | Go to Election results and data,,fetched,fetched_unverified,link_or_target_keyword,https://www.michigan.gov/sos/elections,us_state_central_authority_sources.csv,8a1f8e5f737bb36a1ab934c56a2bbdbb2bf7526828d4ca99c2dd633138d046ba,2026-10-09T21:48:08.470361+00:00,false,false
discovered:2881bace77344b77,https://www.michigan.gov/sos/elections/election-results-and-data/candidate-listings-and-election-results-by-county,https://www.michigan.gov/sos/elections/election-results-and-data/candidate-listings-and-election-results-by-county,results_page_lead,,20,MI,state_election_authority,,Candidate listings and election results by county,,not_fetched,candidate,link_or_target_keyword,https://www.michigan.gov/sos/elections,us_state_central_authority_sources.csv,,2026-10-09,false,false
discovered:74613eaaeb19ddd2,https://www.michigan.gov/sos/elections/election-results-and-data/voter-participation-dashboard,https://www.michigan.gov/sos/elections/election-results-and-data/voter-participation-dashboard,results_page_lead,,20,MI,state_election_authority,,Michigan Voting Dashboard,,not_fetched,candidate,link_or_target_keyword,https://www.michigan.gov/sos/elections,us_state_central_authority_sources.csv,,2026-10-09,false,false
discovered:d73b652cd422aea3,https://www.mijackson.org/1549/Election-Results,https://www.mijackson.org/1549/Election-Results,results_page_lead,,20,MI,official_source,,Election Results,,not_fetched,candidate,link_or_target_keyword,https://www.mijackson.org/3158/Election-Results-Archive,sources.csv,,2026-10-09,false,false
discovered:07f59d58a20107be,https://www.mijackson.org/1798/Election-Results-Archive,https://www.mijackson.org/1798/Election-Results-Archive,results_page_lead,,20,MI,official_source,,Election Results Archive,,not_fetched,candidate,link_or_target_keyword,https://www.mijackson.org/3158/Election-Results-Archive,sources.csv,,2026-10-09,false,false
discovered:06a4402a82c5506e,https://www.montcounty.org/,https://www.montcounty.org/,results_page_lead,,20,MI,historical_or_final_results,,,,fetched,fetched_unverified,link_or_target_keyword,https://www.montcounty.org/,us_primary_election_localities.csv,3d55a0ad1177f4413ca99ec1cd10f385f91974906ca9ea8d7c4501fdf5823092,2026-10-09T21:48:17.350367+00:00,false,false
discovered:f8539662a3e68507,https://www.montcounty.org/election-information.html,https://www.montcounty.org/election-information.html,results_page_lead,,20,MI,historical_or_final_results,,Election Results,,not_fetched,candidate,link_or_target_keyword,https://www.montcounty.org/,us_primary_election_localities.csv,,2026-10-09,false,false
discovered:b29bb27ce64b0307,https://www.newaygocountymi.gov/departments/county-clerk/election-results-archive/,https://www.newaygocountymi.gov/departments/county-clerk/election-results-archive/,results_page_lead,,20,MI,election_night_lead,,Election Results Archive,,not_fetched,candidate,link_or_target_keyword,https://www.newaygocountymi.gov/departments/county-clerk/elections/,us_primary_election_localities.csv,,2026-10-09,false,false
discovered:2b19bb1e906270ab,https://www.newaygocountymi.gov/departments/county-clerk/elections/,https://www.newaygocountymi.gov/departments/county-clerk/elections/,results_page_lead,,20,MI,election_night_lead,,,,fetched,fetched_unverified,link_or_target_keyword,https://www.newaygocountymi.gov/departments/county-clerk/elections/,us_primary_election_localities.csv,6830686e973e412b7a13748ba46f37d9380d8f7a343cb738c09b2cdd79b547cc,2026-10-09T21:48:17.717281+00:00,false,false
discovered:54377b9d71fb70bb,https://www.nj.gov/state/elections/election-information-results-county-sites.html,https://www.nj.gov/state/elections/election-information-results-county-sites.html,results_page_lead,,20,NJ,state_election_authority,,,,fetched,fetched_unverified,link_or_target_keyword,https://www.nj.gov/state/elections/election-information-results-county-sites.html,us_state_central_authority_sources.csv,0f3e44e13a11655429efed164712c7797df2b92f599d92b3083d9c7bb8baff77,2026-10-09,false,false
discovered:fb0b886320bb72a3,https://www.nj.gov/state/elections/election-information-results.shtml,https://www.nj.gov/state/elections/election-information-results.shtml,results_page_lead,,20,NJ,statewide_results_lead,,Election Results Archive,,not_fetched,candidate,link_or_target_keyword,https://www.nj.gov/state/elections/election-night-results.shtml,first_pass_state_result_surfaces.csv,,2026-10-09,false,false
discovered:933ee95ee5ada2c3,https://www.nj.gov/state/elections/election-night-results.shtml,https://www.nj.gov/state/elections/election-night-results.shtml,results_page_lead,,20,NJ,statewide_results_lead,,,,fetched,fetched_unverified,link_or_target_keyword,https://www.nj.gov/state/elections/election-night-results.shtml,first_pass_state_result_surfaces.csv,35792cd5a8839a0752a2d6842748359e590ac01ab8769d094008a9c20166ace3,2026-10-09T21:47:00.384108+00:00,false,false
discovered:57e81e9d17ca66c7,https://www.nj.gov/state/elections/election-results-information.shtml,https://www.nj.gov/state/elections/election-results-information.shtml,results_page_lead,,20,NJ,statewide_results_lead,2026,2026 Periodic Election Reporting | Unofficial Periodic Election Reporting,,not_fetched,candidate,link_or_target_keyword,https://www.nj.gov/state/elections/election-night-results.shtml,first_pass_state_result_surfaces.csv,,2026-10-09,false,false
discovered:8fc34a43f330bd5f,https://www.nj.gov/state/elections/election-results.shtml,https://www.nj.gov/state/elections/election-results.shtml,results_page_lead,,20,NJ,statewide_results_lead,,Election Results,,not_fetched,candidate,link_or_target_keyword,https://www.nj.gov/state/elections/election-night-results.shtml,first_pass_state_result_surfaces.csv,,2026-10-09,false,false
discovered:675fa35bb00acb99,https://www.ocmi.us/,https://www.ocmi.us/,results_page_lead,,20,MI,historical_or_final_results,,,,fetched,fetched_unverified,link_or_target_keyword,https://www.ocmi.us/,us_primary_election_localities.csv,91517eff1a90d7c3b646ed7cd87987f067bda4c7e45c59ed8e80f83fb4f5bb2b,2026-10-09T21:48:21.172638+00:00,false,false
discovered:258985cfab576c81,https://www.ocmi.us/clerk/elections/,https://www.ocmi.us/clerk/elections/,results_page_lead,,20,MI,historical_or_final_results,,Click here for Election results & other information,,not_fetched,candidate,link_or_target_keyword,https://www.ocmi.us/,us_primary_election_localities.csv,,2026-10-09,false,false
discovered:12593bc0b4d9ab02,https://www.pa.gov/agencies/vote/elections,https://www.pa.gov/agencies/vote/elections,results_page_lead,,20,PA,state_election_authority,,,,fetched,fetched_unverified,link_or_target_keyword,https://www.pa.gov/agencies/vote/elections,us_state_central_authority_sources.csv,13f79644d7b7a0e6a09fc0bb6f9ece59170fd62850dccfe31e26ad89fd67dffb,2026-10-09,false,false
discovered:445333e47350b721,https://www.pa.gov/agencies/vote/elections/election-results,https://www.pa.gov/agencies/vote/elections/election-results,results_page_lead,,20,PA,state_election_authority,,Election Results | Election results,,not_fetched,candidate,link_or_target_keyword,https://www.pa.gov/agencies/vote/elections,us_state_central_authority_sources.csv,,2026-10-09,false,false
discovered:f7743f47e3581ff8,https://www.pa.gov/agencies/vote/elections/post-election-audits,https://www.pa.gov/agencies/vote/elections/post-election-audits,results_page_lead,,20,PA,state_election_authority,,Auditing Election Results,,not_fetched,candidate,link_or_target_keyword,https://www.pa.gov/agencies/vote/elections,us_state_central_authority_sources.csv,,2026-10-09,false,false
discovered:7450d525e3092f81,https://www.pa.gov/agencies/vote/recursos-en-espanol/elections-spanish/election-results-spanish,https://www.pa.gov/agencies/vote/recursos-en-espanol/elections-spanish/election-results-spanish,results_page_lead,,20,PA,state_election_authority,,Resultados de las elecciones​,,not_fetched,candidate,link_or_target_keyword,https://www.pa.gov/agencies/vote/elections,us_state_central_authority_sources.csv,,2026-10-09,false,false
discovered:0d8803c575c28e03,https://www.pa.gov/agencies/vote/resources-in-chinese/elections-chinese/election-results-chinese,https://www.pa.gov/agencies/vote/resources-in-chinese/elections-chinese/election-results-chinese,results_page_lead,,20,PA,state_election_authority,,選舉結果,,not_fetched,candidate,link_or_target_keyword,https://www.pa.gov/agencies/vote/elections,us_state_central_authority_sources.csv,,2026-10-09,false,false
discovered:a620bbe733f15ce8,https://www.schoolcraftcounty.net/,https://www.schoolcraftcounty.net/,results_page_lead,,20,MI,historical_or_final_results,,,,fetched,fetched_unverified,link_or_target_keyword,https://www.schoolcraftcounty.net/,us_primary_election_localities.csv,1f83f8ae1fdf84b3c5e32a12881b3c0fda049a3edf1a4cff102bea1aad378e0a,2026-10-09T21:48:46.188321+00:00,false,false
discovered:b20658c951186563,https://www.schoolcraftcounty.net/government/election-results,https://www.schoolcraftcounty.net/government/election-results,results_page_lead,,20,MI,historical_or_final_results,,Election Results,,not_fetched,candidate,link_or_target_keyword,https://www.schoolcraftcounty.net/,us_primary_election_localities.csv,,2026-10-09,false,false
discovered:04a8a14b92f97ec7,https://www.schoolcraftcounty.net/government/election-results/august-4-2026-official-primary-election-results-by-precinct,https://www.schoolcraftcounty.net/government/election-results/august-4-2026-official-primary-election-results-by-precinct,results_page_lead,,20,MI,historical_or_final_results,2026,"August 4, 2026 - Official Primary Election Results by Precinct",,not_fetched,candidate,link_or_target_keyword,https://www.schoolcraftcounty.net/,us_primary_election_localities.csv,,2026-10-09,false,false
discovered:4cb9394d8c90cbd6,https://www.schoolcraftcounty.net/government/election-results/august-6-2024-official-primary-results,https://www.schoolcraftcounty.net/government/election-results/august-6-2024-official-primary-results,results_page_lead,,20,MI,historical_or_final_results,2024,"August 6, 2024 -OFFICIAL Primary Results",,not_fetched,candidate,link_or_target_keyword,https://www.schoolcraftcounty.net/,us_primary_election_localities.csv,,2026-10-09,false,false
discovered:3ddec48e047a5799,https://www.schoolcraftcounty.net/government/election-results/november-5-2024-official-general-election-results,https://www.schoolcraftcounty.net/government/election-results/november-5-2024-official-general-election-results,results_page_lead,,20,MI,historical_or_final_results,2024,"November 5, 2024 - OFFICIAL General Election Results",,not_fetched,candidate,link_or_target_keyword,https://www.schoolcraftcounty.net/,us_primary_election_localities.csv,,2026-10-09,false,false
discovered:64c9baccf0e5aff9,https://www.schoolcraftcounty.net/government/election-results/november-5-2024-official-results-by-precinct,https://www.schoolcraftcounty.net/government/election-results/november-5-2024-official-results-by-precinct,results_page_lead,,20,MI,historical_or_final_results,2024,"November 5, 2024 Official Results by Precinct",,not_fetched,candidate,link_or_target_keyword,https://www.schoolcraftcounty.net/,us_primary_election_localities.csv,,2026-10-09,false,false
discovered:d37c9eed06d5d923,https://www.schoolcraftcounty.net/government/other-county-boards-and-committees/canvassing-board,https://www.schoolcraftcounty.net/government/other-county-boards-and-committees/canvassing-board,results_page_lead,,20,MI,historical_or_final_results,,Canvassing Board,,not_fetched,candidate,link_or_target_keyword,https://www.schoolcraftcounty.net/,us_primary_election_localities.csv,,2026-10-09,false,false
discovered:340c722ac1d2c851,https://www.sos.alabama.gov/alabama-votes/voter/election-information/2026,https://www.sos.alabama.gov/alabama-votes/voter/election-information/2026,results_page_lead,,20,AL,statewide_results_lead,2026,,,fetched,fetched_unverified,link_or_target_keyword,https://www.sos.alabama.gov/alabama-votes/voter/election-information/2026,first_pass_state_result_surfaces.csv,352beb7376f5278ff30983f352e916e794a3ef30e991eac403a5b4c1e094a352,2026-10-09T21:46:45.438351+00:00,false,false
discovered:0766c17229b928ce,https://www.sos.mn.gov/elections-voting/election-results,https://www.sos.mn.gov/elections-voting/election-results,results_page_lead,,20,MN,statewide_results_lead,,Election Results,,not_fetched,candidate,link_or_target_keyword,https://electionresults.sos.mn.gov/,first_pass_state_result_surfaces.csv,,2026-10-09,false,false
discovered:74b962a6e39d0334,https://www.sos.mo.gov/elections/goVoteMissouri/localelectionauthority,https://www.sos.mo.gov/elections/goVoteMissouri/localelectionauthority,results_page_lead,,20,MO,state_election_authority,,,,fetched,fetched_unverified,link_or_target_keyword,https://www.sos.mo.gov/elections/goVoteMissouri/localelectionauthority,us_state_central_authority_sources.csv,2d1daf609de7860ea804d7c9eac2a712ddcb14ca4b37707bce101799044dee08,2026-10-09,false,false
discovered:9ac3c0284b98d0a5,https://www.sos.mo.gov/elections/s_default,https://www.sos.mo.gov/elections/s_default,results_page_lead,,20,MO,state_election_authority,,Election Results,,not_fetched,candidate,link_or_target_keyword,https://www.sos.mo.gov/elections/goVoteMissouri/localelectionauthority,us_state_central_authority_sources.csv,,2026-10-09,false,false
discovered:162e98a4a3ef2d92,https://www.sos.nd.gov/elections/election-results,https://www.sos.nd.gov/elections/election-results,results_page_lead,,20,ND,statewide_results_lead,,Archived Elections,,not_fetched,candidate,link_or_target_keyword,https://results.sos.nd.gov/,first_pass_state_result_surfaces.csv,,2026-10-09,false,false
discovered:f6cb3147a48a83f9,https://www.sos.state.tx.us/elections/historical/elections-results-archive.shtml,https://www.sos.state.tx.us/elections/historical/elections-results-archive.shtml,results_page_lead,,20,TX,statewide_results_lead,,Historical Election Results,,not_fetched,candidate,link_or_target_keyword,https://www.sos.state.tx.us/elections/historical/index.shtml,first_pass_state_result_surfaces.csv,,2026-10-09,false,false
discovered:fc01244f6e5b0500,https://www.sos.state.tx.us/elections/historical/index.shtml,https://www.sos.state.tx.us/elections/historical/index.shtml,results_page_lead,,20,TX,statewide_results_lead,,Election Results,,fetched,fetched_unverified,link_or_target_keyword,https://www.sos.state.tx.us/elections/historical/index.shtml,first_pass_state_result_surfaces.csv,e701cba1091e4b16f3cd0fd98667d4a8e7b2cb549d6af4ce63f6671bab1b4e06,2026-10-09T21:47:05.033948+00:00,false,false
discovered:efad6989f2427f89,https://www.sos.wa.gov/elections,https://www.sos.wa.gov/elections,results_page_lead,,20,WA,state_election_authority,,,,fetched,fetched_unverified,link_or_target_keyword,https://www.sos.wa.gov/elections,us_state_central_authority_sources.csv,56d49183d37a00b53463ec50be6846b9f2a7b5a3fa2403a98450afd106aabdda,2026-10-09,false,false
discovered:6e452dfff945b78d,https://www.sos.wa.gov/elections/data-research/election-data-and-maps/election-results-and-voters-pamphlets,https://www.sos.wa.gov/elections/data-research/election-data-and-maps/election-results-and-voters-pamphlets,results_page_lead,,20,WA,state_election_authority | statewide_results_lead,,Election Results and Voters' Pamphlets | Menu | Skip to main content,,fetched,fetched_unverified,link_or_target_keyword,https://www.sos.wa.gov/elections | https://www.sos.wa.gov/elections/data-research/election-data-and-maps/election-results-and-voters-pamphlets,first_pass_state_result_surfaces.csv | us_state_central_authority_sources.csv,9b49bce0589ccd07ecd54444691830a56b54c1ace392afa8f1fd94906203a8e8,2026-10-09T21:47:06.083427+00:00,false,false
discovered:2ccdb26717dbea91,https://www.sos.wa.gov/elections/data-research/election-data-and-maps/election-results-and-voters-pamphlets/2019-general-election-voters-guide,https://www.sos.wa.gov/elections/data-research/election-data-and-maps/election-results-and-voters-pamphlets/2019-general-election-voters-guide,results_page_lead,,20,WA,statewide_results_lead,2019,Voters' Guide,,not_fetched,candidate,link_or_target_keyword,https://www.sos.wa.gov/elections/data-research/election-data-and-maps/election-results-and-voters-pamphlets,first_pass_state_result_surfaces.csv,,2026-10-09,false,false
discovered:5711faa09aca41f6,https://www.sos.wa.gov/elections/data-research/election-data-and-maps/election-results-and-voters-pamphlets/2019-primary-data,https://www.sos.wa.gov/elections/data-research/election-data-and-maps/election-results-and-voters-pamphlets/2019-primary-data,results_page_lead,,20,WA,statewide_results_lead,2019,Data,,not_fetched,candidate,link_or_target_keyword,https://www.sos.wa.gov/elections/data-research/election-data-and-maps/election-results-and-voters-pamphlets,first_pass_state_result_surfaces.csv,,2026-10-09,false,false
discovered:08f63009c360d35e,https://www.sos.wa.gov/elections/data-research/election-data-and-maps/election-results-and-voters-pamphlets/2019-primary-election-voters-guide,https://www.sos.wa.gov/elections/data-research/election-data-and-maps/election-results-and-voters-pamphlets/2019-primary-election-voters-guide,results_page_lead,,20,WA,statewide_results_lead,2019,Voters' Guide,,not_fetched,candidate,link_or_target_keyword,https://www.sos.wa.gov/elections/data-research/election-data-and-maps/election-results-and-voters-pamphlets,first_pass_state_result_surfaces.csv,,2026-10-09,false,false
discovered:98f385d035da5b38,https://www.sos.wa.gov/elections/data-research/election-data-and-maps/election-results-and-voters-pamphlets/2020-general-election-data,https://www.sos.wa.gov/elections/data-research/election-data-and-maps/election-results-and-voters-pamphlets/2020-general-election-data,results_page_lead,,20,WA,statewide_results_lead,2020,Data,,not_fetched,candidate,link_or_target_keyword,https://www.sos.wa.gov/elections/data-research/election-data-and-maps/election-results-and-voters-pamphlets,first_pass_state_result_surfaces.csv,,2026-10-09,false,false
discovered:7fc02567e6beb3dd,https://www.sos.wa.gov/elections/data-research/election-data-and-maps/election-results-and-voters-pamphlets/2020-general-election-voters-guide,https://www.sos.wa.gov/elections/data-research/election-data-and-maps/election-results-and-voters-pamphlets/2020-general-election-voters-guide,results_page_lead,,20,WA,statewide_results_lead,2020,Voters' Guide,,not_fetched,candidate,link_or_target_keyword,https://www.sos.wa.gov/elections/data-research/election-data-and-maps/election-results-and-voters-pamphlets,first_pass_state_result_surfaces.csv,,2026-10-09,false,false
discovered:4d0c6cd9d45fcfff,https://www.sos.wa.gov/elections/data-research/election-data-and-maps/election-results-and-voters-pamphlets/2020-presidential-primary,https://www.sos.wa.gov/elections/data-research/election-data-and-maps/election-results-and-voters-pamphlets/2020-presidential-primary,results_page_lead,,20,WA,statewide_results_lead,2020,Data,,not_fetched,candidate,link_or_target_keyword,https://www.sos.wa.gov/elections/data-research/election-data-and-maps/election-results-and-voters-pamphlets,first_pass_state_result_surfaces.csv,,2026-10-09,false,false
discovered:5c64657e366df586,https://www.sos.wa.gov/elections/data-research/election-data-and-maps/election-results-and-voters-pamphlets/2020-presidential-primary-voters-guide,https://www.sos.wa.gov/elections/data-research/election-data-and-maps/election-results-and-voters-pamphlets/2020-presidential-primary-voters-guide,results_page_lead,,20,WA,statewide_results_lead,2020,Voters' Guide,,not_fetched,candidate,link_or_target_keyword,https://www.sos.wa.gov/elections/data-research/election-data-and-maps/election-results-and-voters-pamphlets,first_pass_state_result_surfaces.csv,,2026-10-09,false,false
discovered:64853b75057ef754,https://www.sos.wa.gov/elections/data-research/election-data-and-maps/election-results-and-voters-pamphlets/2020-primary-election,https://www.sos.wa.gov/elections/data-research/election-data-and-maps/election-results-and-voters-pamphlets/2020-primary-election,results_page_lead,,20,WA,statewide_results_lead,2020,Data,,not_fetched,candidate,link_or_target_keyword,https://www.sos.wa.gov/elections/data-research/election-data-and-maps/election-results-and-voters-pamphlets,first_pass_state_result_surfaces.csv,,2026-10-09,false,false
discovered:d9a3c7cec940b3dd,https://www.sos.wa.gov/elections/data-research/election-data-and-maps/election-results-and-voters-pamphlets/2021-april-special-election,https://www.sos.wa.gov/elections/data-research/election-data-and-maps/election-results-and-voters-pamphlets/2021-april-special-election,results_page_lead,,20,WA,statewide_results_lead,2021,Data,,not_fetched,candidate,link_or_target_keyword,https://www.sos.wa.gov/elections/data-research/election-data-and-maps/election-results-and-voters-pamphlets,first_pass_state_result_surfaces.csv,,2026-10-09,false,false
discovered:8ae030ba5aed6374,https://www.sos.wa.gov/elections/data-research/election-data-and-maps/election-results-and-voters-pamphlets/2021-general-election,https://www.sos.wa.gov/elections/data-research/election-data-and-maps/election-results-and-voters-pamphlets/2021-general-election,results_page_lead,,20,WA,statewide_results_lead,2021,Data,,not_fetched,candidate,link_or_target_keyword,https://www.sos.wa.gov/elections/data-research/election-data-and-maps/election-results-and-voters-pamphlets,first_pass_state_result_surfaces.csv,,2026-10-09,false,false
discovered:d7a458c558daa27b,https://www.sos.wa.gov/elections/data-research/election-data-and-maps/election-results-and-voters-pamphlets/2021-general-election-voters-guide,https://www.sos.wa.gov/elections/data-research/election-data-and-maps/election-results-and-voters-pamphlets/2021-general-election-voters-guide,results_page_lead,,20,WA,statewide_results_lead,2021,Voters' Guide,,not_fetched,candidate,link_or_target_keyword,https://www.sos.wa.gov/elections/data-research/election-data-and-maps/election-results-and-voters-pamphlets,first_pass_state_result_surfaces.csv,,2026-10-09,false,false
discovered:5c7818b2c89cc4ac,https://www.sos.wa.gov/elections/data-research/election-data-and-maps/election-results-and-voters-pamphlets/2021-primary-election,https://www.sos.wa.gov/elections/data-research/election-data-and-maps/election-results-and-voters-pamphlets/2021-primary-election,results_page_lead,,20,WA,statewide_results_lead,2021,Data,,not_fetched,candidate,link_or_target_keyword,https://www.sos.wa.gov/elections/data-research/election-data-and-maps/election-results-and-voters-pamphlets,first_pass_state_result_surfaces.csv,,2026-10-09,false,false
discovered:cacbc46ce331d9ea,https://www.sos.wa.gov/elections/data-research/election-data-and-maps/election-results-and-voters-pamphlets/2022-april-special-election,https://www.sos.wa.gov/elections/data-research/election-data-and-maps/election-results-and-voters-pamphlets/2022-april-special-election,results_page_lead,,20,WA,statewide_results_lead,2022,Data,,not_fetched,candidate,link_or_target_keyword,https://www.sos.wa.gov/elections/data-research/election-data-and-maps/election-results-and-voters-pamphlets,first_pass_state_result_surfaces.csv,,2026-10-09,false,false
discovered:c1decefee4b8bffc,https://www.sos.wa.gov/elections/data-research/election-data-and-maps/election-results-and-voters-pamphlets/2022-february-special-election,https://www.sos.wa.gov/elections/data-research/election-data-and-maps/election-results-and-voters-pamphlets/2022-february-special-election,results_page_lead,,20,WA,statewide_results_lead,2022,Data,,not_fetched,candidate,link_or_target_keyword,https://www.sos.wa.gov/elections/data-research/election-data-and-maps/election-results-and-voters-pamphlets,first_pass_state_result_surfaces.csv,,2026-10-09,false,false
discovered:6da6570d7ca71c6d,https://www.sos.wa.gov/elections/data-research/election-data-and-maps/election-results-and-voters-pamphlets/2022-general-election,https://www.sos.wa.gov/elections/data-research/election-data-and-maps/election-results-and-voters-pamphlets/2022-general-election,results_page_lead,,20,WA,statewide_results_lead,2022,Data,,not_fetched,candidate,link_or_target_keyword,https://www.sos.wa.gov/elections/data-research/election-data-and-maps/election-results-and-voters-pamphlets,first_pass_state_result_surfaces.csv,,2026-10-09,false,false
discovered:594590572f5524ea,https://www.sos.wa.gov/elections/data-research/election-data-and-maps/election-results-and-voters-pamphlets/2022-general-election-voters-guide,https://www.sos.wa.gov/elections/data-research/election-data-and-maps/election-results-and-voters-pamphlets/2022-general-election-voters-guide,results_page_lead,,20,WA,statewide_results_lead,2022,Voters' Guide,,not_fetched,candidate,link_or_target_keyword,https://www.sos.wa.gov/elections/data-research/election-data-and-maps/election-results-and-voters-pamphlets,first_pass_state_result_surfaces.csv,,2026-10-09,false,false
discovered:a9e3ce653e39f52f,https://www.sos.wa.gov/elections/data-research/election-data-and-maps/election-results-and-voters-pamphlets/2022-primary-election,https://www.sos.wa.gov/elections/data-research/election-data-and-maps/election-results-and-voters-pamphlets/2022-primary-election,results_page_lead,,20,WA,statewide_results_lead,2022,Data,,not_fetched,candidate,link_or_target_keyword,https://www.sos.wa.gov/elections/data-research/election-data-and-maps/election-results-and-voters-pamphlets,first_pass_state_result_surfaces.csv,,2026-10-09,false,false
discovered:fbf93f2ba164be5d,https://www.sos.wa.gov/elections/data-research/election-data-and-maps/election-results-and-voters-pamphlets/2023-april-special-election,https://www.sos.wa.gov/elections/data-research/election-data-and-maps/election-results-and-voters-pamphlets/2023-april-special-election,results_page_lead,,20,WA,statewide_results_lead,2023,Data,,not_fetched,candidate,link_or_target_keyword,https://www.sos.wa.gov/elections/data-research/election-data-and-maps/election-results-and-voters-pamphlets,first_pass_state_result_surfaces.csv,,2026-10-09,false,false
discovered:862c4319c58d4852,https://www.sos.wa.gov/elections/data-research/election-data-and-maps/election-results-and-voters-pamphlets/2023-february-special-election,https://www.sos.wa.gov/elections/data-research/election-data-and-maps/election-results-and-voters-pamphlets/2023-february-special-election,results_page_lead,,20,WA,statewide_results_lead,2023,Data,,not_fetched,candidate,link_or_target_keyword,https://www.sos.wa.gov/elections/data-research/election-data-and-maps/election-results-and-voters-pamphlets,first_pass_state_result_surfaces.csv,,2026-10-09,false,false
discovered:ac732ff0c5e6d7fe,https://www.sos.wa.gov/elections/data-research/election-data-and-maps/election-results-and-voters-pamphlets/2023-general-election,https://www.sos.wa.gov/elections/data-research/election-data-and-maps/election-results-and-voters-pamphlets/2023-general-election,results_page_lead,,20,WA,statewide_results_lead,2023,Data,,not_fetched,candidate,link_or_target_keyword,https://www.sos.wa.gov/elections/data-research/election-data-and-maps/election-results-and-voters-pamphlets,first_pass_state_result_surfaces.csv,,2026-10-09,false,false
discovered:33f2d765f75e21d1,https://www.sos.wa.gov/elections/data-research/election-data-and-maps/election-results-and-voters-pamphlets/2023-general-election-voters-guide,https://www.sos.wa.gov/elections/data-research/election-data-and-maps/election-results-and-voters-pamphlets/2023-general-election-voters-guide,results_page_lead,,20,WA,statewide_results_lead,2023,Voters' Guide,,not_fetched,candidate,link_or_target_keyword,https://www.sos.wa.gov/elections/data-research/election-data-and-maps/election-results-and-voters-pamphlets,first_pass_state_result_surfaces.csv,,2026-10-09,false,false
discovered:3f3b501132fd3f49,https://www.sos.wa.gov/elections/data-research/election-data-and-maps/election-results-and-voters-pamphlets/2023-primary-election,https://www.sos.wa.gov/elections/data-research/election-data-and-maps/election-results-and-voters-pamphlets/2023-primary-election,results_page_lead,,20,WA,statewide_results_lead,2023,Data,,not_fetched,candidate,link_or_target_keyword,https://www.sos.wa.gov/elections/data-research/election-data-and-maps/election-results-and-voters-pamphlets,first_pass_state_result_surfaces.csv,,2026-10-09,false,false
discovered:83ae33e14c1701b9,https://www.sos.wa.gov/elections/data-research/election-data-and-maps/election-results-and-voters-pamphlets/2024-april-special-election,https://www.sos.wa.gov/elections/data-research/election-data-and-maps/election-results-and-voters-pamphlets/2024-april-special-election,results_page_lead,,20,WA,statewide_results_lead,2024,Data,,not_fetched,candidate,link_or_target_keyword,https://www.sos.wa.gov/elections/data-research/election-data-and-maps/election-results-and-voters-pamphlets,first_pass_state_result_surfaces.csv,,2026-10-09,false,false
discovered:4a2197d52a0d4a4e,https://www.sos.wa.gov/elections/data-research/election-data-and-maps/election-results-and-voters-pamphlets/2024-february-special-election,https://www.sos.wa.gov/elections/data-research/election-data-and-maps/election-results-and-voters-pamphlets/2024-february-special-election,results_page_lead,,20,WA,statewide_results_lead,2024,Data,,not_fetched,candidate,link_or_target_keyword,https://www.sos.wa.gov/elections/data-research/election-data-and-maps/election-results-and-voters-pamphlets,first_pass_state_result_surfaces.csv,,2026-10-09,false,false
discovered:95b55bfb9d43aa3d,https://www.sos.wa.gov/elections/data-research/election-data-and-maps/election-results-and-voters-pamphlets/2024-general-election,https://www.sos.wa.gov/elections/data-research/election-data-and-maps/election-results-and-voters-pamphlets/2024-general-election,results_page_lead,,20,WA,statewide_results_lead,2024,Data,,not_fetched,candidate,link_or_target_keyword,https://www.sos.wa.gov/elections/data-research/election-data-and-maps/election-results-and-voters-pamphlets,first_pass_state_result_surfaces.csv,,2026-10-09,false,false
discovered:1a138ed6207beb47,https://www.sos.wa.gov/elections/data-research/election-data-and-maps/election-results-and-voters-pamphlets/2024-general-election-voters-guide,https://www.sos.wa.gov/elections/data-research/election-data-and-maps/election-results-and-voters-pamphlets/2024-general-election-voters-guide,results_page_lead,,20,WA,statewide_results_lead,2024,Voters' Guide,,not_fetched,candidate,link_or_target_keyword,https://www.sos.wa.gov/elections/data-research/election-data-and-maps/election-results-and-voters-pamphlets,first_pass_state_result_surfaces.csv,,2026-10-09,false,false
discovered:e5af2adf7c8ceb75,https://www.sos.wa.gov/elections/data-research/election-data-and-maps/election-results-and-voters-pamphlets/2024-presidential-primary,https://www.sos.wa.gov/elections/data-research/election-data-and-maps/election-results-and-voters-pamphlets/2024-presidential-primary,results_page_lead,,20,WA,statewide_results_lead,2024,Data,,not_fetched,candidate,link_or_target_keyword,https://www.sos.wa.gov/elections/data-research/election-data-and-maps/election-results-and-voters-pamphlets,first_pass_state_result_surfaces.csv,,2026-10-09,false,false
discovered:d3e5a55f3f89ae96,https://www.sos.wa.gov/elections/data-research/election-data-and-maps/election-results-and-voters-pamphlets/2024-primary-election,https://www.sos.wa.gov/elections/data-research/election-data-and-maps/election-results-and-voters-pamphlets/2024-primary-election,results_page_lead,,20,WA,statewide_results_lead,2024,Data,,not_fetched,candidate,link_or_target_keyword,https://www.sos.wa.gov/elections/data-research/election-data-and-maps/election-results-and-voters-pamphlets,first_pass_state_result_surfaces.csv,,2026-10-09,false,false
discovered:cf0c2adf04d2e3d4,https://www.sos.wa.gov/elections/data-research/election-data-and-maps/election-results-and-voters-pamphlets/2024-primary-election-voters-guide,https://www.sos.wa.gov/elections/data-research/election-data-and-maps/election-results-and-voters-pamphlets/2024-primary-election-voters-guide,results_page_lead,,20,WA,statewide_results_lead,2024,Voters' Guide,,not_fetched,candidate,link_or_target_keyword,https://www.sos.wa.gov/elections/data-research/election-data-and-maps/election-results-and-voters-pamphlets,first_pass_state_result_surfaces.csv,,2026-10-09,false,false
discovered:4d9d8b8d65053ff0,https://www.sos.wa.gov/elections/data-research/election-data-and-maps/election-results-and-voters-pamphlets/2025-april-special-election,https://www.sos.wa.gov/elections/data-research/election-data-and-maps/election-results-and-voters-pamphlets/2025-april-special-election,results_page_lead,,20,WA,statewide_results_lead,2025,Data,,not_fetched,candidate,link_or_target_keyword,https://www.sos.wa.gov/elections/data-research/election-data-and-maps/election-results-and-voters-pamphlets,first_pass_state_result_surfaces.csv,,2026-10-09,false,false
discovered:ad7c9c997ece4f5a,https://www.sos.wa.gov/elections/data-research/election-data-and-maps/election-results-and-voters-pamphlets/2025-february-special-election,https://www.sos.wa.gov/elections/data-research/election-data-and-maps/election-results-and-voters-pamphlets/2025-february-special-election,results_page_lead,,20,WA,statewide_results_lead,2025,Data,,not_fetched,candidate,link_or_target_keyword,https://www.sos.wa.gov/elections/data-research/election-data-and-maps/election-results-and-voters-pamphlets,first_pass_state_result_surfaces.csv,,2026-10-09,false,false
discovered:9eb9b12e7d06ee62,https://www.sos.wa.gov/elections/data-research/election-data-and-maps/election-results-and-voters-pamphlets/2025-general-election,https://www.sos.wa.gov/elections/data-research/election-data-and-maps/election-results-and-voters-pamphlets/2025-general-election,results_page_lead,,20,WA,statewide_results_lead,2025,Data,,not_fetched,candidate,link_or_target_keyword,https://www.sos.wa.gov/elections/data-research/election-data-and-maps/election-results-and-voters-pamphlets,first_pass_state_result_surfaces.csv,,2026-10-09,false,false
discovered:507657f2386ce70d,https://www.sos.wa.gov/elections/data-research/election-data-and-maps/election-results-and-voters-pamphlets/2025-general-election-voters-guide,https://www.sos.wa.gov/elections/data-research/election-data-and-maps/election-results-and-voters-pamphlets/2025-general-election-voters-guide,results_page_lead,,20,WA,statewide_results_lead,2025,Voters' Guide,,not_fetched,candidate,link_or_target_keyword,https://www.sos.wa.gov/elections/data-research/election-data-and-maps/election-results-and-voters-pamphlets,first_pass_state_result_surfaces.csv,,2026-10-09,false,false
discovered:afc9723ce1550abb,https://www.sos.wa.gov/elections/data-research/election-data-and-maps/election-results-and-voters-pamphlets/2025-primary-election,https://www.sos.wa.gov/elections/data-research/election-data-and-maps/election-results-and-voters-pamphlets/2025-primary-election,results_page_lead,,20,WA,statewide_results_lead,2025,Data,,not_fetched,candidate,link_or_target_keyword,https://www.sos.wa.gov/elections/data-research/election-data-and-maps/election-results-and-voters-pamphlets,first_pass_state_result_surfaces.csv,,2026-10-09,false,false
discovered:d1ed93acd3a1c03c,https://www.sos.wa.gov/elections/data-research/election-data-and-maps/election-results-and-voters-pamphlets/2026-april-special-election,https://www.sos.wa.gov/elections/data-research/election-data-and-maps/election-results-and-voters-pamphlets/2026-april-special-election,results_page_lead,,20,WA,state_election_authority | statewide_results_lead,2026,2026 April Special Election | Data,,not_fetched,candidate,link_or_target_keyword,https://www.sos.wa.gov/elections | https://www.sos.wa.gov/elections/data-research/election-data-and-maps/election-results-and-voters-pamphlets,first_pass_state_result_surfaces.csv | us_state_central_authority_sources.csv,,2026-10-09,false,false
discovered:a9a17e31219e5d1f,https://www.sos.wa.gov/elections/data-research/election-data-and-maps/election-results-and-voters-pamphlets/2026-february-special-election,https://www.sos.wa.gov/elections/data-research/election-data-and-maps/election-results-and-voters-pamphlets/2026-february-special-election,results_page_lead,,20,WA,state_election_authority | statewide_results_lead,2026,2026 February Special Election | Data,,not_fetched,candidate,link_or_target_keyword,https://www.sos.wa.gov/elections | https://www.sos.wa.gov/elections/data-research/election-data-and-maps/election-results-and-voters-pamphlets,first_pass_state_result_surfaces.csv | us_state_central_authority_sources.csv,,2026-10-09,false,false
discovered:fb526b212cbdaf4e,https://www.sos.wa.gov/elections/data-research/election-data-and-maps/election-results-and-voters-pamphlets/2026-general-election-voters-guide,https://www.sos.wa.gov/elections/data-research/election-data-and-maps/election-results-and-voters-pamphlets/2026-general-election-voters-guide,results_page_lead,,20,WA,state_election_authority | statewide_results_lead,2026,2026 General Election Voters' Guide | Info for the November General,,not_fetched,candidate,link_or_target_keyword,https://www.sos.wa.gov/elections | https://www.sos.wa.gov/elections/data-research/election-data-and-maps/election-results-and-voters-pamphlets,first_pass_state_result_surfaces.csv | us_state_central_authority_sources.csv,,2026-10-09,false,false
discovered:65dfcae69e7abbf9,https://www.sos.wa.gov/elections/data-research/election-data-and-maps/election-results-and-voters-pamphlets/2026-general-election-voters-guide/2026-general-election-voters-pamphlet-audio-guide,https://www.sos.wa.gov/elections/data-research/election-data-and-maps/election-results-and-voters-pamphlets/2026-general-election-voters-guide/2026-general-election-voters-pamphlet-audio-guide,results_page_lead,,20,WA,state_election_authority | statewide_results_lead,2026,2026 General Election Voters' Pamphlet Audio Guide,,not_fetched,candidate,link_or_target_keyword,https://www.sos.wa.gov/elections | https://www.sos.wa.gov/elections/data-research/election-data-and-maps/election-results-and-voters-pamphlets,first_pass_state_result_surfaces.csv | us_state_central_authority_sources.csv,,2026-10-09,false,false
discovered:c7a51272c5a23ab6,https://www.sos.wa.gov/elections/data-research/election-data-and-maps/election-results-and-voters-pamphlets/2026-general-election-voters-guide/2026-voters-pamphlet-pdfs,https://www.sos.wa.gov/elections/data-research/election-data-and-maps/election-results-and-voters-pamphlets/2026-general-election-voters-guide/2026-voters-pamphlet-pdfs,results_page_lead,,20,WA,state_election_authority | statewide_results_lead,2026,2026 Voters' Pamphlet PDFs,,not_fetched,candidate,link_or_target_keyword,https://www.sos.wa.gov/elections | https://www.sos.wa.gov/elections/data-research/election-data-and-maps/election-results-and-voters-pamphlets,first_pass_state_result_surfaces.csv | us_state_central_authority_sources.csv,,2026-10-09,false,false
discovered:4c20f53143bdd736,https://www.sos.wa.gov/elections/data-research/election-data-and-maps/election-results-and-voters-pamphlets/2026-primary-election,https://www.sos.wa.gov/elections/data-research/election-data-and-maps/election-results-and-voters-pamphlets/2026-primary-election,results_page_lead,,20,WA,state_election_authority | statewide_results_lead,2026,2026 | Data,,not_fetched,candidate,link_or_target_keyword,https://www.sos.wa.gov/elections | https://www.sos.wa.gov/elections/data-research/election-data-and-maps/election-results-and-voters-pamphlets,first_pass_state_result_surfaces.csv | us_state_central_authority_sources.csv,,2026-10-09,false,false
discovered:df2cea449b134aaf,https://www.sos.wa.gov/elections/data-research/election-data-and-maps/election-results-and-voters-pamphlets/2026-primary-election-voters-guide,https://www.sos.wa.gov/elections/data-research/election-data-and-maps/election-results-and-voters-pamphlets/2026-primary-election-voters-guide,results_page_lead,,20,WA,statewide_results_lead,2026,Voters' Guide,,not_fetched,candidate,link_or_target_keyword,https://www.sos.wa.gov/elections/data-research/election-data-and-maps/election-results-and-voters-pamphlets,first_pass_state_result_surfaces.csv,,2026-10-09,false,false
discovered:68a922c7151f3a50,https://www.sos.wa.gov/elections/data-research/election-data-and-maps/election-results-and-voters-pamphlets/archived-voters-pamphlets-1914,https://www.sos.wa.gov/elections/data-research/election-data-and-maps/election-results-and-voters-pamphlets/archived-voters-pamphlets-1914,results_page_lead,,20,WA,statewide_results_lead,1914,Archived Voters' Pamphlets PDFs,,not_fetched,candidate,link_or_target_keyword,https://www.sos.wa.gov/elections/data-research/election-data-and-maps/election-results-and-voters-pamphlets,first_pass_state_result_surfaces.csv,,2026-10-09,false,false
discovered:7f9e3e011d8b72c2,https://www.sos.wa.gov/elections/data-research/election-data-and-maps/election-results-and-voters-pamphlets/washington-state-election-results-archive,https://www.sos.wa.gov/elections/data-research/election-data-and-maps/election-results-and-voters-pamphlets/washington-state-election-results-archive,results_page_lead,,20,WA,state_election_authority | statewide_results_lead,,Archived Election Results Search | Washington State Election Results Archive,,not_fetched,candidate,link_or_target_keyword,https://www.sos.wa.gov/elections | https://www.sos.wa.gov/elections/data-research/election-data-and-maps/election-results-and-voters-pamphlets,first_pass_state_result_surfaces.csv | us_state_central_authority_sources.csv,,2026-10-09,false,false
discovered:4219bd52f978f39e,https://www.sos.wa.gov/elections/data-research/election-results-and-voters-pamphlets/2021-primary-election-voters-guide,https://www.sos.wa.gov/elections/data-research/election-results-and-voters-pamphlets/2021-primary-election-voters-guide,results_page_lead,,20,WA,statewide_results_lead,2021,Voters' Guide,,not_fetched,candidate,link_or_target_keyword,https://www.sos.wa.gov/elections/data-research/election-data-and-maps/election-results-and-voters-pamphlets,first_pass_state_result_surfaces.csv,,2026-10-09,false,false
discovered:cf30aefbdb4a68f9,https://www.sos.wa.gov/elections/data-research/election-results-and-voters-pamphlets/2022-primary-election-voters-guide,https://www.sos.wa.gov/elections/data-research/election-results-and-voters-pamphlets/2022-primary-election-voters-guide,results_page_lead,,20,WA,statewide_results_lead,2022,Voters' Guide,,not_fetched,candidate,link_or_target_keyword,https://www.sos.wa.gov/elections/data-research/election-data-and-maps/election-results-and-voters-pamphlets,first_pass_state_result_surfaces.csv,,2026-10-09,false,false
discovered:04933f4c25f281d5,https://www.tuscolacounty.org/,https://www.tuscolacounty.org/,results_page_lead,,20,MI,historical_or_final_results,,,,fetched,fetched_unverified,link_or_target_keyword,https://www.tuscolacounty.org/,us_primary_election_localities.csv,c47af209736d30a1e5067bfcd43c5475a43a63823430eb4d554082b47364f501,2026-10-09T21:48:55.731257+00:00,false,false
discovered:fb11f00b7d809123,https://www.warrencountyvotes.com/elections/past-election-results,https://www.warrencountyvotes.com/elections/past-election-results,results_page_lead,,20,NJ,statewide_results_lead,,https://www.warrencountyvotes.com/elections/past-election-results,,not_fetched,candidate,link_or_target_keyword,https://www.nj.gov/state/elections/election-night-results.shtml,first_pass_state_result_surfaces.csv,,2026-10-09,false,false
