jurisdiction_id,authority_id,source_id,capability_type,source_url,platform_family,smallest_observed_unit,valid_from,valid_to,evidence_snapshot_sha256,verification_status,assessment_method,notes
us:mi:county:washtenaw,us:authority:mi:county-clerk:washtenaw-county-clerk,legacy:us:mi:county:washtenaw:final,final,https://www.washtenaw.org/304/Elections,,,,,,verified,existing_state_capability_registry,Migrated from canonical locality capability evidence; legacy source_id synthesized where source identity was not yet normalized.
us:mi:county:washtenaw,us:authority:mi:county-clerk:washtenaw-county-clerk,legacy:us:mi:county:washtenaw:election_night,election_night,https://www.washtenaw.org/304/Elections,,,,,,verified,existing_state_capability_registry,Migrated from canonical locality capability evidence; legacy source_id synthesized where source identity was not yet normalized.
us:mi:county:wayne,us:authority:mi:county-clerk:wayne-county-clerk,legacy:us:mi:county:wayne:final,final,https://www.waynecounty.com/elected/clerk/elections.aspx,,,,,,verified,existing_state_capability_registry,Migrated from canonical locality capability evidence; legacy source_id synthesized where source identity was not yet normalized.
us:mi:county:wayne,us:authority:mi:county-clerk:wayne-county-clerk,legacy:us:mi:county:wayne:election_night,election_night,https://www.waynecounty.com/elected/clerk/elections.aspx,,,,,,verified,existing_state_capability_registry,Migrated from canonical locality capability evidence; legacy source_id synthesized where source identity was not yet normalized.
us:mi:county:oakland,us:authority:mi:county-clerk:oakland-county-clerk,legacy:us:mi:county:oakland:final,final,https://www.oakgov.com/government/clerk-register-of-deeds/elections-voting,,,,,,verified,existing_state_capability_registry,Migrated from canonical locality capability evidence; legacy source_id synthesized where source identity was not yet normalized.
us:mi:county:oakland,us:authority:mi:county-clerk:oakland-county-clerk,legacy:us:mi:county:oakland:election_night,election_night,https://www.oakgov.com/government/clerk-register-of-deeds/elections-voting,,,,,,verified,existing_state_capability_registry,Migrated from canonical locality capability evidence; legacy source_id synthesized where source identity was not yet normalized.
us:mi:county:macomb,us:authority:mi:county-clerk:macomb-county-clerk,legacy:us:mi:county:macomb:final,final,https://clerk.macombgov.org/Clerk-Elections,,,,,,verified,existing_state_capability_registry,Migrated from canonical locality capability evidence; legacy source_id synthesized where source identity was not yet normalized.
us:mi:county:macomb,us:authority:mi:county-clerk:macomb-county-clerk,legacy:us:mi:county:macomb:election_night,election_night,https://clerk.macombgov.org/Clerk-Elections,,,,,,verified,existing_state_capability_registry,Migrated from canonical locality capability evidence; legacy source_id synthesized where source identity was not yet normalized.
us:mi:county:ingham,us:authority:mi:county-clerk:ingham-county-clerk,legacy:us:mi:county:ingham:final,final,https://clerk.ingham.org/departments_and_officials/county_clerk/elections.php,,,,,,verified,existing_state_capability_registry,Migrated from canonical locality capability evidence; legacy source_id synthesized where source identity was not yet normalized.
us:mi:county:ingham,us:authority:mi:county-clerk:ingham-county-clerk,legacy:us:mi:county:ingham:election_night,election_night,https://clerk.ingham.org/departments_and_officials/county_clerk/elections.php,,,,,,verified,existing_state_capability_registry,Migrated from canonical locality capability evidence; legacy source_id synthesized where source identity was not yet normalized.
us:mi:county:kent,us:authority:mi:county-clerk:kent-county-clerk,legacy:us:mi:county:kent:final,final,https://www.accesskent.com/Departments/Elections/,,,,,,verified,existing_state_capability_registry,Migrated from canonical locality capability evidence; legacy source_id synthesized where source identity was not yet normalized.
us:mi:county:kent,us:authority:mi:county-clerk:kent-county-clerk,legacy:us:mi:county:kent:election_night,election_night,https://www.accesskent.com/Departments/Elections/,,,,,,verified,existing_state_capability_registry,Migrated from canonical locality capability evidence; legacy source_id synthesized where source identity was not yet normalized.
us:mi:county:genesee,us:authority:mi:county-clerk:genesee-county-clerk,legacy:us:mi:county:genesee:final,final,https://www.geneseecountymi.gov/departments/county_clerk/elections/index.php,,,,,,verified,existing_state_capability_registry,Migrated from canonical locality capability evidence; legacy source_id synthesized where source identity was not yet normalized.
us:mi:county:genesee,us:authority:mi:county-clerk:genesee-county-clerk,legacy:us:mi:county:genesee:election_night,election_night,https://www.geneseecountymi.gov/departments/county_clerk/elections/index.php,,,,,,verified,existing_state_capability_registry,Migrated from canonical locality capability evidence; legacy source_id synthesized where source identity was not yet normalized.
us:mi:county:ottawa,us:authority:mi:county-clerk:ottawa-county-clerk,legacy:us:mi:county:ottawa:final,final,https://www.miottawa.org/departments/county-clerk/elections/,,,,,,verified,existing_state_capability_registry,Migrated from canonical locality capability evidence; legacy source_id synthesized where source identity was not yet normalized.
us:mi:county:ottawa,us:authority:mi:county-clerk:ottawa-county-clerk,legacy:us:mi:county:ottawa:election_night,election_night,https://www.miottawa.org/departments/county-clerk/elections/,,,,,,verified,existing_state_capability_registry,Migrated from canonical locality capability evidence; legacy source_id synthesized where source identity was not yet normalized.
us:mi:county:kalamazoo,us:authority:mi:county-clerk:kalamazoo-county-clerk,legacy:us:mi:county:kalamazoo:final,final,https://www.kalcounty.com/clerk/elections.php,,,,,,verified,existing_state_capability_registry,Migrated from canonical locality capability evidence; legacy source_id synthesized where source identity was not yet normalized.
us:mi:county:kalamazoo,us:authority:mi:county-clerk:kalamazoo-county-clerk,legacy:us:mi:county:kalamazoo:election_night,election_night,https://www.kalcounty.com/clerk/elections.php,,,,,,verified,existing_state_capability_registry,Migrated from canonical locality capability evidence; legacy source_id synthesized where source identity was not yet normalized.
us:mi:county:jackson,us:authority:mi:county-clerk:jackson-county-clerk,legacy:us:mi:county:jackson:final,final,https://www.mijackson.org/170/Elections,,,,,,verified,existing_state_capability_registry,Migrated from canonical locality capability evidence; legacy source_id synthesized where source identity was not yet normalized.
us:mi:county:jackson,us:authority:mi:county-clerk:jackson-county-clerk,legacy:us:mi:county:jackson:election_night,election_night,https://www.mijackson.org/170/Elections,,,,,,verified,existing_state_capability_registry,Migrated from canonical locality capability evidence; legacy source_id synthesized where source identity was not yet normalized.
us:mi:county:allegan,us:authority:mi:county-clerk:allegan-county-clerk,legacy:us:mi:county:allegan:final,final,https://www.allegancounty.org/departments/county-clerk/elections,,,,,,verified,existing_state_capability_registry,Migrated from canonical locality capability evidence; legacy source_id synthesized where source identity was not yet normalized.
us:mi:county:allegan,us:authority:mi:county-clerk:allegan-county-clerk,legacy:us:mi:county:allegan:election_night,election_night,https://www.allegancounty.org/departments/county-clerk/elections,,,,,,verified,existing_state_capability_registry,Migrated from canonical locality capability evidence; legacy source_id synthesized where source identity was not yet normalized.
us:mi:county:barry,us:authority:mi:county-clerk:barry-county-clerk,legacy:us:mi:county:barry:final,final,https://www.barrycounty.org/departments_and_officials/officials/county_clerk/elections.php,,,,,,verified,existing_state_capability_registry,Migrated from canonical locality capability evidence; legacy source_id synthesized where source identity was not yet normalized.
us:mi:county:bay,us:authority:mi:county-clerk:bay-county-clerk,legacy:us:mi:county:bay:final,final,https://www.baycountymi.gov/Clerk/Elections/,,,,,,verified,existing_state_capability_registry,Migrated from canonical locality capability evidence; legacy source_id synthesized where source identity was not yet normalized.
us:mi:county:bay,us:authority:mi:county-clerk:bay-county-clerk,legacy:us:mi:county:bay:election_night,election_night,https://www.baycountymi.gov/Clerk/Elections/,,,,,,verified,existing_state_capability_registry,Migrated from canonical locality capability evidence; legacy source_id synthesized where source identity was not yet normalized.
us:mi:county:berrien,us:authority:mi:county-clerk:berrien-county-clerk,legacy:us:mi:county:berrien:final,final,https://www.berriencounty.org/169/Elections,,,,,,verified,existing_state_capability_registry,Migrated from canonical locality capability evidence; legacy source_id synthesized where source identity was not yet normalized.
us:mi:county:berrien,us:authority:mi:county-clerk:berrien-county-clerk,legacy:us:mi:county:berrien:election_night,election_night,https://www.berriencounty.org/169/Elections,,,,,,verified,existing_state_capability_registry,Migrated from canonical locality capability evidence; legacy source_id synthesized where source identity was not yet normalized.
us:mi:county:calhoun,us:authority:mi:county-clerk:calhoun-county-clerk,legacy:us:mi:county:calhoun:final,final,https://www.calhouncountymi.gov/departments/clerk_and_register_of_deeds/elections.php,,,,,,verified,existing_state_capability_registry,Migrated from canonical locality capability evidence; legacy source_id synthesized where source identity was not yet normalized.
us:mi:county:calhoun,us:authority:mi:county-clerk:calhoun-county-clerk,legacy:us:mi:county:calhoun:election_night,election_night,https://www.calhouncountymi.gov/departments/clerk_and_register_of_deeds/elections.php,,,,,,verified,existing_state_capability_registry,Migrated from canonical locality capability evidence; legacy source_id synthesized where source identity was not yet normalized.
us:mi:county:clinton,us:authority:mi:county-clerk:clinton-county-clerk,legacy:us:mi:county:clinton:final,final,https://www.clinton-county.org/228/Elections,,,,,,verified,existing_state_capability_registry,Migrated from canonical locality capability evidence; legacy source_id synthesized where source identity was not yet normalized.
us:mi:county:eaton,us:authority:mi:county-clerk:eaton-county-clerk,legacy:us:mi:county:eaton:final,final,https://www.eatoncounty.org/241/Elections,,,,,,verified,existing_state_capability_registry,Migrated from canonical locality capability evidence; legacy source_id synthesized where source identity was not yet normalized.
us:mi:county:grand-traverse,us:authority:mi:county-clerk:grand-traverse-county-clerk,legacy:us:mi:county:grand-traverse:final,final,https://www.gtcountymi.gov/2219/Elections,,,,,,verified,existing_state_capability_registry,Migrated from canonical locality capability evidence; legacy source_id synthesized where source identity was not yet normalized.
us:mi:county:grand-traverse,us:authority:mi:county-clerk:grand-traverse-county-clerk,legacy:us:mi:county:grand-traverse:election_night,election_night,https://www.gtcountymi.gov/2219/Elections,,,,,,verified,existing_state_capability_registry,Migrated from canonical locality capability evidence; legacy source_id synthesized where source identity was not yet normalized.
us:mi:county:livingston,us:authority:mi:county-clerk:livingston-county-clerk,legacy:us:mi:county:livingston:final,final,https://milivcounty.gov/clerk/elections/,,,,,,verified,existing_state_capability_registry,Migrated from canonical locality capability evidence; legacy source_id synthesized where source identity was not yet normalized.
us:mi:county:livingston,us:authority:mi:county-clerk:livingston-county-clerk,legacy:us:mi:county:livingston:election_night,election_night,https://milivcounty.gov/clerk/elections/,,,,,,verified,existing_state_capability_registry,Migrated from canonical locality capability evidence; legacy source_id synthesized where source identity was not yet normalized.
us:mi:county:monroe,us:authority:mi:county-clerk:monroe-county-clerk,legacy:us:mi:county:monroe:final,final,https://www.co.monroe.mi.us/officials_and_departments/officials/county_clerk/elections.php,,,,,,verified,existing_state_capability_registry,Migrated from canonical locality capability evidence; legacy source_id synthesized where source identity was not yet normalized.
us:mi:county:muskegon,us:authority:mi:county-clerk:muskegon-county-clerk,legacy:us:mi:county:muskegon:final,final,https://co.muskegon.mi.us/419/Elections,,,,,,verified,existing_state_capability_registry,Migrated from canonical locality capability evidence; legacy source_id synthesized where source identity was not yet normalized.
us:mi:county:muskegon,us:authority:mi:county-clerk:muskegon-county-clerk,legacy:us:mi:county:muskegon:election_night,election_night,https://co.muskegon.mi.us/419/Elections,,,,,,verified,existing_state_capability_registry,Migrated from canonical locality capability evidence; legacy source_id synthesized where source identity was not yet normalized.
us:mi:county:saginaw,us:authority:mi:county-clerk:saginaw-county-clerk,legacy:us:mi:county:saginaw:final,final,https://www.saginawcounty.com/departments/county-clerk/elections/,,,,,,verified,existing_state_capability_registry,Migrated from canonical locality capability evidence; legacy source_id synthesized where source identity was not yet normalized.
us:mi:county:st-clair,us:authority:mi:county-clerk:st-clair-county-clerk,legacy:us:mi:county:st-clair:final,final,https://www.stclaircounty.org/offices/109,,,,,,verified,existing_state_capability_registry,Migrated from canonical locality capability evidence; legacy source_id synthesized where source identity was not yet normalized.
us:mi:county:lapeer,us:authority:mi:county-clerk:lapeer-county-clerk,legacy:us:mi:county:lapeer:final,final,https://www.lapeercountymi.gov/departments/county_clerk/elections.php,,,,,,verified,existing_state_capability_registry,Migrated from canonical locality capability evidence; legacy source_id synthesized where source identity was not yet normalized.
us:mi:county:shiawassee,us:authority:mi:county-clerk:shiawassee-county-clerk,legacy:us:mi:county:shiawassee:final,final,https://www.shiawassee.net/County-Clerk/Elections/,,,,,,verified,existing_state_capability_registry,Migrated from canonical locality capability evidence; legacy source_id synthesized where source identity was not yet normalized.
us:mi:county:midland,us:authority:mi:county-clerk:midland-county-clerk,legacy:us:mi:county:midland:final,final,https://www.co.midland.mi.us/CountyClerk/Elections.aspx,,,,,,verified,existing_state_capability_registry,Migrated from canonical locality capability evidence; legacy source_id synthesized where source identity was not yet normalized.
us:mi:county:isabella,us:authority:mi:county-clerk:isabella-county-clerk,legacy:us:mi:county:isabella:final,final,https://www.isabellacounty.org/departments/county-clerk/elections/,,,,,,verified,existing_state_capability_registry,Migrated from canonical locality capability evidence; legacy source_id synthesized where source identity was not yet normalized.
us:mi:county:isabella,us:authority:mi:county-clerk:isabella-county-clerk,legacy:us:mi:county:isabella:election_night,election_night,https://www.isabellacounty.org/departments/county-clerk/elections/,,,,,,verified,existing_state_capability_registry,Migrated from canonical locality capability evidence; legacy source_id synthesized where source identity was not yet normalized.
us:mi:county:gratiot,us:authority:mi:county-clerk:gratiot-county-clerk,legacy:us:mi:county:gratiot:final,final,https://www.gratiotmi.com/239/Elections,,,,,,verified,existing_state_capability_registry,Migrated from canonical locality capability evidence; legacy source_id synthesized where source identity was not yet normalized.
us:mi:county:ionia,us:authority:mi:county-clerk:ionia-county-clerk,legacy:us:mi:county:ionia:final,final,https://ioniacounty.org/departments-officials/county-clerk/elections/,,,,,,verified,existing_state_capability_registry,Migrated from canonical locality capability evidence; legacy source_id synthesized where source identity was not yet normalized.
us:mi:county:montcalm,us:authority:mi:county-clerk:montcalm-county-clerk,legacy:us:mi:county:montcalm:final,final,https://www.montcalm.us/643/Elections,,,,,,verified,existing_state_capability_registry,Migrated from canonical locality capability evidence; legacy source_id synthesized where source identity was not yet normalized.
us:mi:county:montcalm,us:authority:mi:county-clerk:montcalm-county-clerk,legacy:us:mi:county:montcalm:election_night,election_night,https://www.montcalm.us/643/Elections,,,,,,verified,existing_state_capability_registry,Migrated from canonical locality capability evidence; legacy source_id synthesized where source identity was not yet normalized.
us:mi:county:newaygo,us:authority:mi:county-clerk:newaygo-county-clerk,legacy:us:mi:county:newaygo:final,final,https://www.newaygocountymi.gov/departments/county-clerk/elections/,,,,,,verified,existing_state_capability_registry,Migrated from canonical locality capability evidence; legacy source_id synthesized where source identity was not yet normalized.
us:mi:county:newaygo,us:authority:mi:county-clerk:newaygo-county-clerk,legacy:us:mi:county:newaygo:election_night,election_night,https://www.newaygocountymi.gov/departments/county-clerk/elections/,,,,,,verified,existing_state_capability_registry,Migrated from canonical locality capability evidence; legacy source_id synthesized where source identity was not yet normalized.
us:mi:county:mecosta,us:authority:mi:county-clerk:mecosta-county-clerk,legacy:us:mi:county:mecosta:final,final,https://www.mecostacounty.org/government/clerk/elections.php,,,,,,verified,existing_state_capability_registry,Migrated from canonical locality capability evidence; legacy source_id synthesized where source identity was not yet normalized.
us:mi:county:oceana,us:authority:mi:county-clerk:oceana-county-clerk,legacy:us:mi:county:oceana:final,final,https://oceana.mi.us/government/departments/county-clerk/elections/,,,,,,verified,existing_state_capability_registry,Migrated from canonical locality capability evidence; legacy source_id synthesized where source identity was not yet normalized.
us:mi:county:mason,us:authority:mi:county-clerk:mason-county-clerk,legacy:us:mi:county:mason:final,final,https://www.masoncounty.net/departments/clerk/elections/,,,,,,verified,existing_state_capability_registry,Migrated from canonical locality capability evidence; legacy source_id synthesized where source identity was not yet normalized.
us:mi:county:manistee,us:authority:mi:county-clerk:manistee-county-clerk,legacy:us:mi:county:manistee:final,final,https://www.manisteecountymi.gov/194/Elections,,,,,,verified,existing_state_capability_registry,Migrated from canonical locality capability evidence; legacy source_id synthesized where source identity was not yet normalized.
us:mi:county:wexford,us:authority:mi:county-clerk:wexford-county-clerk,legacy:us:mi:county:wexford:final,final,https://www.wexfordcounty.org/government/county-clerk/elections/,,,,,,verified,existing_state_capability_registry,Migrated from canonical locality capability evidence; legacy source_id synthesized where source identity was not yet normalized.
us:mi:county:osceola,us:authority:mi:county-clerk:osceola-county-clerk,legacy:us:mi:county:osceola:final,final,https://www.osceola-county.org/residents/county_departments/county_clerk/elections.php,,,,,,verified,existing_state_capability_registry,Migrated from canonical locality capability evidence; legacy source_id synthesized where source identity was not yet normalized.
us:mi:county:clare,us:authority:mi:county-clerk:clare-county-clerk,legacy:us:mi:county:clare:final,final,https://clareco.net/elections/,,,,,,verified,existing_state_capability_registry,Migrated from canonical locality capability evidence; legacy source_id synthesized where source identity was not yet normalized.
us:mi:county:gladwin,us:authority:mi:county-clerk:gladwin-county-clerk,legacy:us:mi:county:gladwin:final,final,https://gladwincounty-mi.gov/departments/county-clerk/elections/,,,,,,verified,existing_state_capability_registry,Migrated from canonical locality capability evidence; legacy source_id synthesized where source identity was not yet normalized.
us:mi:county:arenac,us:authority:mi:county-clerk:arenac-county-clerk,legacy:us:mi:county:arenac:final,final,https://www.arenaccountymi.gov/Clerk/Elections/,,,,,,verified,existing_state_capability_registry,Migrated from canonical locality capability evidence; legacy source_id synthesized where source identity was not yet normalized.
us:mi:county:alcona,us:authority:mi:county-clerk:alcona-county-clerk,legacy:us:mi:county:alcona:final,final,https://alconacountymi.com/home/county-clerk/election-results/,,,,,,verified,existing_state_capability_registry,Migrated from canonical locality capability evidence; legacy source_id synthesized where source identity was not yet normalized.
us:mi:county:alger,us:authority:mi:county-clerk:alger-county-clerk,legacy:us:mi:county:alger:final,final,https://www.algercounty.gov/,,,,,,verified,existing_state_capability_registry,Migrated from canonical locality capability evidence; legacy source_id synthesized where source identity was not yet normalized.
us:mi:county:alpena,us:authority:mi:county-clerk:alpena-county-clerk,legacy:us:mi:county:alpena:final,final,https://www.alpenacounty.org/173/Election-Results,,,,,,verified,existing_state_capability_registry,Migrated from canonical locality capability evidence; legacy source_id synthesized where source identity was not yet normalized.
us:mi:county:antrim,us:authority:mi:county-clerk:antrim-county-clerk,legacy:us:mi:county:antrim:final,final,https://www.antrimcounty.org/,,,,,,verified,existing_state_capability_registry,Migrated from canonical locality capability evidence; legacy source_id synthesized where source identity was not yet normalized.
us:mi:county:baraga,us:authority:mi:county-clerk:baraga-county-clerk,legacy:us:mi:county:baraga:final,final,https://keweenawbay.org/government/departments/elections/,,,,,,verified,existing_state_capability_registry,Migrated from canonical locality capability evidence; legacy source_id synthesized where source identity was not yet normalized.
us:mi:county:benzie,us:authority:mi:county-clerk:benzie-county-clerk,legacy:us:mi:county:benzie:final,final,https://www.benzieco.gov/,,,,,,verified,existing_state_capability_registry,Migrated from canonical locality capability evidence; legacy source_id synthesized where source identity was not yet normalized.
us:mi:county:branch,us:authority:mi:county-clerk:branch-county-clerk,legacy:us:mi:county:branch:final,final,https://www.countyofbranch.com/departments/county-clerk/elections/election-results/,,,,,,verified,existing_state_capability_registry,Migrated from canonical locality capability evidence; legacy source_id synthesized where source identity was not yet normalized.
us:mi:county:branch,us:authority:mi:county-clerk:branch-county-clerk,legacy:us:mi:county:branch:election_night,election_night,https://www.countyofbranch.com/departments/county-clerk/elections/election-results/,,,,,,verified,existing_state_capability_registry,Migrated from canonical locality capability evidence; legacy source_id synthesized where source identity was not yet normalized.
us:mi:county:cass,us:authority:mi:county-clerk:cass-county-clerk,legacy:us:mi:county:cass:final,final,https://www.casscountymi.org/,,,,,,verified,existing_state_capability_registry,Migrated from canonical locality capability evidence; legacy source_id synthesized where source identity was not yet normalized.
us:mi:county:charlevoix,us:authority:mi:county-clerk:charlevoix-county-clerk,legacy:us:mi:county:charlevoix:final,final,https://www.charlevoixcounty.org/,,,,,,verified,existing_state_capability_registry,Migrated from canonical locality capability evidence; legacy source_id synthesized where source identity was not yet normalized.
us:mi:county:cheboygan,us:authority:mi:county-clerk:cheboygan-county-clerk,legacy:us:mi:county:cheboygan:final,final,https://www.cheboygancounty.net/,,,,,,verified,existing_state_capability_registry,Migrated from canonical locality capability evidence; legacy source_id synthesized where source identity was not yet normalized.
us:mi:county:chippewa,us:authority:mi:county-clerk:chippewa-county-clerk,legacy:us:mi:county:chippewa:final,final,https://www.chippewacountymi.gov/,,,,,,verified,existing_state_capability_registry,Migrated from canonical locality capability evidence; legacy source_id synthesized where source identity was not yet normalized.
us:mi:county:crawford,us:authority:mi:county-clerk:crawford-county-clerk,legacy:us:mi:county:crawford:final,final,https://www.crawfordco.org/,,,,,,verified,existing_state_capability_registry,Migrated from canonical locality capability evidence; legacy source_id synthesized where source identity was not yet normalized.
us:mi:county:delta,us:authority:mi:county-clerk:delta-county-clerk,legacy:us:mi:county:delta:final,final,https://deltacountymi.gov/,,,,,,verified,existing_state_capability_registry,Migrated from canonical locality capability evidence; legacy source_id synthesized where source identity was not yet normalized.
us:mi:county:dickinson,us:authority:mi:county-clerk:dickinson-county-clerk,legacy:us:mi:county:dickinson:final,final,https://www.dickinsoncountymi.gov/,,,,,,verified,existing_state_capability_registry,Migrated from canonical locality capability evidence; legacy source_id synthesized where source identity was not yet normalized.
us:mi:county:emmet,us:authority:mi:county-clerk:emmet-county-clerk,legacy:us:mi:county:emmet:final,final,https://www.emmetcounty.org/,,,,,,verified,existing_state_capability_registry,Migrated from canonical locality capability evidence; legacy source_id synthesized where source identity was not yet normalized.
us:mi:county:gogebic,us:authority:mi:county-clerk:gogebic-county-clerk,legacy:us:mi:county:gogebic:final,final,https://www.gogebic.gov/,,,,,,verified,existing_state_capability_registry,Migrated from canonical locality capability evidence; legacy source_id synthesized where source identity was not yet normalized.
us:mi:county:hillsdale,us:authority:mi:county-clerk:hillsdale-county-clerk,legacy:us:mi:county:hillsdale:final,final,https://www.hillsdalecounty.gov/,,,,,,verified,existing_state_capability_registry,Migrated from canonical locality capability evidence; legacy source_id synthesized where source identity was not yet normalized.
us:mi:county:houghton,us:authority:mi:county-clerk:houghton-county-clerk,legacy:us:mi:county:houghton:final,final,https://www.houghtoncounty.net/,,,,,,verified,existing_state_capability_registry,Migrated from canonical locality capability evidence; legacy source_id synthesized where source identity was not yet normalized.
us:mi:county:huron,us:authority:mi:county-clerk:huron-county-clerk,legacy:us:mi:county:huron:final,final,https://www.co.huron.mi.us/,,,,,,verified,existing_state_capability_registry,Migrated from canonical locality capability evidence; legacy source_id synthesized where source identity was not yet normalized.
us:mi:county:iosco,us:authority:mi:county-clerk:iosco-county-clerk,legacy:us:mi:county:iosco:final,final,https://iosco.net/,,,,,,verified,existing_state_capability_registry,Migrated from canonical locality capability evidence; legacy source_id synthesized where source identity was not yet normalized.
us:mi:county:iron,us:authority:mi:county-clerk:iron-county-clerk,legacy:us:mi:county:iron:final,final,https://ironmi.com/,,,,,,verified,existing_state_capability_registry,Migrated from canonical locality capability evidence; legacy source_id synthesized where source identity was not yet normalized.
us:mi:county:kalkaska,us:authority:mi:county-clerk:kalkaska-county-clerk,legacy:us:mi:county:kalkaska:final,final,https://www.kalkaskacounty.net/,,,,,,verified,existing_state_capability_registry,Migrated from canonical locality capability evidence; legacy source_id synthesized where source identity was not yet normalized.
us:mi:county:keweenaw,us:authority:mi:county-clerk:keweenaw-county-clerk,legacy:us:mi:county:keweenaw:final,final,https://keweenawcountyonline.org/,,,,,,verified,existing_state_capability_registry,Migrated from canonical locality capability evidence; legacy source_id synthesized where source identity was not yet normalized.
us:mi:county:lake,us:authority:mi:county-clerk:lake-county-clerk,legacy:us:mi:county:lake:final,final,https://app.enhancedvoting.com/,,,,,,verified,existing_state_capability_registry,Migrated from canonical locality capability evidence; legacy source_id synthesized where source identity was not yet normalized.
us:mi:county:lake,us:authority:mi:county-clerk:lake-county-clerk,legacy:us:mi:county:lake:election_night,election_night,https://app.enhancedvoting.com/,,,,,,verified,existing_state_capability_registry,Migrated from canonical locality capability evidence; legacy source_id synthesized where source identity was not yet normalized.
us:mi:county:leelanau,us:authority:mi:county-clerk:leelanau-county-clerk,legacy:us:mi:county:leelanau:final,final,https://www.leelanau.gov/,,,,,,verified,existing_state_capability_registry,Migrated from canonical locality capability evidence; legacy source_id synthesized where source identity was not yet normalized.
us:mi:county:lenawee,us:authority:mi:county-clerk:lenawee-county-clerk,legacy:us:mi:county:lenawee:final,final,https://www.electionlenawee.com/,,,,,,verified,existing_state_capability_registry,Migrated from canonical locality capability evidence; legacy source_id synthesized where source identity was not yet normalized.
us:mi:county:lenawee,us:authority:mi:county-clerk:lenawee-county-clerk,legacy:us:mi:county:lenawee:election_night,election_night,https://www.electionlenawee.com/,,,,,,verified,existing_state_capability_registry,Migrated from canonical locality capability evidence; legacy source_id synthesized where source identity was not yet normalized.
us:mi:county:luce,us:authority:mi:county-clerk:luce-county-clerk,legacy:us:mi:county:luce:final,final,https://www.lucecountymi.com/,,,,,,verified,existing_state_capability_registry,Migrated from canonical locality capability evidence; legacy source_id synthesized where source identity was not yet normalized.
us:mi:county:mackinac,us:authority:mi:county-clerk:mackinac-county-clerk,legacy:us:mi:county:mackinac:final,final,https://www.mackinaccounty.net/,,,,,,verified,existing_state_capability_registry,Migrated from canonical locality capability evidence; legacy source_id synthesized where source identity was not yet normalized.
us:mi:county:marquette,us:authority:mi:county-clerk:marquette-county-clerk,legacy:us:mi:county:marquette:final,final,https://www.co.marquette.mi.us/,,,,,,verified,existing_state_capability_registry,Migrated from canonical locality capability evidence; legacy source_id synthesized where source identity was not yet normalized.
us:mi:county:menominee,us:authority:mi:county-clerk:menominee-county-clerk,legacy:us:mi:county:menominee:final,final,https://www.menomineecounty.com/,,,,,,verified,existing_state_capability_registry,Migrated from canonical locality capability evidence; legacy source_id synthesized where source identity was not yet normalized.
us:mi:county:missaukee,us:authority:mi:county-clerk:missaukee-county-clerk,legacy:us:mi:county:missaukee:final,final,https://www.missaukee.org/,,,,,,verified,existing_state_capability_registry,Migrated from canonical locality capability evidence; legacy source_id synthesized where source identity was not yet normalized.
us:mi:county:montmorency,us:authority:mi:county-clerk:montmorency-county-clerk,legacy:us:mi:county:montmorency:final,final,https://www.montcounty.org/,,,,,,verified,existing_state_capability_registry,Migrated from canonical locality capability evidence; legacy source_id synthesized where source identity was not yet normalized.
us:mi:county:ogemaw,us:authority:mi:county-clerk:ogemaw-county-clerk,legacy:us:mi:county:ogemaw:final,final,https://www.ocmi.us/,,,,,,verified,existing_state_capability_registry,Migrated from canonical locality capability evidence; legacy source_id synthesized where source identity was not yet normalized.
us:mi:county:ontonagon,us:authority:mi:county-clerk:ontonagon-county-clerk,legacy:us:mi:county:ontonagon:final,final,https://www.ontonagoncounty.org/,,,,,,verified,existing_state_capability_registry,Migrated from canonical locality capability evidence; legacy source_id synthesized where source identity was not yet normalized.
us:mi:county:oscoda,us:authority:mi:county-clerk:oscoda-county-clerk,legacy:us:mi:county:oscoda:final,final,https://www.oscodacountymi.com/,,,,,,verified,existing_state_capability_registry,Migrated from canonical locality capability evidence; legacy source_id synthesized where source identity was not yet normalized.
us:mi:county:otsego,us:authority:mi:county-clerk:otsego-county-clerk,legacy:us:mi:county:otsego:final,final,https://www.otsegocountymi.gov/,,,,,,verified,existing_state_capability_registry,Migrated from canonical locality capability evidence; legacy source_id synthesized where source identity was not yet normalized.
us:mi:county:presque-isle,us:authority:mi:county-clerk:presque-isle-county-clerk,legacy:us:mi:county:presque-isle:final,final,https://presqueislecounty.org/,,,,,,verified,existing_state_capability_registry,Migrated from canonical locality capability evidence; legacy source_id synthesized where source identity was not yet normalized.
us:mi:county:roscommon,us:authority:mi:county-clerk:roscommon-county-clerk,legacy:us:mi:county:roscommon:final,final,https://www.roscommoncounty.net/,,,,,,verified,existing_state_capability_registry,Migrated from canonical locality capability evidence; legacy source_id synthesized where source identity was not yet normalized.
us:mi:county:sanilac,us:authority:mi:county-clerk:sanilac-county-clerk,legacy:us:mi:county:sanilac:final,final,https://www.sanilaccounty.net/,,,,,,verified,existing_state_capability_registry,Migrated from canonical locality capability evidence; legacy source_id synthesized where source identity was not yet normalized.
us:mi:county:schoolcraft,us:authority:mi:county-clerk:schoolcraft-county-clerk,legacy:us:mi:county:schoolcraft:final,final,https://www.schoolcraftcounty.net/,,,,,,verified,existing_state_capability_registry,Migrated from canonical locality capability evidence; legacy source_id synthesized where source identity was not yet normalized.
us:mi:county:st-joseph,us:authority:mi:county-clerk:st-joseph-county-clerk,legacy:us:mi:county:st-joseph:final,final,https://www.stjosephcountymi.org/,,,,,,verified,existing_state_capability_registry,Migrated from canonical locality capability evidence; legacy source_id synthesized where source identity was not yet normalized.
us:mi:county:tuscola,us:authority:mi:county-clerk:tuscola-county-clerk,legacy:us:mi:county:tuscola:final,final,https://www.tuscolacounty.org/,,,,,,verified,existing_state_capability_registry,Migrated from canonical locality capability evidence; legacy source_id synthesized where source identity was not yet normalized.
us:mi:county:van-buren,us:authority:mi:county-clerk:van-buren-county-clerk,legacy:us:mi:county:van-buren:final,final,https://www.vanburencountymi.gov/,,,,,,verified,existing_state_capability_registry,Migrated from canonical locality capability evidence; legacy source_id synthesized where source identity was not yet normalized.
us:oh:county:cuyahoga,us:authority:oh:board-of-elections:cuyahoga-county-board-of-elections,legacy:us:oh:county:cuyahoga:final,final,https://boe.cuyahogacounty.gov/,,,,,,verified,existing_state_capability_registry,Migrated from canonical locality capability evidence; legacy source_id synthesized where source identity was not yet normalized.
us:oh:county:cuyahoga,us:authority:oh:board-of-elections:cuyahoga-county-board-of-elections,legacy:us:oh:county:cuyahoga:election_night,election_night,https://boe.cuyahogacounty.gov/,,,,,,verified,existing_state_capability_registry,Migrated from canonical locality capability evidence; legacy source_id synthesized where source identity was not yet normalized.
us:oh:county:franklin,us:authority:oh:board-of-elections:franklin-county-board-of-elections,legacy:us:oh:county:franklin:final,final,https://vote.franklincountyohio.gov/,,,,,,verified,existing_state_capability_registry,Migrated from canonical locality capability evidence; legacy source_id synthesized where source identity was not yet normalized.
us:oh:county:hamilton,us:authority:oh:board-of-elections:hamilton-county-board-of-elections,legacy:us:oh:county:hamilton:final,final,https://votehamiltoncountyohio.gov/,,,,,,verified,existing_state_capability_registry,Migrated from canonical locality capability evidence; legacy source_id synthesized where source identity was not yet normalized.
us:oh:county:hamilton,us:authority:oh:board-of-elections:hamilton-county-board-of-elections,legacy:us:oh:county:hamilton:election_night,election_night,https://votehamiltoncountyohio.gov/,,,,,,verified,existing_state_capability_registry,Migrated from canonical locality capability evidence; legacy source_id synthesized where source identity was not yet normalized.
us:oh:county:summit,us:authority:oh:board-of-elections:summit-county-board-of-elections,legacy:us:oh:county:summit:final,final,https://www.boe.ohio.gov/summit/,,,,,,verified,existing_state_capability_registry,Migrated from canonical locality capability evidence; legacy source_id synthesized where source identity was not yet normalized.
us:oh:county:summit,us:authority:oh:board-of-elections:summit-county-board-of-elections,legacy:us:oh:county:summit:election_night,election_night,https://www.boe.ohio.gov/summit/,,,,,,verified,existing_state_capability_registry,Migrated from canonical locality capability evidence; legacy source_id synthesized where source identity was not yet normalized.
us:oh:county:montgomery,us:authority:oh:board-of-elections:montgomery-county-board-of-elections,legacy:us:oh:county:montgomery:final,final,https://www.montgomery.boe.ohio.gov/,,,,,,verified,existing_state_capability_registry,Migrated from canonical locality capability evidence; legacy source_id synthesized where source identity was not yet normalized.
us:oh:county:montgomery,us:authority:oh:board-of-elections:montgomery-county-board-of-elections,legacy:us:oh:county:montgomery:election_night,election_night,https://www.montgomery.boe.ohio.gov/,,,,,,verified,existing_state_capability_registry,Migrated from canonical locality capability evidence; legacy source_id synthesized where source identity was not yet normalized.
us:oh:county:lucas,us:authority:oh:board-of-elections:lucas-county-board-of-elections,legacy:us:oh:county:lucas:final,final,https://www.lucascountyohiovotes.gov/,,,,,,verified,existing_state_capability_registry,Migrated from canonical locality capability evidence; legacy source_id synthesized where source identity was not yet normalized.
us:oh:county:lucas,us:authority:oh:board-of-elections:lucas-county-board-of-elections,legacy:us:oh:county:lucas:election_night,election_night,https://www.lucascountyohiovotes.gov/,,,,,,verified,existing_state_capability_registry,Migrated from canonical locality capability evidence; legacy source_id synthesized where source identity was not yet normalized.
us:oh:county:stark,us:authority:oh:board-of-elections:stark-county-board-of-elections,legacy:us:oh:county:stark:final,final,https://www.starkcountyohio.gov/government/offices/board_of_elections/,,,,,,verified,existing_state_capability_registry,Migrated from canonical locality capability evidence; legacy source_id synthesized where source identity was not yet normalized.
us:oh:county:stark,us:authority:oh:board-of-elections:stark-county-board-of-elections,legacy:us:oh:county:stark:election_night,election_night,https://www.starkcountyohio.gov/government/offices/board_of_elections/,,,,,,verified,existing_state_capability_registry,Migrated from canonical locality capability evidence; legacy source_id synthesized where source identity was not yet normalized.
us:oh:county:butler,us:authority:oh:board-of-elections:butler-county-board-of-elections,legacy:us:oh:county:butler:final,final,https://elections.bcohio.gov/,,,,,,verified,existing_state_capability_registry,Migrated from canonical locality capability evidence; legacy source_id synthesized where source identity was not yet normalized.
us:oh:county:butler,us:authority:oh:board-of-elections:butler-county-board-of-elections,legacy:us:oh:county:butler:election_night,election_night,https://elections.bcohio.gov/,,,,,,verified,existing_state_capability_registry,Migrated from canonical locality capability evidence; legacy source_id synthesized where source identity was not yet normalized.
us:oh:county:lorain,us:authority:oh:board-of-elections:lorain-county-board-of-elections,legacy:us:oh:county:lorain:final,final,https://www.voteloraincountyohio.gov/,,,,,,verified,existing_state_capability_registry,Migrated from canonical locality capability evidence; legacy source_id synthesized where source identity was not yet normalized.
us:oh:county:lorain,us:authority:oh:board-of-elections:lorain-county-board-of-elections,legacy:us:oh:county:lorain:election_night,election_night,https://www.voteloraincountyohio.gov/,,,,,,verified,existing_state_capability_registry,Migrated from canonical locality capability evidence; legacy source_id synthesized where source identity was not yet normalized.
us:oh:county:mahoning,us:authority:oh:board-of-elections:mahoning-county-board-of-elections,legacy:us:oh:county:mahoning:final,final,https://vote.mahoningcountyoh.gov/,,,,,,verified,existing_state_capability_registry,Migrated from canonical locality capability evidence; legacy source_id synthesized where source identity was not yet normalized.
us:oh:county:mahoning,us:authority:oh:board-of-elections:mahoning-county-board-of-elections,legacy:us:oh:county:mahoning:election_night,election_night,https://vote.mahoningcountyoh.gov/,,,,,,verified,existing_state_capability_registry,Migrated from canonical locality capability evidence; legacy source_id synthesized where source identity was not yet normalized.
us:oh:county:lake,us:authority:oh:board-of-elections:lake-county-board-of-elections,legacy:us:oh:county:lake:final,final,https://www.lakecountyohio.gov/boe/,,,,,,verified,existing_state_capability_registry,Migrated from canonical locality capability evidence; legacy source_id synthesized where source identity was not yet normalized.
us:oh:county:lake,us:authority:oh:board-of-elections:lake-county-board-of-elections,legacy:us:oh:county:lake:election_night,election_night,https://www.lakecountyohio.gov/boe/,,,,,,verified,existing_state_capability_registry,Migrated from canonical locality capability evidence; legacy source_id synthesized where source identity was not yet normalized.
us:oh:county:trumbull,us:authority:oh:board-of-elections:trumbull-county-board-of-elections,legacy:us:oh:county:trumbull:final,final,https://boe.co.trumbull.oh.us/,,,,,,verified,existing_state_capability_registry,Migrated from canonical locality capability evidence; legacy source_id synthesized where source identity was not yet normalized.
us:oh:county:trumbull,us:authority:oh:board-of-elections:trumbull-county-board-of-elections,legacy:us:oh:county:trumbull:election_night,election_night,https://boe.co.trumbull.oh.us/,,,,,,verified,existing_state_capability_registry,Migrated from canonical locality capability evidence; legacy source_id synthesized where source identity was not yet normalized.
us:oh:county:clermont,us:authority:oh:board-of-elections:clermont-county-board-of-elections,legacy:us:oh:county:clermont:final,final,https://boe.clermontcountyohio.gov/,,,,,,verified,existing_state_capability_registry,Migrated from canonical locality capability evidence; legacy source_id synthesized where source identity was not yet normalized.
us:oh:county:clermont,us:authority:oh:board-of-elections:clermont-county-board-of-elections,legacy:us:oh:county:clermont:election_night,election_night,https://boe.clermontcountyohio.gov/,,,,,,verified,existing_state_capability_registry,Migrated from canonical locality capability evidence; legacy source_id synthesized where source identity was not yet normalized.
us:oh:county:warren,us:authority:oh:board-of-elections:warren-county-board-of-elections,legacy:us:oh:county:warren:final,final,https://vote.warrencountyohio.gov/,,,,,,verified,existing_state_capability_registry,Migrated from canonical locality capability evidence; legacy source_id synthesized where source identity was not yet normalized.
us:oh:county:warren,us:authority:oh:board-of-elections:warren-county-board-of-elections,legacy:us:oh:county:warren:election_night,election_night,https://vote.warrencountyohio.gov/,,,,,,verified,existing_state_capability_registry,Migrated from canonical locality capability evidence; legacy source_id synthesized where source identity was not yet normalized.
us:oh:county:delaware,us:authority:oh:board-of-elections:delaware-county-board-of-elections,legacy:us:oh:county:delaware:final,final,https://vote.delawarecountyohio.gov/,,,,,,verified,existing_state_capability_registry,Migrated from canonical locality capability evidence; legacy source_id synthesized where source identity was not yet normalized.
us:oh:county:delaware,us:authority:oh:board-of-elections:delaware-county-board-of-elections,legacy:us:oh:county:delaware:election_night,election_night,https://vote.delawarecountyohio.gov/,,,,,,verified,existing_state_capability_registry,Migrated from canonical locality capability evidence; legacy source_id synthesized where source identity was not yet normalized.
us:oh:county:licking,us:authority:oh:board-of-elections:licking-county-board-of-elections,legacy:us:oh:county:licking:final,final,https://www.boe.ohio.gov/licking/,,,,,,verified,existing_state_capability_registry,Migrated from canonical locality capability evidence; legacy source_id synthesized where source identity was not yet normalized.
us:oh:county:licking,us:authority:oh:board-of-elections:licking-county-board-of-elections,legacy:us:oh:county:licking:election_night,election_night,https://www.boe.ohio.gov/licking/,,,,,,verified,existing_state_capability_registry,Migrated from canonical locality capability evidence; legacy source_id synthesized where source identity was not yet normalized.
us:oh:county:greene,us:authority:oh:board-of-elections:greene-county-board-of-elections,legacy:us:oh:county:greene:final,final,https://www.greenecountyohio.gov/128/Board-of-Elections,,,,,,verified,existing_state_capability_registry,Migrated from canonical locality capability evidence; legacy source_id synthesized where source identity was not yet normalized.
us:oh:county:greene,us:authority:oh:board-of-elections:greene-county-board-of-elections,legacy:us:oh:county:greene:election_night,election_night,https://www.greenecountyohio.gov/128/Board-of-Elections,,,,,,verified,existing_state_capability_registry,Migrated from canonical locality capability evidence; legacy source_id synthesized where source identity was not yet normalized.
us:oh:county:athens,us:authority:oh:board-of-elections:athens-county-board-of-elections,legacy:us:oh:county:athens:final,final,https://www.boe.ohio.gov/athens/,,,,,,verified,existing_state_capability_registry,Migrated from canonical locality capability evidence; legacy source_id synthesized where source identity was not yet normalized.
us:oh:county:athens,us:authority:oh:board-of-elections:athens-county-board-of-elections,legacy:us:oh:county:athens:election_night,election_night,https://www.boe.ohio.gov/athens/,,,,,,verified,existing_state_capability_registry,Migrated from canonical locality capability evidence; legacy source_id synthesized where source identity was not yet normalized.
us:oh:county:wood,us:authority:oh:board-of-elections:wood-county-board-of-elections,legacy:us:oh:county:wood:final,final,https://www.woodcountyohio.gov/boe/,,,,,,verified,existing_state_capability_registry,Migrated from canonical locality capability evidence; legacy source_id synthesized where source identity was not yet normalized.
us:oh:county:wood,us:authority:oh:board-of-elections:wood-county-board-of-elections,legacy:us:oh:county:wood:election_night,election_night,https://www.woodcountyohio.gov/boe/,,,,,,verified,existing_state_capability_registry,Migrated from canonical locality capability evidence; legacy source_id synthesized where source identity was not yet normalized.
us:oh:county:portage,us:authority:oh:board-of-elections:portage-county-board-of-elections,legacy:us:oh:county:portage:final,final,https://www.portagecounty-oh.gov/board-elections,,,,,,verified,existing_state_capability_registry,Migrated from canonical locality capability evidence; legacy source_id synthesized where source identity was not yet normalized.
us:oh:county:portage,us:authority:oh:board-of-elections:portage-county-board-of-elections,legacy:us:oh:county:portage:election_night,election_night,https://www.portagecounty-oh.gov/board-elections,,,,,,verified,existing_state_capability_registry,Migrated from canonical locality capability evidence; legacy source_id synthesized where source identity was not yet normalized.
us:oh:county:allen,us:authority:oh:board-of-elections:allen-county-board-of-elections,legacy:us:oh:county:allen:final,final,https://www.boe.ohio.gov/allen/,,,,,,verified,existing_state_capability_registry,Migrated from canonical locality capability evidence; legacy source_id synthesized where source identity was not yet normalized.
us:oh:county:ashland,us:authority:oh:board-of-elections:ashland-county-board-of-elections,legacy:us:oh:county:ashland:final,final,https://www.boe.ohio.gov/ashland/,,,,,,verified,existing_state_capability_registry,Migrated from canonical locality capability evidence; legacy source_id synthesized where source identity was not yet normalized.
us:oh:county:ashtabula,us:authority:oh:board-of-elections:ashtabula-county-board-of-elections,legacy:us:oh:county:ashtabula:final,final,https://www.boe.ohio.gov/ashtabula/,,,,,,verified,existing_state_capability_registry,Migrated from canonical locality capability evidence; legacy source_id synthesized where source identity was not yet normalized.
us:oh:county:ashtabula,us:authority:oh:board-of-elections:ashtabula-county-board-of-elections,legacy:us:oh:county:ashtabula:election_night,election_night,https://www.boe.ohio.gov/ashtabula/,,,,,,verified,existing_state_capability_registry,Migrated from canonical locality capability evidence; legacy source_id synthesized where source identity was not yet normalized.
us:oh:county:belmont,us:authority:oh:board-of-elections:belmont-county-board-of-elections,legacy:us:oh:county:belmont:final,final,https://www.boe.ohio.gov/belmont/,,,,,,verified,existing_state_capability_registry,Migrated from canonical locality capability evidence; legacy source_id synthesized where source identity was not yet normalized.
us:oh:county:belmont,us:authority:oh:board-of-elections:belmont-county-board-of-elections,legacy:us:oh:county:belmont:election_night,election_night,https://www.boe.ohio.gov/belmont/,,,,,,verified,existing_state_capability_registry,Migrated from canonical locality capability evidence; legacy source_id synthesized where source identity was not yet normalized.
us:oh:county:clark,us:authority:oh:board-of-elections:clark-county-board-of-elections,legacy:us:oh:county:clark:final,final,https://www.boe.ohio.gov/clark/,,,,,,verified,existing_state_capability_registry,Migrated from canonical locality capability evidence; legacy source_id synthesized where source identity was not yet normalized.
us:oh:county:clark,us:authority:oh:board-of-elections:clark-county-board-of-elections,legacy:us:oh:county:clark:election_night,election_night,https://www.boe.ohio.gov/clark/,,,,,,verified,existing_state_capability_registry,Migrated from canonical locality capability evidence; legacy source_id synthesized where source identity was not yet normalized.
us:oh:county:columbiana,us:authority:oh:board-of-elections:columbiana-county-board-of-elections,legacy:us:oh:county:columbiana:final,final,https://www.boe.ohio.gov/columbiana/,,,,,,verified,existing_state_capability_registry,Migrated from canonical locality capability evidence; legacy source_id synthesized where source identity was not yet normalized.
us:oh:county:coshocton,us:authority:oh:board-of-elections:coshocton-county-board-of-elections,legacy:us:oh:county:coshocton:final,final,https://www.boe.ohio.gov/coshocton/,,,,,,verified,existing_state_capability_registry,Migrated from canonical locality capability evidence; legacy source_id synthesized where source identity was not yet normalized.
us:oh:county:darke,us:authority:oh:board-of-elections:darke-county-board-of-elections,legacy:us:oh:county:darke:final,final,https://www.boe.ohio.gov/darke/,,,,,,verified,existing_state_capability_registry,Migrated from canonical locality capability evidence; legacy source_id synthesized where source identity was not yet normalized.
us:oh:county:darke,us:authority:oh:board-of-elections:darke-county-board-of-elections,legacy:us:oh:county:darke:election_night,election_night,https://www.boe.ohio.gov/darke/,,,,,,verified,existing_state_capability_registry,Migrated from canonical locality capability evidence; legacy source_id synthesized where source identity was not yet normalized.
us:oh:county:erie,us:authority:oh:board-of-elections:erie-county-board-of-elections,legacy:us:oh:county:erie:final,final,https://www.boe.ohio.gov/erie/,,,,,,verified,existing_state_capability_registry,Migrated from canonical locality capability evidence; legacy source_id synthesized where source identity was not yet normalized.
us:oh:county:erie,us:authority:oh:board-of-elections:erie-county-board-of-elections,legacy:us:oh:county:erie:election_night,election_night,https://www.boe.ohio.gov/erie/,,,,,,verified,existing_state_capability_registry,Migrated from canonical locality capability evidence; legacy source_id synthesized where source identity was not yet normalized.
us:oh:county:fairfield,us:authority:oh:board-of-elections:fairfield-county-board-of-elections,legacy:us:oh:county:fairfield:final,final,https://www.boe.ohio.gov/fairfield/,,,,,,verified,existing_state_capability_registry,Migrated from canonical locality capability evidence; legacy source_id synthesized where source identity was not yet normalized.
us:oh:county:fairfield,us:authority:oh:board-of-elections:fairfield-county-board-of-elections,legacy:us:oh:county:fairfield:election_night,election_night,https://www.boe.ohio.gov/fairfield/,,,,,,verified,existing_state_capability_registry,Migrated from canonical locality capability evidence; legacy source_id synthesized where source identity was not yet normalized.
us:oh:county:fayette,us:authority:oh:board-of-elections:fayette-county-board-of-elections,legacy:us:oh:county:fayette:final,final,https://www.boe.ohio.gov/fayette/,,,,,,verified,existing_state_capability_registry,Migrated from canonical locality capability evidence; legacy source_id synthesized where source identity was not yet normalized.
us:oh:county:fayette,us:authority:oh:board-of-elections:fayette-county-board-of-elections,legacy:us:oh:county:fayette:election_night,election_night,https://www.boe.ohio.gov/fayette/,,,,,,verified,existing_state_capability_registry,Migrated from canonical locality capability evidence; legacy source_id synthesized where source identity was not yet normalized.
us:oh:county:geauga,us:authority:oh:board-of-elections:geauga-county-board-of-elections,legacy:us:oh:county:geauga:final,final,https://www.boe.ohio.gov/geauga/,,,,,,verified,existing_state_capability_registry,Migrated from canonical locality capability evidence; legacy source_id synthesized where source identity was not yet normalized.
us:oh:county:geauga,us:authority:oh:board-of-elections:geauga-county-board-of-elections,legacy:us:oh:county:geauga:election_night,election_night,https://www.boe.ohio.gov/geauga/,,,,,,verified,existing_state_capability_registry,Migrated from canonical locality capability evidence; legacy source_id synthesized where source identity was not yet normalized.
us:oh:county:guernsey,us:authority:oh:board-of-elections:guernsey-county-board-of-elections,legacy:us:oh:county:guernsey:final,final,https://www.boe.ohio.gov/guernsey/,,,,,,verified,existing_state_capability_registry,Migrated from canonical locality capability evidence; legacy source_id synthesized where source identity was not yet normalized.
us:oh:county:hancock,us:authority:oh:board-of-elections:hancock-county-board-of-elections,legacy:us:oh:county:hancock:final,final,https://www.boe.ohio.gov/hancock/,,,,,,verified,existing_state_capability_registry,Migrated from canonical locality capability evidence; legacy source_id synthesized where source identity was not yet normalized.
us:oh:county:huron,us:authority:oh:board-of-elections:huron-county-board-of-elections,legacy:us:oh:county:huron:final,final,https://www.boe.ohio.gov/huron/,,,,,,verified,existing_state_capability_registry,Migrated from canonical locality capability evidence; legacy source_id synthesized where source identity was not yet normalized.
us:oh:county:knox,us:authority:oh:board-of-elections:knox-county-board-of-elections,legacy:us:oh:county:knox:final,final,https://www.boe.ohio.gov/knox/,,,,,,verified,existing_state_capability_registry,Migrated from canonical locality capability evidence; legacy source_id synthesized where source identity was not yet normalized.
us:oh:county:knox,us:authority:oh:board-of-elections:knox-county-board-of-elections,legacy:us:oh:county:knox:election_night,election_night,https://www.boe.ohio.gov/knox/,,,,,,verified,existing_state_capability_registry,Migrated from canonical locality capability evidence; legacy source_id synthesized where source identity was not yet normalized.
us:oh:county:madison,us:authority:oh:board-of-elections:madison-county-board-of-elections,legacy:us:oh:county:madison:final,final,https://www.boe.ohio.gov/madison/,,,,,,verified,existing_state_capability_registry,Migrated from canonical locality capability evidence; legacy source_id synthesized where source identity was not yet normalized.
us:oh:county:medina,us:authority:oh:board-of-elections:medina-county-board-of-elections,legacy:us:oh:county:medina:final,final,https://www.boe.ohio.gov/medina/,,,,,,verified,existing_state_capability_registry,Migrated from canonical locality capability evidence; legacy source_id synthesized where source identity was not yet normalized.
us:oh:county:miami,us:authority:oh:board-of-elections:miami-county-board-of-elections,legacy:us:oh:county:miami:final,final,https://www.boe.ohio.gov/miami/,,,,,,verified,existing_state_capability_registry,Migrated from canonical locality capability evidence; legacy source_id synthesized where source identity was not yet normalized.
us:oh:county:muskingum,us:authority:oh:board-of-elections:muskingum-county-board-of-elections,legacy:us:oh:county:muskingum:final,final,https://www.boe.ohio.gov/muskingum/,,,,,,verified,existing_state_capability_registry,Migrated from canonical locality capability evidence; legacy source_id synthesized where source identity was not yet normalized.
us:oh:county:adams,us:authority:oh:board-of-elections:adams-county-board-of-elections,legacy:us:oh:county:adams:final,final,https://www.boe.ohio.gov/adams/,,,,,,verified,existing_state_capability_registry,Migrated from canonical locality capability evidence; legacy source_id synthesized where source identity was not yet normalized.
us:oh:county:adams,us:authority:oh:board-of-elections:adams-county-board-of-elections,legacy:us:oh:county:adams:election_night,election_night,https://www.boe.ohio.gov/adams/,,,,,,verified,existing_state_capability_registry,Migrated from canonical locality capability evidence; legacy source_id synthesized where source identity was not yet normalized.
us:oh:county:auglaize,us:authority:oh:board-of-elections:auglaize-county-board-of-elections,legacy:us:oh:county:auglaize:final,final,https://www.boe.ohio.gov/auglaize/,,,,,,verified,existing_state_capability_registry,Migrated from canonical locality capability evidence; legacy source_id synthesized where source identity was not yet normalized.
us:oh:county:auglaize,us:authority:oh:board-of-elections:auglaize-county-board-of-elections,legacy:us:oh:county:auglaize:election_night,election_night,https://www.boe.ohio.gov/auglaize/,,,,,,verified,existing_state_capability_registry,Migrated from canonical locality capability evidence; legacy source_id synthesized where source identity was not yet normalized.
us:oh:county:brown,us:authority:oh:board-of-elections:brown-county-board-of-elections,legacy:us:oh:county:brown:final,final,https://www.boe.ohio.gov/brown/,,,,,,verified,existing_state_capability_registry,Migrated from canonical locality capability evidence; legacy source_id synthesized where source identity was not yet normalized.
us:oh:county:brown,us:authority:oh:board-of-elections:brown-county-board-of-elections,legacy:us:oh:county:brown:election_night,election_night,https://www.boe.ohio.gov/brown/,,,,,,verified,existing_state_capability_registry,Migrated from canonical locality capability evidence; legacy source_id synthesized where source identity was not yet normalized.
us:oh:county:carroll,us:authority:oh:board-of-elections:carroll-county-board-of-elections,legacy:us:oh:county:carroll:final,final,https://www.boe.ohio.gov/carroll/,,,,,,verified,existing_state_capability_registry,Migrated from canonical locality capability evidence; legacy source_id synthesized where source identity was not yet normalized.
us:oh:county:carroll,us:authority:oh:board-of-elections:carroll-county-board-of-elections,legacy:us:oh:county:carroll:election_night,election_night,https://www.boe.ohio.gov/carroll/,,,,,,verified,existing_state_capability_registry,Migrated from canonical locality capability evidence; legacy source_id synthesized where source identity was not yet normalized.
us:oh:county:champaign,us:authority:oh:board-of-elections:champaign-county-board-of-elections,legacy:us:oh:county:champaign:final,final,https://www.boe.ohio.gov/champaign/,,,,,,verified,existing_state_capability_registry,Migrated from canonical locality capability evidence; legacy source_id synthesized where source identity was not yet normalized.
us:oh:county:champaign,us:authority:oh:board-of-elections:champaign-county-board-of-elections,legacy:us:oh:county:champaign:election_night,election_night,https://www.boe.ohio.gov/champaign/,,,,,,verified,existing_state_capability_registry,Migrated from canonical locality capability evidence; legacy source_id synthesized where source identity was not yet normalized.
us:oh:county:clinton,us:authority:oh:board-of-elections:clinton-county-board-of-elections,legacy:us:oh:county:clinton:final,final,https://www.boe.ohio.gov/clinton/,,,,,,verified,existing_state_capability_registry,Migrated from canonical locality capability evidence; legacy source_id synthesized where source identity was not yet normalized.
us:oh:county:clinton,us:authority:oh:board-of-elections:clinton-county-board-of-elections,legacy:us:oh:county:clinton:election_night,election_night,https://www.boe.ohio.gov/clinton/,,,,,,verified,existing_state_capability_registry,Migrated from canonical locality capability evidence; legacy source_id synthesized where source identity was not yet normalized.
us:oh:county:crawford,us:authority:oh:board-of-elections:crawford-county-board-of-elections,legacy:us:oh:county:crawford:final,final,https://www.boe.ohio.gov/crawford/,,,,,,verified,existing_state_capability_registry,Migrated from canonical locality capability evidence; legacy source_id synthesized where source identity was not yet normalized.
us:oh:county:crawford,us:authority:oh:board-of-elections:crawford-county-board-of-elections,legacy:us:oh:county:crawford:election_night,election_night,https://www.boe.ohio.gov/crawford/,,,,,,verified,existing_state_capability_registry,Migrated from canonical locality capability evidence; legacy source_id synthesized where source identity was not yet normalized.
us:oh:county:defiance,us:authority:oh:board-of-elections:defiance-county-board-of-elections,legacy:us:oh:county:defiance:final,final,https://www.boe.ohio.gov/defiance/,,,,,,verified,existing_state_capability_registry,Migrated from canonical locality capability evidence; legacy source_id synthesized where source identity was not yet normalized.
us:oh:county:defiance,us:authority:oh:board-of-elections:defiance-county-board-of-elections,legacy:us:oh:county:defiance:election_night,election_night,https://www.boe.ohio.gov/defiance/,,,,,,verified,existing_state_capability_registry,Migrated from canonical locality capability evidence; legacy source_id synthesized where source identity was not yet normalized.
us:oh:county:fulton,us:authority:oh:board-of-elections:fulton-county-board-of-elections,legacy:us:oh:county:fulton:final,final,https://www.boe.ohio.gov/fulton/,,,,,,verified,existing_state_capability_registry,Migrated from canonical locality capability evidence; legacy source_id synthesized where source identity was not yet normalized.
us:oh:county:fulton,us:authority:oh:board-of-elections:fulton-county-board-of-elections,legacy:us:oh:county:fulton:election_night,election_night,https://www.boe.ohio.gov/fulton/,,,,,,verified,existing_state_capability_registry,Migrated from canonical locality capability evidence; legacy source_id synthesized where source identity was not yet normalized.
us:oh:county:gallia,us:authority:oh:board-of-elections:gallia-county-board-of-elections,legacy:us:oh:county:gallia:final,final,https://www.boe.ohio.gov/gallia/,,,,,,verified,existing_state_capability_registry,Migrated from canonical locality capability evidence; legacy source_id synthesized where source identity was not yet normalized.
us:oh:county:gallia,us:authority:oh:board-of-elections:gallia-county-board-of-elections,legacy:us:oh:county:gallia:election_night,election_night,https://www.boe.ohio.gov/gallia/,,,,,,verified,existing_state_capability_registry,Migrated from canonical locality capability evidence; legacy source_id synthesized where source identity was not yet normalized.
us:oh:county:hardin,us:authority:oh:board-of-elections:hardin-county-board-of-elections,legacy:us:oh:county:hardin:final,final,https://www.boe.ohio.gov/hardin/,,,,,,verified,existing_state_capability_registry,Migrated from canonical locality capability evidence; legacy source_id synthesized where source identity was not yet normalized.
us:oh:county:hardin,us:authority:oh:board-of-elections:hardin-county-board-of-elections,legacy:us:oh:county:hardin:election_night,election_night,https://www.boe.ohio.gov/hardin/,,,,,,verified,existing_state_capability_registry,Migrated from canonical locality capability evidence; legacy source_id synthesized where source identity was not yet normalized.
us:oh:county:harrison,us:authority:oh:board-of-elections:harrison-county-board-of-elections,legacy:us:oh:county:harrison:final,final,https://www.boe.ohio.gov/harrison/,,,,,,verified,existing_state_capability_registry,Migrated from canonical locality capability evidence; legacy source_id synthesized where source identity was not yet normalized.
us:oh:county:harrison,us:authority:oh:board-of-elections:harrison-county-board-of-elections,legacy:us:oh:county:harrison:election_night,election_night,https://www.boe.ohio.gov/harrison/,,,,,,verified,existing_state_capability_registry,Migrated from canonical locality capability evidence; legacy source_id synthesized where source identity was not yet normalized.
us:oh:county:henry,us:authority:oh:board-of-elections:henry-county-board-of-elections,legacy:us:oh:county:henry:final,final,https://www.boe.ohio.gov/henry/,,,,,,verified,existing_state_capability_registry,Migrated from canonical locality capability evidence; legacy source_id synthesized where source identity was not yet normalized.
us:oh:county:henry,us:authority:oh:board-of-elections:henry-county-board-of-elections,legacy:us:oh:county:henry:election_night,election_night,https://www.boe.ohio.gov/henry/,,,,,,verified,existing_state_capability_registry,Migrated from canonical locality capability evidence; legacy source_id synthesized where source identity was not yet normalized.
us:oh:county:highland,us:authority:oh:board-of-elections:highland-county-board-of-elections,legacy:us:oh:county:highland:final,final,https://www.boe.ohio.gov/highland/,,,,,,verified,existing_state_capability_registry,Migrated from canonical locality capability evidence; legacy source_id synthesized where source identity was not yet normalized.
us:oh:county:highland,us:authority:oh:board-of-elections:highland-county-board-of-elections,legacy:us:oh:county:highland:election_night,election_night,https://www.boe.ohio.gov/highland/,,,,,,verified,existing_state_capability_registry,Migrated from canonical locality capability evidence; legacy source_id synthesized where source identity was not yet normalized.
us:oh:county:hocking,us:authority:oh:board-of-elections:hocking-county-board-of-elections,legacy:us:oh:county:hocking:final,final,https://www.boe.ohio.gov/hocking/,,,,,,verified,existing_state_capability_registry,Migrated from canonical locality capability evidence; legacy source_id synthesized where source identity was not yet normalized.
us:oh:county:hocking,us:authority:oh:board-of-elections:hocking-county-board-of-elections,legacy:us:oh:county:hocking:election_night,election_night,https://www.boe.ohio.gov/hocking/,,,,,,verified,existing_state_capability_registry,Migrated from canonical locality capability evidence; legacy source_id synthesized where source identity was not yet normalized.
us:oh:county:holmes,us:authority:oh:board-of-elections:holmes-county-board-of-elections,legacy:us:oh:county:holmes:final,final,https://www.boe.ohio.gov/holmes/,,,,,,verified,existing_state_capability_registry,Migrated from canonical locality capability evidence; legacy source_id synthesized where source identity was not yet normalized.
us:oh:county:holmes,us:authority:oh:board-of-elections:holmes-county-board-of-elections,legacy:us:oh:county:holmes:election_night,election_night,https://www.boe.ohio.gov/holmes/,,,,,,verified,existing_state_capability_registry,Migrated from canonical locality capability evidence; legacy source_id synthesized where source identity was not yet normalized.
us:oh:county:jackson,us:authority:oh:board-of-elections:jackson-county-board-of-elections,legacy:us:oh:county:jackson:final,final,https://www.boe.ohio.gov/jackson/,,,,,,verified,existing_state_capability_registry,Migrated from canonical locality capability evidence; legacy source_id synthesized where source identity was not yet normalized.
us:oh:county:jackson,us:authority:oh:board-of-elections:jackson-county-board-of-elections,legacy:us:oh:county:jackson:election_night,election_night,https://www.boe.ohio.gov/jackson/,,,,,,verified,existing_state_capability_registry,Migrated from canonical locality capability evidence; legacy source_id synthesized where source identity was not yet normalized.
us:oh:county:jefferson,us:authority:oh:board-of-elections:jefferson-county-board-of-elections,legacy:us:oh:county:jefferson:final,final,https://www.boe.ohio.gov/jefferson/,,,,,,verified,existing_state_capability_registry,Migrated from canonical locality capability evidence; legacy source_id synthesized where source identity was not yet normalized.
us:oh:county:jefferson,us:authority:oh:board-of-elections:jefferson-county-board-of-elections,legacy:us:oh:county:jefferson:election_night,election_night,https://www.boe.ohio.gov/jefferson/,,,,,,verified,existing_state_capability_registry,Migrated from canonical locality capability evidence; legacy source_id synthesized where source identity was not yet normalized.
us:oh:county:lawrence,us:authority:oh:board-of-elections:lawrence-county-board-of-elections,legacy:us:oh:county:lawrence:final,final,https://www.boe.ohio.gov/lawrence/,,,,,,verified,existing_state_capability_registry,Migrated from canonical locality capability evidence; legacy source_id synthesized where source identity was not yet normalized.
us:oh:county:lawrence,us:authority:oh:board-of-elections:lawrence-county-board-of-elections,legacy:us:oh:county:lawrence:election_night,election_night,https://www.boe.ohio.gov/lawrence/,,,,,,verified,existing_state_capability_registry,Migrated from canonical locality capability evidence; legacy source_id synthesized where source identity was not yet normalized.
us:oh:county:logan,us:authority:oh:board-of-elections:logan-county-board-of-elections,legacy:us:oh:county:logan:final,final,https://www.boe.ohio.gov/logan/,,,,,,verified,existing_state_capability_registry,Migrated from canonical locality capability evidence; legacy source_id synthesized where source identity was not yet normalized.
us:oh:county:logan,us:authority:oh:board-of-elections:logan-county-board-of-elections,legacy:us:oh:county:logan:election_night,election_night,https://www.boe.ohio.gov/logan/,,,,,,verified,existing_state_capability_registry,Migrated from canonical locality capability evidence; legacy source_id synthesized where source identity was not yet normalized.
us:oh:county:marion,us:authority:oh:board-of-elections:marion-county-board-of-elections,legacy:us:oh:county:marion:final,final,https://www.boe.ohio.gov/marion/,,,,,,verified,existing_state_capability_registry,Migrated from canonical locality capability evidence; legacy source_id synthesized where source identity was not yet normalized.
us:oh:county:marion,us:authority:oh:board-of-elections:marion-county-board-of-elections,legacy:us:oh:county:marion:election_night,election_night,https://www.boe.ohio.gov/marion/,,,,,,verified,existing_state_capability_registry,Migrated from canonical locality capability evidence; legacy source_id synthesized where source identity was not yet normalized.
us:oh:county:meigs,us:authority:oh:board-of-elections:meigs-county-board-of-elections,legacy:us:oh:county:meigs:final,final,https://www.boe.ohio.gov/meigs/,,,,,,verified,existing_state_capability_registry,Migrated from canonical locality capability evidence; legacy source_id synthesized where source identity was not yet normalized.
us:oh:county:meigs,us:authority:oh:board-of-elections:meigs-county-board-of-elections,legacy:us:oh:county:meigs:election_night,election_night,https://www.boe.ohio.gov/meigs/,,,,,,verified,existing_state_capability_registry,Migrated from canonical locality capability evidence; legacy source_id synthesized where source identity was not yet normalized.
us:oh:county:mercer,us:authority:oh:board-of-elections:mercer-county-board-of-elections,legacy:us:oh:county:mercer:final,final,https://www.boe.ohio.gov/mercer/,,,,,,verified,existing_state_capability_registry,Migrated from canonical locality capability evidence; legacy source_id synthesized where source identity was not yet normalized.
us:oh:county:mercer,us:authority:oh:board-of-elections:mercer-county-board-of-elections,legacy:us:oh:county:mercer:election_night,election_night,https://www.boe.ohio.gov/mercer/,,,,,,verified,existing_state_capability_registry,Migrated from canonical locality capability evidence; legacy source_id synthesized where source identity was not yet normalized.
us:oh:county:monroe,us:authority:oh:board-of-elections:monroe-county-board-of-elections,legacy:us:oh:county:monroe:final,final,https://www.boe.ohio.gov/monroe/,,,,,,verified,existing_state_capability_registry,Migrated from canonical locality capability evidence; legacy source_id synthesized where source identity was not yet normalized.
us:oh:county:monroe,us:authority:oh:board-of-elections:monroe-county-board-of-elections,legacy:us:oh:county:monroe:election_night,election_night,https://www.boe.ohio.gov/monroe/,,,,,,verified,existing_state_capability_registry,Migrated from canonical locality capability evidence; legacy source_id synthesized where source identity was not yet normalized.
us:oh:county:morgan,us:authority:oh:board-of-elections:morgan-county-board-of-elections,legacy:us:oh:county:morgan:final,final,https://www.boe.ohio.gov/morgan/,,,,,,verified,existing_state_capability_registry,Migrated from canonical locality capability evidence; legacy source_id synthesized where source identity was not yet normalized.
us:oh:county:morgan,us:authority:oh:board-of-elections:morgan-county-board-of-elections,legacy:us:oh:county:morgan:election_night,election_night,https://www.boe.ohio.gov/morgan/,,,,,,verified,existing_state_capability_registry,Migrated from canonical locality capability evidence; legacy source_id synthesized where source identity was not yet normalized.
us:oh:county:morrow,us:authority:oh:board-of-elections:morrow-county-board-of-elections,legacy:us:oh:county:morrow:final,final,https://www.boe.ohio.gov/morrow/,,,,,,verified,existing_state_capability_registry,Migrated from canonical locality capability evidence; legacy source_id synthesized where source identity was not yet normalized.
us:oh:county:morrow,us:authority:oh:board-of-elections:morrow-county-board-of-elections,legacy:us:oh:county:morrow:election_night,election_night,https://www.boe.ohio.gov/morrow/,,,,,,verified,existing_state_capability_registry,Migrated from canonical locality capability evidence; legacy source_id synthesized where source identity was not yet normalized.
us:oh:county:noble,us:authority:oh:board-of-elections:noble-county-board-of-elections,legacy:us:oh:county:noble:final,final,https://www.boe.ohio.gov/noble/,,,,,,verified,existing_state_capability_registry,Migrated from canonical locality capability evidence; legacy source_id synthesized where source identity was not yet normalized.
us:oh:county:noble,us:authority:oh:board-of-elections:noble-county-board-of-elections,legacy:us:oh:county:noble:election_night,election_night,https://www.boe.ohio.gov/noble/,,,,,,verified,existing_state_capability_registry,Migrated from canonical locality capability evidence; legacy source_id synthesized where source identity was not yet normalized.
us:oh:county:ottawa,us:authority:oh:board-of-elections:ottawa-county-board-of-elections,legacy:us:oh:county:ottawa:final,final,https://www.boe.ohio.gov/ottawa/,,,,,,verified,existing_state_capability_registry,Migrated from canonical locality capability evidence; legacy source_id synthesized where source identity was not yet normalized.
us:oh:county:ottawa,us:authority:oh:board-of-elections:ottawa-county-board-of-elections,legacy:us:oh:county:ottawa:election_night,election_night,https://www.boe.ohio.gov/ottawa/,,,,,,verified,existing_state_capability_registry,Migrated from canonical locality capability evidence; legacy source_id synthesized where source identity was not yet normalized.
us:oh:county:paulding,us:authority:oh:board-of-elections:paulding-county-board-of-elections,legacy:us:oh:county:paulding:final,final,https://www.boe.ohio.gov/paulding/,,,,,,verified,existing_state_capability_registry,Migrated from canonical locality capability evidence; legacy source_id synthesized where source identity was not yet normalized.
us:oh:county:paulding,us:authority:oh:board-of-elections:paulding-county-board-of-elections,legacy:us:oh:county:paulding:election_night,election_night,https://www.boe.ohio.gov/paulding/,,,,,,verified,existing_state_capability_registry,Migrated from canonical locality capability evidence; legacy source_id synthesized where source identity was not yet normalized.
us:oh:county:perry,us:authority:oh:board-of-elections:perry-county-board-of-elections,legacy:us:oh:county:perry:final,final,https://www.boe.ohio.gov/perry/,,,,,,verified,existing_state_capability_registry,Migrated from canonical locality capability evidence; legacy source_id synthesized where source identity was not yet normalized.
us:oh:county:perry,us:authority:oh:board-of-elections:perry-county-board-of-elections,legacy:us:oh:county:perry:election_night,election_night,https://www.boe.ohio.gov/perry/,,,,,,verified,existing_state_capability_registry,Migrated from canonical locality capability evidence; legacy source_id synthesized where source identity was not yet normalized.
us:oh:county:pickaway,us:authority:oh:board-of-elections:pickaway-county-board-of-elections,legacy:us:oh:county:pickaway:final,final,https://www.boe.ohio.gov/pickaway/,,,,,,verified,existing_state_capability_registry,Migrated from canonical locality capability evidence; legacy source_id synthesized where source identity was not yet normalized.
us:oh:county:pickaway,us:authority:oh:board-of-elections:pickaway-county-board-of-elections,legacy:us:oh:county:pickaway:election_night,election_night,https://www.boe.ohio.gov/pickaway/,,,,,,verified,existing_state_capability_registry,Migrated from canonical locality capability evidence; legacy source_id synthesized where source identity was not yet normalized.
us:oh:county:pike,us:authority:oh:board-of-elections:pike-county-board-of-elections,legacy:us:oh:county:pike:final,final,https://www.boe.ohio.gov/pike/,,,,,,verified,existing_state_capability_registry,Migrated from canonical locality capability evidence; legacy source_id synthesized where source identity was not yet normalized.
us:oh:county:pike,us:authority:oh:board-of-elections:pike-county-board-of-elections,legacy:us:oh:county:pike:election_night,election_night,https://www.boe.ohio.gov/pike/,,,,,,verified,existing_state_capability_registry,Migrated from canonical locality capability evidence; legacy source_id synthesized where source identity was not yet normalized.
us:oh:county:preble,us:authority:oh:board-of-elections:preble-county-board-of-elections,legacy:us:oh:county:preble:final,final,https://www.boe.ohio.gov/preble/,,,,,,verified,existing_state_capability_registry,Migrated from canonical locality capability evidence; legacy source_id synthesized where source identity was not yet normalized.
us:oh:county:preble,us:authority:oh:board-of-elections:preble-county-board-of-elections,legacy:us:oh:county:preble:election_night,election_night,https://www.boe.ohio.gov/preble/,,,,,,verified,existing_state_capability_registry,Migrated from canonical locality capability evidence; legacy source_id synthesized where source identity was not yet normalized.
us:oh:county:putnam,us:authority:oh:board-of-elections:putnam-county-board-of-elections,legacy:us:oh:county:putnam:final,final,https://www.boe.ohio.gov/putnam/,,,,,,verified,existing_state_capability_registry,Migrated from canonical locality capability evidence; legacy source_id synthesized where source identity was not yet normalized.
us:oh:county:putnam,us:authority:oh:board-of-elections:putnam-county-board-of-elections,legacy:us:oh:county:putnam:election_night,election_night,https://www.boe.ohio.gov/putnam/,,,,,,verified,existing_state_capability_registry,Migrated from canonical locality capability evidence; legacy source_id synthesized where source identity was not yet normalized.
us:oh:county:richland,us:authority:oh:board-of-elections:richland-county-board-of-elections,legacy:us:oh:county:richland:final,final,https://www.boe.ohio.gov/richland/,,,,,,verified,existing_state_capability_registry,Migrated from canonical locality capability evidence; legacy source_id synthesized where source identity was not yet normalized.
us:oh:county:richland,us:authority:oh:board-of-elections:richland-county-board-of-elections,legacy:us:oh:county:richland:election_night,election_night,https://www.boe.ohio.gov/richland/,,,,,,verified,existing_state_capability_registry,Migrated from canonical locality capability evidence; legacy source_id synthesized where source identity was not yet normalized.
us:oh:county:ross,us:authority:oh:board-of-elections:ross-county-board-of-elections,legacy:us:oh:county:ross:final,final,https://www.boe.ohio.gov/ross/,,,,,,verified,existing_state_capability_registry,Migrated from canonical locality capability evidence; legacy source_id synthesized where source identity was not yet normalized.
us:oh:county:ross,us:authority:oh:board-of-elections:ross-county-board-of-elections,legacy:us:oh:county:ross:election_night,election_night,https://www.boe.ohio.gov/ross/,,,,,,verified,existing_state_capability_registry,Migrated from canonical locality capability evidence; legacy source_id synthesized where source identity was not yet normalized.
us:oh:county:sandusky,us:authority:oh:board-of-elections:sandusky-county-board-of-elections,legacy:us:oh:county:sandusky:final,final,https://www.boe.ohio.gov/sandusky/,,,,,,verified,existing_state_capability_registry,Migrated from canonical locality capability evidence; legacy source_id synthesized where source identity was not yet normalized.
us:oh:county:sandusky,us:authority:oh:board-of-elections:sandusky-county-board-of-elections,legacy:us:oh:county:sandusky:election_night,election_night,https://www.boe.ohio.gov/sandusky/,,,,,,verified,existing_state_capability_registry,Migrated from canonical locality capability evidence; legacy source_id synthesized where source identity was not yet normalized.
us:oh:county:scioto,us:authority:oh:board-of-elections:scioto-county-board-of-elections,legacy:us:oh:county:scioto:final,final,https://www.boe.ohio.gov/scioto/,,,,,,verified,existing_state_capability_registry,Migrated from canonical locality capability evidence; legacy source_id synthesized where source identity was not yet normalized.
us:oh:county:scioto,us:authority:oh:board-of-elections:scioto-county-board-of-elections,legacy:us:oh:county:scioto:election_night,election_night,https://www.boe.ohio.gov/scioto/,,,,,,verified,existing_state_capability_registry,Migrated from canonical locality capability evidence; legacy source_id synthesized where source identity was not yet normalized.
us:oh:county:seneca,us:authority:oh:board-of-elections:seneca-county-board-of-elections,legacy:us:oh:county:seneca:final,final,https://www.boe.ohio.gov/seneca/,,,,,,verified,existing_state_capability_registry,Migrated from canonical locality capability evidence; legacy source_id synthesized where source identity was not yet normalized.
us:oh:county:seneca,us:authority:oh:board-of-elections:seneca-county-board-of-elections,legacy:us:oh:county:seneca:election_night,election_night,https://www.boe.ohio.gov/seneca/,,,,,,verified,existing_state_capability_registry,Migrated from canonical locality capability evidence; legacy source_id synthesized where source identity was not yet normalized.
us:oh:county:shelby,us:authority:oh:board-of-elections:shelby-county-board-of-elections,legacy:us:oh:county:shelby:final,final,https://www.boe.ohio.gov/shelby/,,,,,,verified,existing_state_capability_registry,Migrated from canonical locality capability evidence; legacy source_id synthesized where source identity was not yet normalized.
us:oh:county:shelby,us:authority:oh:board-of-elections:shelby-county-board-of-elections,legacy:us:oh:county:shelby:election_night,election_night,https://www.boe.ohio.gov/shelby/,,,,,,verified,existing_state_capability_registry,Migrated from canonical locality capability evidence; legacy source_id synthesized where source identity was not yet normalized.
us:oh:county:tuscarawas,us:authority:oh:board-of-elections:tuscarawas-county-board-of-elections,legacy:us:oh:county:tuscarawas:final,final,https://www.boe.ohio.gov/tuscarawas/,,,,,,verified,existing_state_capability_registry,Migrated from canonical locality capability evidence; legacy source_id synthesized where source identity was not yet normalized.
us:oh:county:tuscarawas,us:authority:oh:board-of-elections:tuscarawas-county-board-of-elections,legacy:us:oh:county:tuscarawas:election_night,election_night,https://www.boe.ohio.gov/tuscarawas/,,,,,,verified,existing_state_capability_registry,Migrated from canonical locality capability evidence; legacy source_id synthesized where source identity was not yet normalized.
us:oh:county:union,us:authority:oh:board-of-elections:union-county-board-of-elections,legacy:us:oh:county:union:final,final,https://www.boe.ohio.gov/union/,,,,,,verified,existing_state_capability_registry,Migrated from canonical locality capability evidence; legacy source_id synthesized where source identity was not yet normalized.
us:oh:county:union,us:authority:oh:board-of-elections:union-county-board-of-elections,legacy:us:oh:county:union:election_night,election_night,https://www.boe.ohio.gov/union/,,,,,,verified,existing_state_capability_registry,Migrated from canonical locality capability evidence; legacy source_id synthesized where source identity was not yet normalized.
us:oh:county:van-wert,us:authority:oh:board-of-elections:van-wert-county-board-of-elections,legacy:us:oh:county:van-wert:final,final,https://www.boe.ohio.gov/van-wert/,,,,,,verified,existing_state_capability_registry,Migrated from canonical locality capability evidence; legacy source_id synthesized where source identity was not yet normalized.
us:oh:county:van-wert,us:authority:oh:board-of-elections:van-wert-county-board-of-elections,legacy:us:oh:county:van-wert:election_night,election_night,https://www.boe.ohio.gov/van-wert/,,,,,,verified,existing_state_capability_registry,Migrated from canonical locality capability evidence; legacy source_id synthesized where source identity was not yet normalized.
us:oh:county:vinton,us:authority:oh:board-of-elections:vinton-county-board-of-elections,legacy:us:oh:county:vinton:final,final,https://www.boe.ohio.gov/vinton/,,,,,,verified,existing_state_capability_registry,Migrated from canonical locality capability evidence; legacy source_id synthesized where source identity was not yet normalized.
us:oh:county:vinton,us:authority:oh:board-of-elections:vinton-county-board-of-elections,legacy:us:oh:county:vinton:election_night,election_night,https://www.boe.ohio.gov/vinton/,,,,,,verified,existing_state_capability_registry,Migrated from canonical locality capability evidence; legacy source_id synthesized where source identity was not yet normalized.
us:oh:county:washington,us:authority:oh:board-of-elections:washington-county-board-of-elections,legacy:us:oh:county:washington:final,final,https://www.boe.ohio.gov/washington/,,,,,,verified,existing_state_capability_registry,Migrated from canonical locality capability evidence; legacy source_id synthesized where source identity was not yet normalized.
us:oh:county:washington,us:authority:oh:board-of-elections:washington-county-board-of-elections,legacy:us:oh:county:washington:election_night,election_night,https://www.boe.ohio.gov/washington/,,,,,,verified,existing_state_capability_registry,Migrated from canonical locality capability evidence; legacy source_id synthesized where source identity was not yet normalized.
us:oh:county:wayne,us:authority:oh:board-of-elections:wayne-county-board-of-elections,legacy:us:oh:county:wayne:final,final,https://www.boe.ohio.gov/wayne/,,,,,,verified,existing_state_capability_registry,Migrated from canonical locality capability evidence; legacy source_id synthesized where source identity was not yet normalized.
us:oh:county:wayne,us:authority:oh:board-of-elections:wayne-county-board-of-elections,legacy:us:oh:county:wayne:election_night,election_night,https://www.boe.ohio.gov/wayne/,,,,,,verified,existing_state_capability_registry,Migrated from canonical locality capability evidence; legacy source_id synthesized where source identity was not yet normalized.
us:oh:county:williams,us:authority:oh:board-of-elections:williams-county-board-of-elections,legacy:us:oh:county:williams:final,final,https://www.boe.ohio.gov/williams/,,,,,,verified,existing_state_capability_registry,Migrated from canonical locality capability evidence; legacy source_id synthesized where source identity was not yet normalized.
us:oh:county:williams,us:authority:oh:board-of-elections:williams-county-board-of-elections,legacy:us:oh:county:williams:election_night,election_night,https://www.boe.ohio.gov/williams/,,,,,,verified,existing_state_capability_registry,Migrated from canonical locality capability evidence; legacy source_id synthesized where source identity was not yet normalized.
us:oh:county:wyandot,us:authority:oh:board-of-elections:wyandot-county-board-of-elections,legacy:us:oh:county:wyandot:final,final,https://www.boe.ohio.gov/wyandot/,,,,,,verified,existing_state_capability_registry,Migrated from canonical locality capability evidence; legacy source_id synthesized where source identity was not yet normalized.
us:oh:county:wyandot,us:authority:oh:board-of-elections:wyandot-county-board-of-elections,legacy:us:oh:county:wyandot:election_night,election_night,https://www.boe.ohio.gov/wyandot/,,,,,,verified,existing_state_capability_registry,Migrated from canonical locality capability evidence; legacy source_id synthesized where source identity was not yet normalized.
us:pa:county:adams,us:authority:pa:county-election-office:adams-county-election-office,legacy:us:pa:county:adams:final,final,,,,,,,adjudicated_from_locality_registry,historical_pa_state_bulk_registry,Migrated from canonical locality capability evidence; legacy source_id synthesized where source identity was not yet normalized.
us:pa:county:allegheny,us:authority:pa:county-election-office:allegheny-county-election-office,legacy:us:pa:county:allegheny:final,final,,,,,,,adjudicated_from_locality_registry,historical_pa_state_bulk_registry,Migrated from canonical locality capability evidence; legacy source_id synthesized where source identity was not yet normalized.
us:pa:county:armstrong,us:authority:pa:county-election-office:armstrong-county-election-office,legacy:us:pa:county:armstrong:final,final,,,,,,,adjudicated_from_locality_registry,historical_pa_state_bulk_registry,Migrated from canonical locality capability evidence; legacy source_id synthesized where source identity was not yet normalized.
us:pa:county:beaver,us:authority:pa:county-election-office:beaver-county-election-office,legacy:us:pa:county:beaver:final,final,,,,,,,adjudicated_from_locality_registry,historical_pa_state_bulk_registry,Migrated from canonical locality capability evidence; legacy source_id synthesized where source identity was not yet normalized.
us:pa:county:bedford,us:authority:pa:county-election-office:bedford-county-election-office,legacy:us:pa:county:bedford:final,final,,,,,,,adjudicated_from_locality_registry,historical_pa_state_bulk_registry,Migrated from canonical locality capability evidence; legacy source_id synthesized where source identity was not yet normalized.
us:pa:county:berks,us:authority:pa:county-election-office:berks-county-election-office,legacy:us:pa:county:berks:final,final,,,,,,,adjudicated_from_locality_registry,historical_pa_state_bulk_registry,Migrated from canonical locality capability evidence; legacy source_id synthesized where source identity was not yet normalized.
us:pa:county:blair,us:authority:pa:county-election-office:blair-county-election-office,legacy:us:pa:county:blair:final,final,,,,,,,adjudicated_from_locality_registry,historical_pa_state_bulk_registry,Migrated from canonical locality capability evidence; legacy source_id synthesized where source identity was not yet normalized.
us:pa:county:bradford,us:authority:pa:county-election-office:bradford-county-election-office,legacy:us:pa:county:bradford:final,final,,,,,,,adjudicated_from_locality_registry,historical_pa_state_bulk_registry,Migrated from canonical locality capability evidence; legacy source_id synthesized where source identity was not yet normalized.
us:pa:county:bucks,us:authority:pa:county-election-office:bucks-county-election-office,legacy:us:pa:county:bucks:final,final,,,,,,,adjudicated_from_locality_registry,historical_pa_state_bulk_registry,Migrated from canonical locality capability evidence; legacy source_id synthesized where source identity was not yet normalized.
us:pa:county:butler,us:authority:pa:county-election-office:butler-county-election-office,legacy:us:pa:county:butler:final,final,,,,,,,adjudicated_from_locality_registry,historical_pa_state_bulk_registry,Migrated from canonical locality capability evidence; legacy source_id synthesized where source identity was not yet normalized.
us:pa:county:cambria,us:authority:pa:county-election-office:cambria-county-election-office,legacy:us:pa:county:cambria:final,final,,,,,,,adjudicated_from_locality_registry,historical_pa_state_bulk_registry,Migrated from canonical locality capability evidence; legacy source_id synthesized where source identity was not yet normalized.
us:pa:county:cameron,us:authority:pa:county-election-office:cameron-county-election-office,legacy:us:pa:county:cameron:final,final,,,,,,,adjudicated_from_locality_registry,historical_pa_state_bulk_registry,Migrated from canonical locality capability evidence; legacy source_id synthesized where source identity was not yet normalized.
us:pa:county:carbon,us:authority:pa:county-election-office:carbon-county-election-office,legacy:us:pa:county:carbon:final,final,,,,,,,adjudicated_from_locality_registry,historical_pa_state_bulk_registry,Migrated from canonical locality capability evidence; legacy source_id synthesized where source identity was not yet normalized.
us:pa:county:centre,us:authority:pa:county-election-office:centre-county-election-office,legacy:us:pa:county:centre:final,final,,,,,,,adjudicated_from_locality_registry,historical_pa_state_bulk_registry,Migrated from canonical locality capability evidence; legacy source_id synthesized where source identity was not yet normalized.
us:pa:county:chester,us:authority:pa:county-election-office:chester-county-election-office,legacy:us:pa:county:chester:final,final,,,,,,,adjudicated_from_locality_registry,historical_pa_state_bulk_registry,Migrated from canonical locality capability evidence; legacy source_id synthesized where source identity was not yet normalized.
us:pa:county:clarion,us:authority:pa:county-election-office:clarion-county-election-office,legacy:us:pa:county:clarion:final,final,,,,,,,adjudicated_from_locality_registry,historical_pa_state_bulk_registry,Migrated from canonical locality capability evidence; legacy source_id synthesized where source identity was not yet normalized.
us:pa:county:clearfield,us:authority:pa:county-election-office:clearfield-county-election-office,legacy:us:pa:county:clearfield:final,final,,,,,,,adjudicated_from_locality_registry,historical_pa_state_bulk_registry,Migrated from canonical locality capability evidence; legacy source_id synthesized where source identity was not yet normalized.
us:pa:county:clinton,us:authority:pa:county-election-office:clinton-county-election-office,legacy:us:pa:county:clinton:final,final,,,,,,,adjudicated_from_locality_registry,historical_pa_state_bulk_registry,Migrated from canonical locality capability evidence; legacy source_id synthesized where source identity was not yet normalized.
us:pa:county:columbia,us:authority:pa:county-election-office:columbia-county-election-office,legacy:us:pa:county:columbia:final,final,,,,,,,adjudicated_from_locality_registry,historical_pa_state_bulk_registry,Migrated from canonical locality capability evidence; legacy source_id synthesized where source identity was not yet normalized.
us:pa:county:crawford,us:authority:pa:county-election-office:crawford-county-election-office,legacy:us:pa:county:crawford:final,final,,,,,,,adjudicated_from_locality_registry,historical_pa_state_bulk_registry,Migrated from canonical locality capability evidence; legacy source_id synthesized where source identity was not yet normalized.
us:pa:county:cumberland,us:authority:pa:county-election-office:cumberland-county-election-office,legacy:us:pa:county:cumberland:final,final,,,,,,,adjudicated_from_locality_registry,historical_pa_state_bulk_registry,Migrated from canonical locality capability evidence; legacy source_id synthesized where source identity was not yet normalized.
us:pa:county:dauphin,us:authority:pa:county-election-office:dauphin-county-election-office,legacy:us:pa:county:dauphin:final,final,,,,,,,adjudicated_from_locality_registry,historical_pa_state_bulk_registry,Migrated from canonical locality capability evidence; legacy source_id synthesized where source identity was not yet normalized.
us:pa:county:delaware,us:authority:pa:county-election-office:delaware-county-election-office,legacy:us:pa:county:delaware:final,final,,,,,,,adjudicated_from_locality_registry,historical_pa_state_bulk_registry,Migrated from canonical locality capability evidence; legacy source_id synthesized where source identity was not yet normalized.
us:pa:county:elk,us:authority:pa:county-election-office:elk-county-election-office,legacy:us:pa:county:elk:final,final,,,,,,,adjudicated_from_locality_registry,historical_pa_state_bulk_registry,Migrated from canonical locality capability evidence; legacy source_id synthesized where source identity was not yet normalized.
us:pa:county:erie,us:authority:pa:county-election-office:erie-county-election-office,legacy:us:pa:county:erie:final,final,,,,,,,adjudicated_from_locality_registry,historical_pa_state_bulk_registry,Migrated from canonical locality capability evidence; legacy source_id synthesized where source identity was not yet normalized.
us:pa:county:fayette,us:authority:pa:county-election-office:fayette-county-election-office,legacy:us:pa:county:fayette:final,final,,,,,,,adjudicated_from_locality_registry,historical_pa_state_bulk_registry,Migrated from canonical locality capability evidence; legacy source_id synthesized where source identity was not yet normalized.
us:pa:county:forest,us:authority:pa:county-election-office:forest-county-election-office,legacy:us:pa:county:forest:final,final,,,,,,,adjudicated_from_locality_registry,historical_pa_state_bulk_registry,Migrated from canonical locality capability evidence; legacy source_id synthesized where source identity was not yet normalized.
us:pa:county:franklin,us:authority:pa:county-election-office:franklin-county-election-office,legacy:us:pa:county:franklin:final,final,,,,,,,adjudicated_from_locality_registry,historical_pa_state_bulk_registry,Migrated from canonical locality capability evidence; legacy source_id synthesized where source identity was not yet normalized.
us:pa:county:fulton,us:authority:pa:county-election-office:fulton-county-election-office,legacy:us:pa:county:fulton:final,final,,,,,,,adjudicated_from_locality_registry,historical_pa_state_bulk_registry,Migrated from canonical locality capability evidence; legacy source_id synthesized where source identity was not yet normalized.
us:pa:county:greene,us:authority:pa:county-election-office:greene-county-election-office,legacy:us:pa:county:greene:final,final,,,,,,,adjudicated_from_locality_registry,historical_pa_state_bulk_registry,Migrated from canonical locality capability evidence; legacy source_id synthesized where source identity was not yet normalized.
us:pa:county:huntingdon,us:authority:pa:county-election-office:huntingdon-county-election-office,legacy:us:pa:county:huntingdon:final,final,,,,,,,adjudicated_from_locality_registry,historical_pa_state_bulk_registry,Migrated from canonical locality capability evidence; legacy source_id synthesized where source identity was not yet normalized.
us:pa:county:indiana,us:authority:pa:county-election-office:indiana-county-election-office,legacy:us:pa:county:indiana:final,final,,,,,,,adjudicated_from_locality_registry,historical_pa_state_bulk_registry,Migrated from canonical locality capability evidence; legacy source_id synthesized where source identity was not yet normalized.
us:pa:county:jefferson,us:authority:pa:county-election-office:jefferson-county-election-office,legacy:us:pa:county:jefferson:final,final,,,,,,,adjudicated_from_locality_registry,historical_pa_state_bulk_registry,Migrated from canonical locality capability evidence; legacy source_id synthesized where source identity was not yet normalized.
us:pa:county:juniata,us:authority:pa:county-election-office:juniata-county-election-office,legacy:us:pa:county:juniata:final,final,,,,,,,adjudicated_from_locality_registry,historical_pa_state_bulk_registry,Migrated from canonical locality capability evidence; legacy source_id synthesized where source identity was not yet normalized.
us:pa:county:lackawanna,us:authority:pa:county-election-office:lackawanna-county-election-office,legacy:us:pa:county:lackawanna:final,final,,,,,,,adjudicated_from_locality_registry,historical_pa_state_bulk_registry,Migrated from canonical locality capability evidence; legacy source_id synthesized where source identity was not yet normalized.
us:pa:county:lancaster,us:authority:pa:county-election-office:lancaster-county-election-office,legacy:us:pa:county:lancaster:final,final,,,,,,,adjudicated_from_locality_registry,historical_pa_state_bulk_registry,Migrated from canonical locality capability evidence; legacy source_id synthesized where source identity was not yet normalized.
us:pa:county:lawrence,us:authority:pa:county-election-office:lawrence-county-election-office,legacy:us:pa:county:lawrence:final,final,,,,,,,adjudicated_from_locality_registry,historical_pa_state_bulk_registry,Migrated from canonical locality capability evidence; legacy source_id synthesized where source identity was not yet normalized.
us:pa:county:lebanon,us:authority:pa:county-election-office:lebanon-county-election-office,legacy:us:pa:county:lebanon:final,final,,,,,,,adjudicated_from_locality_registry,historical_pa_state_bulk_registry,Migrated from canonical locality capability evidence; legacy source_id synthesized where source identity was not yet normalized.
us:pa:county:lehigh,us:authority:pa:county-election-office:lehigh-county-election-office,legacy:us:pa:county:lehigh:final,final,,,,,,,adjudicated_from_locality_registry,historical_pa_state_bulk_registry,Migrated from canonical locality capability evidence; legacy source_id synthesized where source identity was not yet normalized.
us:pa:county:luzerne,us:authority:pa:county-election-office:luzerne-county-election-office,legacy:us:pa:county:luzerne:final,final,,,,,,,adjudicated_from_locality_registry,historical_pa_state_bulk_registry,Migrated from canonical locality capability evidence; legacy source_id synthesized where source identity was not yet normalized.
us:pa:county:lycoming,us:authority:pa:county-election-office:lycoming-county-election-office,legacy:us:pa:county:lycoming:final,final,,,,,,,adjudicated_from_locality_registry,historical_pa_state_bulk_registry,Migrated from canonical locality capability evidence; legacy source_id synthesized where source identity was not yet normalized.
us:pa:county:mckean,us:authority:pa:county-election-office:mckean-county-election-office,legacy:us:pa:county:mckean:final,final,,,,,,,adjudicated_from_locality_registry,historical_pa_state_bulk_registry,Migrated from canonical locality capability evidence; legacy source_id synthesized where source identity was not yet normalized.
us:pa:county:mercer,us:authority:pa:county-election-office:mercer-county-election-office,legacy:us:pa:county:mercer:final,final,,,,,,,adjudicated_from_locality_registry,historical_pa_state_bulk_registry,Migrated from canonical locality capability evidence; legacy source_id synthesized where source identity was not yet normalized.
us:pa:county:mifflin,us:authority:pa:county-election-office:mifflin-county-election-office,legacy:us:pa:county:mifflin:final,final,,,,,,,adjudicated_from_locality_registry,historical_pa_state_bulk_registry,Migrated from canonical locality capability evidence; legacy source_id synthesized where source identity was not yet normalized.
us:pa:county:monroe,us:authority:pa:county-election-office:monroe-county-election-office,legacy:us:pa:county:monroe:final,final,,,,,,,adjudicated_from_locality_registry,historical_pa_state_bulk_registry,Migrated from canonical locality capability evidence; legacy source_id synthesized where source identity was not yet normalized.
us:pa:county:montgomery,us:authority:pa:county-election-office:montgomery-county-election-office,legacy:us:pa:county:montgomery:final,final,,,,,,,adjudicated_from_locality_registry,historical_pa_state_bulk_registry,Migrated from canonical locality capability evidence; legacy source_id synthesized where source identity was not yet normalized.
us:pa:county:montour,us:authority:pa:county-election-office:montour-county-election-office,legacy:us:pa:county:montour:final,final,,,,,,,adjudicated_from_locality_registry,historical_pa_state_bulk_registry,Migrated from canonical locality capability evidence; legacy source_id synthesized where source identity was not yet normalized.
us:pa:county:northampton,us:authority:pa:county-election-office:northampton-county-election-office,legacy:us:pa:county:northampton:final,final,,,,,,,adjudicated_from_locality_registry,historical_pa_state_bulk_registry,Migrated from canonical locality capability evidence; legacy source_id synthesized where source identity was not yet normalized.
us:pa:county:northumberland,us:authority:pa:county-election-office:northumberland-county-election-office,legacy:us:pa:county:northumberland:final,final,,,,,,,adjudicated_from_locality_registry,historical_pa_state_bulk_registry,Migrated from canonical locality capability evidence; legacy source_id synthesized where source identity was not yet normalized.
us:pa:county:perry,us:authority:pa:county-election-office:perry-county-election-office,legacy:us:pa:county:perry:final,final,,,,,,,adjudicated_from_locality_registry,historical_pa_state_bulk_registry,Migrated from canonical locality capability evidence; legacy source_id synthesized where source identity was not yet normalized.
us:pa:county:philadelphia,us:authority:pa:county-election-office:philadelphia-county-election-office,legacy:us:pa:county:philadelphia:final,final,,,,,,,adjudicated_from_locality_registry,historical_pa_state_bulk_registry,Migrated from canonical locality capability evidence; legacy source_id synthesized where source identity was not yet normalized.
us:pa:county:philadelphia,us:authority:pa:county-election-office:philadelphia-county-election-office,legacy:us:pa:county:philadelphia:election_night,election_night,,,,,,,adjudicated_from_locality_registry,historical_pa_state_bulk_registry,Migrated from canonical locality capability evidence; legacy source_id synthesized where source identity was not yet normalized.
us:pa:county:pike,us:authority:pa:county-election-office:pike-county-election-office,legacy:us:pa:county:pike:final,final,,,,,,,adjudicated_from_locality_registry,historical_pa_state_bulk_registry,Migrated from canonical locality capability evidence; legacy source_id synthesized where source identity was not yet normalized.
us:pa:county:potter,us:authority:pa:county-election-office:potter-county-election-office,legacy:us:pa:county:potter:final,final,,,,,,,adjudicated_from_locality_registry,historical_pa_state_bulk_registry,Migrated from canonical locality capability evidence; legacy source_id synthesized where source identity was not yet normalized.
us:pa:county:schuylkill,us:authority:pa:county-election-office:schuylkill-county-election-office,legacy:us:pa:county:schuylkill:final,final,,,,,,,adjudicated_from_locality_registry,historical_pa_state_bulk_registry,Migrated from canonical locality capability evidence; legacy source_id synthesized where source identity was not yet normalized.
us:pa:county:snyder,us:authority:pa:county-election-office:snyder-county-election-office,legacy:us:pa:county:snyder:final,final,,,,,,,adjudicated_from_locality_registry,historical_pa_state_bulk_registry,Migrated from canonical locality capability evidence; legacy source_id synthesized where source identity was not yet normalized.
us:pa:county:somerset,us:authority:pa:county-election-office:somerset-county-election-office,legacy:us:pa:county:somerset:final,final,,,,,,,adjudicated_from_locality_registry,historical_pa_state_bulk_registry,Migrated from canonical locality capability evidence; legacy source_id synthesized where source identity was not yet normalized.
us:pa:county:sullivan,us:authority:pa:county-election-office:sullivan-county-election-office,legacy:us:pa:county:sullivan:final,final,,,,,,,adjudicated_from_locality_registry,historical_pa_state_bulk_registry,Migrated from canonical locality capability evidence; legacy source_id synthesized where source identity was not yet normalized.
us:pa:county:susquehanna,us:authority:pa:county-election-office:susquehanna-county-election-office,legacy:us:pa:county:susquehanna:final,final,,,,,,,adjudicated_from_locality_registry,historical_pa_state_bulk_registry,Migrated from canonical locality capability evidence; legacy source_id synthesized where source identity was not yet normalized.
us:pa:county:tioga,us:authority:pa:county-election-office:tioga-county-election-office,legacy:us:pa:county:tioga:final,final,,,,,,,adjudicated_from_locality_registry,historical_pa_state_bulk_registry,Migrated from canonical locality capability evidence; legacy source_id synthesized where source identity was not yet normalized.
us:pa:county:union,us:authority:pa:county-election-office:union-county-election-office,legacy:us:pa:county:union:final,final,,,,,,,adjudicated_from_locality_registry,historical_pa_state_bulk_registry,Migrated from canonical locality capability evidence; legacy source_id synthesized where source identity was not yet normalized.
us:pa:county:venango,us:authority:pa:county-election-office:venango-county-election-office,legacy:us:pa:county:venango:final,final,,,,,,,adjudicated_from_locality_registry,historical_pa_state_bulk_registry,Migrated from canonical locality capability evidence; legacy source_id synthesized where source identity was not yet normalized.
us:pa:county:warren,us:authority:pa:county-election-office:warren-county-election-office,legacy:us:pa:county:warren:final,final,,,,,,,adjudicated_from_locality_registry,historical_pa_state_bulk_registry,Migrated from canonical locality capability evidence; legacy source_id synthesized where source identity was not yet normalized.
us:pa:county:washington,us:authority:pa:county-election-office:washington-county-election-office,legacy:us:pa:county:washington:final,final,,,,,,,adjudicated_from_locality_registry,historical_pa_state_bulk_registry,Migrated from canonical locality capability evidence; legacy source_id synthesized where source identity was not yet normalized.
us:pa:county:wayne,us:authority:pa:county-election-office:wayne-county-election-office,legacy:us:pa:county:wayne:final,final,,,,,,,adjudicated_from_locality_registry,historical_pa_state_bulk_registry,Migrated from canonical locality capability evidence; legacy source_id synthesized where source identity was not yet normalized.
us:pa:county:westmoreland,us:authority:pa:county-election-office:westmoreland-county-election-office,legacy:us:pa:county:westmoreland:final,final,,,,,,,adjudicated_from_locality_registry,historical_pa_state_bulk_registry,Migrated from canonical locality capability evidence; legacy source_id synthesized where source identity was not yet normalized.
us:pa:county:wyoming,us:authority:pa:county-election-office:wyoming-county-election-office,legacy:us:pa:county:wyoming:final,final,,,,,,,adjudicated_from_locality_registry,historical_pa_state_bulk_registry,Migrated from canonical locality capability evidence; legacy source_id synthesized where source identity was not yet normalized.
us:pa:county:york,us:authority:pa:county-election-office:york-county-election-office,legacy:us:pa:county:york:final,final,,,,,,,adjudicated_from_locality_registry,historical_pa_state_bulk_registry,Migrated from canonical locality capability evidence; legacy source_id synthesized where source identity was not yet normalized.
us:me:municipality:portland,us:authority:me:municipal-clerk:portland-municipal-clerk,legacy:us:me:municipality:portland:final,final,https://www.portlandmaine.gov/1119/Elections-Voting,,,,,,verified,existing_me_locality_census,Migrated from canonical locality capability evidence; legacy source_id synthesized where source identity was not yet normalized.
us:me:municipality:lewiston,us:authority:me:municipal-clerk:lewiston-municipal-clerk,legacy:us:me:municipality:lewiston:final,final,https://www.lewistonmaine.gov/117/Elections,,,,,,verified,existing_me_locality_census,Migrated from canonical locality capability evidence; legacy source_id synthesized where source identity was not yet normalized.
us:me:municipality:bangor,us:authority:me:municipal-clerk:bangor-municipal-clerk,legacy:us:me:municipality:bangor:final,final,https://www.bangormaine.gov/182/Elections,,,,,,verified,existing_me_locality_census,Migrated from canonical locality capability evidence; legacy source_id synthesized where source identity was not yet normalized.
us:me:municipality:south-portland,us:authority:me:municipal-clerk:south-portland-municipal-clerk,legacy:us:me:municipality:south-portland:final,final,https://www.southportland.gov/280/Elections-Voter-Registration,,,,,,verified,existing_me_locality_census,Migrated from canonical locality capability evidence; legacy source_id synthesized where source identity was not yet normalized.
us:me:municipality:auburn,us:authority:me:municipal-clerk:auburn-municipal-clerk,legacy:us:me:municipality:auburn:final,final,https://www.auburnmaine.gov/Pages/Government/Elections,,,,,,verified,existing_me_locality_census,Migrated from canonical locality capability evidence; legacy source_id synthesized where source identity was not yet normalized.
us:me:municipality:biddeford,us:authority:me:municipal-clerk:biddeford-municipal-clerk,legacy:us:me:municipality:biddeford:final,final,https://www.biddefordmaine.org/2347/Elections-Voting,,,,,,verified,existing_me_locality_census,Migrated from canonical locality capability evidence; legacy source_id synthesized where source identity was not yet normalized.
us:me:municipality:sanford,us:authority:me:municipal-clerk:sanford-municipal-clerk,legacy:us:me:municipality:sanford:final,final,https://www.sanfordmaine.org/departments/city_clerk/elections_and_voting.php,,,,,,verified,existing_me_locality_census,Migrated from canonical locality capability evidence; legacy source_id synthesized where source identity was not yet normalized.
us:me:municipality:saco,us:authority:me:municipal-clerk:saco-municipal-clerk,legacy:us:me:municipality:saco:final,final,https://www.sacomaine.org/departments/city_clerk/elections_and_voting.php,,,,,,verified,existing_me_locality_census,Migrated from canonical locality capability evidence; legacy source_id synthesized where source identity was not yet normalized.
us:me:municipality:westbrook,us:authority:me:municipal-clerk:westbrook-municipal-clerk,legacy:us:me:municipality:westbrook:final,final,https://www.westbrookmaine.com/191/Elections-Voter-Registration,,,,,,verified,existing_me_locality_census,Migrated from canonical locality capability evidence; legacy source_id synthesized where source identity was not yet normalized.
us:me:municipality:augusta,us:authority:me:municipal-clerk:augusta-municipal-clerk,legacy:us:me:municipality:augusta:final,final,https://www.augustamaine.gov/departments/city_clerk/elections.php,,,,,,verified,existing_me_locality_census,Migrated from canonical locality capability evidence; legacy source_id synthesized where source identity was not yet normalized.
us:me:municipality:waterville,us:authority:me:municipal-clerk:waterville-municipal-clerk,legacy:us:me:municipality:waterville:final,final,https://www.waterville-me.gov/clerk/elections/,,,,,,verified,existing_me_locality_census,Migrated from canonical locality capability evidence; legacy source_id synthesized where source identity was not yet normalized.
us:me:municipality:brunswick,us:authority:me:municipal-clerk:brunswick-municipal-clerk,legacy:us:me:municipality:brunswick:final,final,https://www.brunswickme.gov/185/Elections,,,,,,verified,existing_me_locality_census,Migrated from canonical locality capability evidence; legacy source_id synthesized where source identity was not yet normalized.
us:me:municipality:scarborough,us:authority:me:municipal-clerk:scarborough-municipal-clerk,legacy:us:me:municipality:scarborough:final,final,https://www.scarboroughmaine.org/departments/town-clerk/elections-voting,,,,,,verified,existing_me_locality_census,Migrated from canonical locality capability evidence; legacy source_id synthesized where source identity was not yet normalized.
us:me:municipality:windham,us:authority:me:municipal-clerk:windham-municipal-clerk,legacy:us:me:municipality:windham:final,final,https://www.windhammaine.us/173/Elections,,,,,,verified,existing_me_locality_census,Migrated from canonical locality capability evidence; legacy source_id synthesized where source identity was not yet normalized.
us:me:municipality:gorham,us:authority:me:municipal-clerk:gorham-municipal-clerk,legacy:us:me:municipality:gorham:final,final,https://www.gorham-me.org/town-clerk/pages/elections,,,,,,verified,existing_me_locality_census,Migrated from canonical locality capability evidence; legacy source_id synthesized where source identity was not yet normalized.
us:me:municipality:falmouth,us:authority:me:municipal-clerk:falmouth-municipal-clerk,legacy:us:me:municipality:falmouth:final,final,https://www.falmouthme.org/town-clerk/pages/elections-voting,,,,,,verified,existing_me_locality_census,Migrated from canonical locality capability evidence; legacy source_id synthesized where source identity was not yet normalized.
us:me:municipality:orono,us:authority:me:municipal-clerk:orono-municipal-clerk,legacy:us:me:municipality:orono:final,final,https://www.orono.org/225/Elections-Voting,,,,,,verified,existing_me_locality_census,Migrated from canonical locality capability evidence; legacy source_id synthesized where source identity was not yet normalized.
us:me:municipality:farmington,us:authority:me:municipal-clerk:farmington-municipal-clerk,legacy:us:me:municipality:farmington:final,final,https://www.farmington-maine.org/municipal-departments/town-clerk/elections/,,,,,,verified,existing_me_locality_census,Migrated from canonical locality capability evidence; legacy source_id synthesized where source identity was not yet normalized.
us:me:municipality:presque-isle,us:authority:me:municipal-clerk:presque-isle-municipal-clerk,legacy:us:me:municipality:presque-isle:final,final,https://presqueislemaine.gov/city-clerk/,,,,,,verified,existing_me_locality_census,Migrated from canonical locality capability evidence; legacy source_id synthesized where source identity was not yet normalized.
us:me:municipality:rockland,us:authority:me:municipal-clerk:rockland-municipal-clerk,legacy:us:me:municipality:rockland:final,final,https://rocklandmaine.gov/municipal/departments/city-clerk/elections/,,,,,,verified,existing_me_locality_census,Migrated from canonical locality capability evidence; legacy source_id synthesized where source identity was not yet normalized.
us:me:municipality:kittery,us:authority:me:municipal-clerk:kittery-municipal-clerk,legacy:us:me:municipality:kittery:final,final,,,,,,,adjudicated_from_locality_registry,existing_me_locality_census,Migrated from canonical locality capability evidence; legacy source_id synthesized where source identity was not yet normalized.
us:me:municipality:york,us:authority:me:municipal-clerk:york-municipal-clerk,legacy:us:me:municipality:york:final,final,,,,,,,adjudicated_from_locality_registry,existing_me_locality_census,Migrated from canonical locality capability evidence; legacy source_id synthesized where source identity was not yet normalized.
us:me:municipality:wells,us:authority:me:municipal-clerk:wells-municipal-clerk,legacy:us:me:municipality:wells:final,final,,,,,,,adjudicated_from_locality_registry,existing_me_locality_census,Migrated from canonical locality capability evidence; legacy source_id synthesized where source identity was not yet normalized.
us:me:municipality:kennebunk,us:authority:me:municipal-clerk:kennebunk-municipal-clerk,legacy:us:me:municipality:kennebunk:final,final,,,,,,,adjudicated_from_locality_registry,existing_me_locality_census,Migrated from canonical locality capability evidence; legacy source_id synthesized where source identity was not yet normalized.
us:me:municipality:kennebunkport,us:authority:me:municipal-clerk:kennebunkport-municipal-clerk,legacy:us:me:municipality:kennebunkport:final,final,,,,,,,adjudicated_from_locality_registry,existing_me_locality_census,Migrated from canonical locality capability evidence; legacy source_id synthesized where source identity was not yet normalized.
us:me:municipality:old-orchard-beach,us:authority:me:municipal-clerk:old-orchard-beach-municipal-clerk,legacy:us:me:municipality:old-orchard-beach:final,final,,,,,,,adjudicated_from_locality_registry,existing_me_locality_census,Migrated from canonical locality capability evidence; legacy source_id synthesized where source identity was not yet normalized.
us:me:municipality:cape-elizabeth,us:authority:me:municipal-clerk:cape-elizabeth-municipal-clerk,legacy:us:me:municipality:cape-elizabeth:final,final,,,,,,,adjudicated_from_locality_registry,existing_me_locality_census,Migrated from canonical locality capability evidence; legacy source_id synthesized where source identity was not yet normalized.
us:me:municipality:yarmouth,us:authority:me:municipal-clerk:yarmouth-municipal-clerk,legacy:us:me:municipality:yarmouth:final,final,,,,,,,adjudicated_from_locality_registry,existing_me_locality_census,Migrated from canonical locality capability evidence; legacy source_id synthesized where source identity was not yet normalized.
us:me:municipality:freeport,us:authority:me:municipal-clerk:freeport-municipal-clerk,legacy:us:me:municipality:freeport:final,final,,,,,,,adjudicated_from_locality_registry,existing_me_locality_census,Migrated from canonical locality capability evidence; legacy source_id synthesized where source identity was not yet normalized.
us:me:municipality:cumberland,us:authority:me:municipal-clerk:cumberland-municipal-clerk,legacy:us:me:municipality:cumberland:final,final,,,,,,,adjudicated_from_locality_registry,existing_me_locality_census,Migrated from canonical locality capability evidence; legacy source_id synthesized where source identity was not yet normalized.
us:me:municipality:gray,us:authority:me:municipal-clerk:gray-municipal-clerk,legacy:us:me:municipality:gray:final,final,,,,,,,adjudicated_from_locality_registry,existing_me_locality_census,Migrated from canonical locality capability evidence; legacy source_id synthesized where source identity was not yet normalized.
us:me:municipality:new-gloucester,us:authority:me:municipal-clerk:new-gloucester-municipal-clerk,legacy:us:me:municipality:new-gloucester:final,final,,,,,,,adjudicated_from_locality_registry,existing_me_locality_census,Migrated from canonical locality capability evidence; legacy source_id synthesized where source identity was not yet normalized.
us:me:municipality:bath,us:authority:me:municipal-clerk:bath-municipal-clerk,legacy:us:me:municipality:bath:final,final,,,,,,,adjudicated_from_locality_registry,existing_me_locality_census,Migrated from canonical locality capability evidence; legacy source_id synthesized where source identity was not yet normalized.
us:me:municipality:topsham,us:authority:me:municipal-clerk:topsham-municipal-clerk,legacy:us:me:municipality:topsham:final,final,,,,,,,adjudicated_from_locality_registry,existing_me_locality_census,Migrated from canonical locality capability evidence; legacy source_id synthesized where source identity was not yet normalized.
us:me:municipality:lisbon,us:authority:me:municipal-clerk:lisbon-municipal-clerk,legacy:us:me:municipality:lisbon:final,final,,,,,,,adjudicated_from_locality_registry,existing_me_locality_census,Migrated from canonical locality capability evidence; legacy source_id synthesized where source identity was not yet normalized.
us:me:municipality:sabattus,us:authority:me:municipal-clerk:sabattus-municipal-clerk,legacy:us:me:municipality:sabattus:final,final,,,,,,,adjudicated_from_locality_registry,existing_me_locality_census,Migrated from canonical locality capability evidence; legacy source_id synthesized where source identity was not yet normalized.
us:me:municipality:turner,us:authority:me:municipal-clerk:turner-municipal-clerk,legacy:us:me:municipality:turner:final,final,,,,,,,adjudicated_from_locality_registry,existing_me_locality_census,Migrated from canonical locality capability evidence; legacy source_id synthesized where source identity was not yet normalized.
us:me:municipality:winthrop,us:authority:me:municipal-clerk:winthrop-municipal-clerk,legacy:us:me:municipality:winthrop:final,final,,,,,,,adjudicated_from_locality_registry,existing_me_locality_census,Migrated from canonical locality capability evidence; legacy source_id synthesized where source identity was not yet normalized.
us:me:municipality:hallowell,us:authority:me:municipal-clerk:hallowell-municipal-clerk,legacy:us:me:municipality:hallowell:final,final,,,,,,,adjudicated_from_locality_registry,existing_me_locality_census,Migrated from canonical locality capability evidence; legacy source_id synthesized where source identity was not yet normalized.
us:me:municipality:gardiner,us:authority:me:municipal-clerk:gardiner-municipal-clerk,legacy:us:me:municipality:gardiner:final,final,,,,,,,adjudicated_from_locality_registry,existing_me_locality_census,Migrated from canonical locality capability evidence; legacy source_id synthesized where source identity was not yet normalized.
us:me:municipality:skowhegan,us:authority:me:municipal-clerk:skowhegan-municipal-clerk,legacy:us:me:municipality:skowhegan:final,final,,,,,,,adjudicated_from_locality_registry,existing_me_locality_census,Migrated from canonical locality capability evidence; legacy source_id synthesized where source identity was not yet normalized.
us:me:municipality:fairfield,us:authority:me:municipal-clerk:fairfield-municipal-clerk,legacy:us:me:municipality:fairfield:final,final,,,,,,,adjudicated_from_locality_registry,existing_me_locality_census,Migrated from canonical locality capability evidence; legacy source_id synthesized where source identity was not yet normalized.
us:me:municipality:pittsfield,us:authority:me:municipal-clerk:pittsfield-municipal-clerk,legacy:us:me:municipality:pittsfield:final,final,,,,,,,adjudicated_from_locality_registry,existing_me_locality_census,Migrated from canonical locality capability evidence; legacy source_id synthesized where source identity was not yet normalized.
us:me:municipality:belfast,us:authority:me:municipal-clerk:belfast-municipal-clerk,legacy:us:me:municipality:belfast:final,final,,,,,,,adjudicated_from_locality_registry,existing_me_locality_census,Migrated from canonical locality capability evidence; legacy source_id synthesized where source identity was not yet normalized.
us:me:municipality:camden,us:authority:me:municipal-clerk:camden-municipal-clerk,legacy:us:me:municipality:camden:final,final,,,,,,,adjudicated_from_locality_registry,existing_me_locality_census,Migrated from canonical locality capability evidence; legacy source_id synthesized where source identity was not yet normalized.
us:me:municipality:thomaston,us:authority:me:municipal-clerk:thomaston-municipal-clerk,legacy:us:me:municipality:thomaston:final,final,,,,,,,adjudicated_from_locality_registry,existing_me_locality_census,Migrated from canonical locality capability evidence; legacy source_id synthesized where source identity was not yet normalized.
us:me:municipality:ellsworth,us:authority:me:municipal-clerk:ellsworth-municipal-clerk,legacy:us:me:municipality:ellsworth:final,final,,,,,,,adjudicated_from_locality_registry,existing_me_locality_census,Migrated from canonical locality capability evidence; legacy source_id synthesized where source identity was not yet normalized.
us:me:municipality:bar-harbor,us:authority:me:municipal-clerk:bar-harbor-municipal-clerk,legacy:us:me:municipality:bar-harbor:final,final,,,,,,,adjudicated_from_locality_registry,existing_me_locality_census,Migrated from canonical locality capability evidence; legacy source_id synthesized where source identity was not yet normalized.
us:me:municipality:brewer,us:authority:me:municipal-clerk:brewer-municipal-clerk,legacy:us:me:municipality:brewer:final,final,,,,,,,adjudicated_from_locality_registry,existing_me_locality_census,Migrated from canonical locality capability evidence; legacy source_id synthesized where source identity was not yet normalized.
us:me:municipality:old-town,us:authority:me:municipal-clerk:old-town-municipal-clerk,legacy:us:me:municipality:old-town:final,final,,,,,,,adjudicated_from_locality_registry,existing_me_locality_census,Migrated from canonical locality capability evidence; legacy source_id synthesized where source identity was not yet normalized.
us:me:municipality:lincoln,us:authority:me:municipal-clerk:lincoln-municipal-clerk,legacy:us:me:municipality:lincoln:final,final,,,,,,,adjudicated_from_locality_registry,existing_me_locality_census,Migrated from canonical locality capability evidence; legacy source_id synthesized where source identity was not yet normalized.
us:me:municipality:millinocket,us:authority:me:municipal-clerk:millinocket-municipal-clerk,legacy:us:me:municipality:millinocket:final,final,,,,,,,adjudicated_from_locality_registry,existing_me_locality_census,Migrated from canonical locality capability evidence; legacy source_id synthesized where source identity was not yet normalized.
us:me:municipality:caribou,us:authority:me:municipal-clerk:caribou-municipal-clerk,legacy:us:me:municipality:caribou:final,final,,,,,,,adjudicated_from_locality_registry,existing_me_locality_census,Migrated from canonical locality capability evidence; legacy source_id synthesized where source identity was not yet normalized.
us:me:municipality:houlton,us:authority:me:municipal-clerk:houlton-municipal-clerk,legacy:us:me:municipality:houlton:final,final,,,,,,,adjudicated_from_locality_registry,existing_me_locality_census,Migrated from canonical locality capability evidence; legacy source_id synthesized where source identity was not yet normalized.
us:me:municipality:fort-kent,us:authority:me:municipal-clerk:fort-kent-municipal-clerk,legacy:us:me:municipality:fort-kent:final,final,,,,,,,adjudicated_from_locality_registry,existing_me_locality_census,Migrated from canonical locality capability evidence; legacy source_id synthesized where source identity was not yet normalized.
us:me:municipality:rumford,us:authority:me:municipal-clerk:rumford-municipal-clerk,legacy:us:me:municipality:rumford:final,final,,,,,,,adjudicated_from_locality_registry,existing_me_locality_census,Migrated from canonical locality capability evidence; legacy source_id synthesized where source identity was not yet normalized.
us:me:municipality:norway,us:authority:me:municipal-clerk:norway-municipal-clerk,legacy:us:me:municipality:norway:final,final,,,,,,,adjudicated_from_locality_registry,existing_me_locality_census,Migrated from canonical locality capability evidence; legacy source_id synthesized where source identity was not yet normalized.
us:me:municipality:paris,us:authority:me:municipal-clerk:paris-municipal-clerk,legacy:us:me:municipality:paris:final,final,,,,,,,adjudicated_from_locality_registry,existing_me_locality_census,Migrated from canonical locality capability evidence; legacy source_id synthesized where source identity was not yet normalized.
us:me:municipality:bethel,us:authority:me:municipal-clerk:bethel-municipal-clerk,legacy:us:me:municipality:bethel:final,final,,,,,,,adjudicated_from_locality_registry,existing_me_locality_census,Migrated from canonical locality capability evidence; legacy source_id synthesized where source identity was not yet normalized.
us:me:municipality:eliot,us:authority:me:municipal-clerk:eliot-municipal-clerk,legacy:us:me:municipality:eliot:final,final,,,,,,,adjudicated_from_locality_registry,existing_me_locality_census,Migrated from canonical locality capability evidence; legacy source_id synthesized where source identity was not yet normalized.
us:me:municipality:berwick,us:authority:me:municipal-clerk:berwick-municipal-clerk,legacy:us:me:municipality:berwick:final,final,,,,,,,adjudicated_from_locality_registry,existing_me_locality_census,Migrated from canonical locality capability evidence; legacy source_id synthesized where source identity was not yet normalized.
us:me:municipality:south-berwick,us:authority:me:municipal-clerk:south-berwick-municipal-clerk,legacy:us:me:municipality:south-berwick:final,final,,,,,,,adjudicated_from_locality_registry,existing_me_locality_census,Migrated from canonical locality capability evidence; legacy source_id synthesized where source identity was not yet normalized.
us:me:municipality:north-berwick,us:authority:me:municipal-clerk:north-berwick-municipal-clerk,legacy:us:me:municipality:north-berwick:final,final,,,,,,,adjudicated_from_locality_registry,existing_me_locality_census,Migrated from canonical locality capability evidence; legacy source_id synthesized where source identity was not yet normalized.
us:me:municipality:waterboro,us:authority:me:municipal-clerk:waterboro-municipal-clerk,legacy:us:me:municipality:waterboro:final,final,,,,,,,adjudicated_from_locality_registry,existing_me_locality_census,Migrated from canonical locality capability evidence; legacy source_id synthesized where source identity was not yet normalized.
us:me:municipality:lyman,us:authority:me:municipal-clerk:lyman-municipal-clerk,legacy:us:me:municipality:lyman:final,final,,,,,,,adjudicated_from_locality_registry,existing_me_locality_census,Migrated from canonical locality capability evidence; legacy source_id synthesized where source identity was not yet normalized.
us:me:municipality:buxton,us:authority:me:municipal-clerk:buxton-municipal-clerk,legacy:us:me:municipality:buxton:final,final,,,,,,,adjudicated_from_locality_registry,existing_me_locality_census,Migrated from canonical locality capability evidence; legacy source_id synthesized where source identity was not yet normalized.
us:me:municipality:hollis,us:authority:me:municipal-clerk:hollis-municipal-clerk,legacy:us:me:municipality:hollis:final,final,,,,,,,adjudicated_from_locality_registry,existing_me_locality_census,Migrated from canonical locality capability evidence; legacy source_id synthesized where source identity was not yet normalized.
us:me:municipality:dayton,us:authority:me:municipal-clerk:dayton-municipal-clerk,legacy:us:me:municipality:dayton:final,final,,,,,,,adjudicated_from_locality_registry,existing_me_locality_census,Migrated from canonical locality capability evidence; legacy source_id synthesized where source identity was not yet normalized.
us:me:municipality:arundel,us:authority:me:municipal-clerk:arundel-municipal-clerk,legacy:us:me:municipality:arundel:final,final,,,,,,,adjudicated_from_locality_registry,existing_me_locality_census,Migrated from canonical locality capability evidence; legacy source_id synthesized where source identity was not yet normalized.
us:me:municipality:standish,us:authority:me:municipal-clerk:standish-municipal-clerk,legacy:us:me:municipality:standish:final,final,,,,,,,adjudicated_from_locality_registry,existing_me_locality_census,Migrated from canonical locality capability evidence; legacy source_id synthesized where source identity was not yet normalized.
us:me:municipality:raymond,us:authority:me:municipal-clerk:raymond-municipal-clerk,legacy:us:me:municipality:raymond:final,final,,,,,,,adjudicated_from_locality_registry,existing_me_locality_census,Migrated from canonical locality capability evidence; legacy source_id synthesized where source identity was not yet normalized.
us:me:municipality:casco,us:authority:me:municipal-clerk:casco-municipal-clerk,legacy:us:me:municipality:casco:final,final,,,,,,,adjudicated_from_locality_registry,existing_me_locality_census,Migrated from canonical locality capability evidence; legacy source_id synthesized where source identity was not yet normalized.
us:me:municipality:naples,us:authority:me:municipal-clerk:naples-municipal-clerk,legacy:us:me:municipality:naples:final,final,,,,,,,adjudicated_from_locality_registry,existing_me_locality_census,Migrated from canonical locality capability evidence; legacy source_id synthesized where source identity was not yet normalized.
us:me:municipality:sebago,us:authority:me:municipal-clerk:sebago-municipal-clerk,legacy:us:me:municipality:sebago:final,final,,,,,,,adjudicated_from_locality_registry,existing_me_locality_census,Migrated from canonical locality capability evidence; legacy source_id synthesized where source identity was not yet normalized.
us:me:municipality:baldwin,us:authority:me:municipal-clerk:baldwin-municipal-clerk,legacy:us:me:municipality:baldwin:final,final,,,,,,,adjudicated_from_locality_registry,existing_me_locality_census,Migrated from canonical locality capability evidence; legacy source_id synthesized where source identity was not yet normalized.
us:me:municipality:pownal,us:authority:me:municipal-clerk:pownal-municipal-clerk,legacy:us:me:municipality:pownal:final,final,,,,,,,adjudicated_from_locality_registry,existing_me_locality_census,Migrated from canonical locality capability evidence; legacy source_id synthesized where source identity was not yet normalized.
us:me:municipality:north-yarmouth,us:authority:me:municipal-clerk:north-yarmouth-municipal-clerk,legacy:us:me:municipality:north-yarmouth:final,final,,,,,,,adjudicated_from_locality_registry,existing_me_locality_census,Migrated from canonical locality capability evidence; legacy source_id synthesized where source identity was not yet normalized.
us:me:municipality:harpswell,us:authority:me:municipal-clerk:harpswell-municipal-clerk,legacy:us:me:municipality:harpswell:final,final,,,,,,,adjudicated_from_locality_registry,existing_me_locality_census,Migrated from canonical locality capability evidence; legacy source_id synthesized where source identity was not yet normalized.
us:me:municipality:mechanic-falls,us:authority:me:municipal-clerk:mechanic-falls-municipal-clerk,legacy:us:me:municipality:mechanic-falls:final,final,,,,,,,adjudicated_from_locality_registry,existing_me_locality_census,Migrated from canonical locality capability evidence; legacy source_id synthesized where source identity was not yet normalized.
us:me:municipality:poland,us:authority:me:municipal-clerk:poland-municipal-clerk,legacy:us:me:municipality:poland:final,final,,,,,,,adjudicated_from_locality_registry,existing_me_locality_census,Migrated from canonical locality capability evidence; legacy source_id synthesized where source identity was not yet normalized.
us:me:municipality:durham,us:authority:me:municipal-clerk:durham-municipal-clerk,legacy:us:me:municipality:durham:final,final,,,,,,,adjudicated_from_locality_registry,existing_me_locality_census,Migrated from canonical locality capability evidence; legacy source_id synthesized where source identity was not yet normalized.
us:me:municipality:greene,us:authority:me:municipal-clerk:greene-municipal-clerk,legacy:us:me:municipality:greene:final,final,,,,,,,adjudicated_from_locality_registry,existing_me_locality_census,Migrated from canonical locality capability evidence; legacy source_id synthesized where source identity was not yet normalized.
us:me:municipality:livermore,us:authority:me:municipal-clerk:livermore-municipal-clerk,legacy:us:me:municipality:livermore:final,final,,,,,,,adjudicated_from_locality_registry,existing_me_locality_census,Migrated from canonical locality capability evidence; legacy source_id synthesized where source identity was not yet normalized.
us:me:municipality:livermore-falls,us:authority:me:municipal-clerk:livermore-falls-municipal-clerk,legacy:us:me:municipality:livermore-falls:final,final,,,,,,,adjudicated_from_locality_registry,existing_me_locality_census,Migrated from canonical locality capability evidence; legacy source_id synthesized where source identity was not yet normalized.
us:me:municipality:monmouth,us:authority:me:municipal-clerk:monmouth-municipal-clerk,legacy:us:me:municipality:monmouth:final,final,,,,,,,adjudicated_from_locality_registry,existing_me_locality_census,Migrated from canonical locality capability evidence; legacy source_id synthesized where source identity was not yet normalized.
us:me:municipality:manchester,us:authority:me:municipal-clerk:manchester-municipal-clerk,legacy:us:me:municipality:manchester:final,final,,,,,,,adjudicated_from_locality_registry,existing_me_locality_census,Migrated from canonical locality capability evidence; legacy source_id synthesized where source identity was not yet normalized.
us:me:municipality:belgrade,us:authority:me:municipal-clerk:belgrade-municipal-clerk,legacy:us:me:municipality:belgrade:final,final,,,,,,,adjudicated_from_locality_registry,existing_me_locality_census,Migrated from canonical locality capability evidence; legacy source_id synthesized where source identity was not yet normalized.
us:me:municipality:oakland,us:authority:me:municipal-clerk:oakland-municipal-clerk,legacy:us:me:municipality:oakland:final,final,,,,,,,adjudicated_from_locality_registry,existing_me_locality_census,Migrated from canonical locality capability evidence; legacy source_id synthesized where source identity was not yet normalized.
us:me:municipality:winslow,us:authority:me:municipal-clerk:winslow-municipal-clerk,legacy:us:me:municipality:winslow:final,final,,,,,,,adjudicated_from_locality_registry,existing_me_locality_census,Migrated from canonical locality capability evidence; legacy source_id synthesized where source identity was not yet normalized.
us:me:municipality:china,us:authority:me:municipal-clerk:china-municipal-clerk,legacy:us:me:municipality:china:final,final,,,,,,,adjudicated_from_locality_registry,existing_me_locality_census,Migrated from canonical locality capability evidence; legacy source_id synthesized where source identity was not yet normalized.
us:me:municipality:vassalboro,us:authority:me:municipal-clerk:vassalboro-municipal-clerk,legacy:us:me:municipality:vassalboro:final,final,,,,,,,adjudicated_from_locality_registry,existing_me_locality_census,Migrated from canonical locality capability evidence; legacy source_id synthesized where source identity was not yet normalized.
us:me:municipality:readfield,us:authority:me:municipal-clerk:readfield-municipal-clerk,legacy:us:me:municipality:readfield:final,final,,,,,,,adjudicated_from_locality_registry,existing_me_locality_census,Migrated from canonical locality capability evidence; legacy source_id synthesized where source identity was not yet normalized.
us:me:municipality:wayne,us:authority:me:municipal-clerk:wayne-municipal-clerk,legacy:us:me:municipality:wayne:final,final,,,,,,,adjudicated_from_locality_registry,existing_me_locality_census,Migrated from canonical locality capability evidence; legacy source_id synthesized where source identity was not yet normalized.
us:me:municipality:chelsea,us:authority:me:municipal-clerk:chelsea-municipal-clerk,legacy:us:me:municipality:chelsea:final,final,,,,,,,adjudicated_from_locality_registry,existing_me_locality_census,Migrated from canonical locality capability evidence; legacy source_id synthesized where source identity was not yet normalized.
us:me:municipality:farmingdale,us:authority:me:municipal-clerk:farmingdale-municipal-clerk,legacy:us:me:municipality:farmingdale:final,final,,,,,,,adjudicated_from_locality_registry,existing_me_locality_census,Migrated from canonical locality capability evidence; legacy source_id synthesized where source identity was not yet normalized.
us:me:municipality:west-gardiner,us:authority:me:municipal-clerk:west-gardiner-municipal-clerk,legacy:us:me:municipality:west-gardiner:final,final,,,,,,,adjudicated_from_locality_registry,existing_me_locality_census,Migrated from canonical locality capability evidence; legacy source_id synthesized where source identity was not yet normalized.
us:me:municipality:randolph,us:authority:me:municipal-clerk:randolph-municipal-clerk,legacy:us:me:municipality:randolph:final,final,,,,,,,adjudicated_from_locality_registry,existing_me_locality_census,Migrated from canonical locality capability evidence; legacy source_id synthesized where source identity was not yet normalized.
us:me:municipality:norridgewock,us:authority:me:municipal-clerk:norridgewock-municipal-clerk,legacy:us:me:municipality:norridgewock:final,final,,,,,,,adjudicated_from_locality_registry,existing_me_locality_census,Migrated from canonical locality capability evidence; legacy source_id synthesized where source identity was not yet normalized.
us:me:municipality:madison,us:authority:me:municipal-clerk:madison-municipal-clerk,legacy:us:me:municipality:madison:final,final,,,,,,,adjudicated_from_locality_registry,existing_me_locality_census,Migrated from canonical locality capability evidence; legacy source_id synthesized where source identity was not yet normalized.
us:me:municipality:anson,us:authority:me:municipal-clerk:anson-municipal-clerk,legacy:us:me:municipality:anson:final,final,,,,,,,adjudicated_from_locality_registry,existing_me_locality_census,Migrated from canonical locality capability evidence; legacy source_id synthesized where source identity was not yet normalized.
us:me:municipality:canaan,us:authority:me:municipal-clerk:canaan-municipal-clerk,legacy:us:me:municipality:canaan:final,final,,,,,,,adjudicated_from_locality_registry,existing_me_locality_census,Migrated from canonical locality capability evidence; legacy source_id synthesized where source identity was not yet normalized.
us:me:municipality:hartland,us:authority:me:municipal-clerk:hartland-municipal-clerk,legacy:us:me:municipality:hartland:final,final,,,,,,,adjudicated_from_locality_registry,existing_me_locality_census,Migrated from canonical locality capability evidence; legacy source_id synthesized where source identity was not yet normalized.
us:me:municipality:palmyra,us:authority:me:municipal-clerk:palmyra-municipal-clerk,legacy:us:me:municipality:palmyra:final,final,,,,,,,adjudicated_from_locality_registry,existing_me_locality_census,Migrated from canonical locality capability evidence; legacy source_id synthesized where source identity was not yet normalized.
us:me:municipality:dexter,us:authority:me:municipal-clerk:dexter-municipal-clerk,legacy:us:me:municipality:dexter:final,final,,,,,,,adjudicated_from_locality_registry,existing_me_locality_census,Migrated from canonical locality capability evidence; legacy source_id synthesized where source identity was not yet normalized.
us:me:municipality:dover-foxcroft,us:authority:me:municipal-clerk:dover-foxcroft-municipal-clerk,legacy:us:me:municipality:dover-foxcroft:final,final,,,,,,,adjudicated_from_locality_registry,existing_me_locality_census,Migrated from canonical locality capability evidence; legacy source_id synthesized where source identity was not yet normalized.
us:me:municipality:greenville,us:authority:me:municipal-clerk:greenville-municipal-clerk,legacy:us:me:municipality:greenville:final,final,,,,,,,adjudicated_from_locality_registry,existing_me_locality_census,Migrated from canonical locality capability evidence; legacy source_id synthesized where source identity was not yet normalized.
us:me:municipality:milo,us:authority:me:municipal-clerk:milo-municipal-clerk,legacy:us:me:municipality:milo:final,final,,,,,,,adjudicated_from_locality_registry,existing_me_locality_census,Migrated from canonical locality capability evidence; legacy source_id synthesized where source identity was not yet normalized.
us:me:municipality:guilford,us:authority:me:municipal-clerk:guilford-municipal-clerk,legacy:us:me:municipality:guilford:final,final,,,,,,,adjudicated_from_locality_registry,existing_me_locality_census,Migrated from canonical locality capability evidence; legacy source_id synthesized where source identity was not yet normalized.
us:me:municipality:brownville,us:authority:me:municipal-clerk:brownville-municipal-clerk,legacy:us:me:municipality:brownville:final,final,,,,,,,adjudicated_from_locality_registry,existing_me_locality_census,Migrated from canonical locality capability evidence; legacy source_id synthesized where source identity was not yet normalized.
us:me:municipality:east-millinocket,us:authority:me:municipal-clerk:east-millinocket-municipal-clerk,legacy:us:me:municipality:east-millinocket:final,final,,,,,,,adjudicated_from_locality_registry,existing_me_locality_census,Migrated from canonical locality capability evidence; legacy source_id synthesized where source identity was not yet normalized.
us:me:municipality:howland,us:authority:me:municipal-clerk:howland-municipal-clerk,legacy:us:me:municipality:howland:final,final,,,,,,,adjudicated_from_locality_registry,existing_me_locality_census,Migrated from canonical locality capability evidence; legacy source_id synthesized where source identity was not yet normalized.
us:me:municipality:newport,us:authority:me:municipal-clerk:newport-municipal-clerk,legacy:us:me:municipality:newport:final,final,,,,,,,adjudicated_from_locality_registry,existing_me_locality_census,Migrated from canonical locality capability evidence; legacy source_id synthesized where source identity was not yet normalized.
us:me:municipality:hermon,us:authority:me:municipal-clerk:hermon-municipal-clerk,legacy:us:me:municipality:hermon:final,final,,,,,,,adjudicated_from_locality_registry,existing_me_locality_census,Migrated from canonical locality capability evidence; legacy source_id synthesized where source identity was not yet normalized.
us:me:municipality:hampden,us:authority:me:municipal-clerk:hampden-municipal-clerk,legacy:us:me:municipality:hampden:final,final,,,,,,,adjudicated_from_locality_registry,existing_me_locality_census,Migrated from canonical locality capability evidence; legacy source_id synthesized where source identity was not yet normalized.
us:me:municipality:veazie,us:authority:me:municipal-clerk:veazie-municipal-clerk,legacy:us:me:municipality:veazie:final,final,,,,,,,adjudicated_from_locality_registry,existing_me_locality_census,Migrated from canonical locality capability evidence; legacy source_id synthesized where source identity was not yet normalized.
us:me:municipality:glenburn,us:authority:me:municipal-clerk:glenburn-municipal-clerk,legacy:us:me:municipality:glenburn:final,final,,,,,,,adjudicated_from_locality_registry,existing_me_locality_census,Migrated from canonical locality capability evidence; legacy source_id synthesized where source identity was not yet normalized.
us:me:municipality:eddington,us:authority:me:municipal-clerk:eddington-municipal-clerk,legacy:us:me:municipality:eddington:final,final,,,,,,,adjudicated_from_locality_registry,existing_me_locality_census,Migrated from canonical locality capability evidence; legacy source_id synthesized where source identity was not yet normalized.
us:me:municipality:clifton,us:authority:me:municipal-clerk:clifton-municipal-clerk,legacy:us:me:municipality:clifton:final,final,,,,,,,adjudicated_from_locality_registry,existing_me_locality_census,Migrated from canonical locality capability evidence; legacy source_id synthesized where source identity was not yet normalized.
us:me:municipality:holden,us:authority:me:municipal-clerk:holden-municipal-clerk,legacy:us:me:municipality:holden:final,final,,,,,,,adjudicated_from_locality_registry,existing_me_locality_census,Migrated from canonical locality capability evidence; legacy source_id synthesized where source identity was not yet normalized.
us:me:municipality:orrington,us:authority:me:municipal-clerk:orrington-municipal-clerk,legacy:us:me:municipality:orrington:final,final,,,,,,,adjudicated_from_locality_registry,existing_me_locality_census,Migrated from canonical locality capability evidence; legacy source_id synthesized where source identity was not yet normalized.
us:me:municipality:dedham,us:authority:me:municipal-clerk:dedham-municipal-clerk,legacy:us:me:municipality:dedham:final,final,,,,,,,adjudicated_from_locality_registry,existing_me_locality_census,Migrated from canonical locality capability evidence; legacy source_id synthesized where source identity was not yet normalized.
us:me:municipality:bucksport,us:authority:me:municipal-clerk:bucksport-municipal-clerk,legacy:us:me:municipality:bucksport:final,final,,,,,,,adjudicated_from_locality_registry,existing_me_locality_census,Migrated from canonical locality capability evidence; legacy source_id synthesized where source identity was not yet normalized.
us:me:municipality:blue-hill,us:authority:me:municipal-clerk:blue-hill-municipal-clerk,legacy:us:me:municipality:blue-hill:final,final,,,,,,,adjudicated_from_locality_registry,existing_me_locality_census,Migrated from canonical locality capability evidence; legacy source_id synthesized where source identity was not yet normalized.
us:me:municipality:castine,us:authority:me:municipal-clerk:castine-municipal-clerk,legacy:us:me:municipality:castine:final,final,,,,,,,adjudicated_from_locality_registry,existing_me_locality_census,Migrated from canonical locality capability evidence; legacy source_id synthesized where source identity was not yet normalized.
us:me:municipality:deer-isle,us:authority:me:municipal-clerk:deer-isle-municipal-clerk,legacy:us:me:municipality:deer-isle:final,final,,,,,,,adjudicated_from_locality_registry,existing_me_locality_census,Migrated from canonical locality capability evidence; legacy source_id synthesized where source identity was not yet normalized.
us:me:municipality:stonington,us:authority:me:municipal-clerk:stonington-municipal-clerk,legacy:us:me:municipality:stonington:final,final,,,,,,,adjudicated_from_locality_registry,existing_me_locality_census,Migrated from canonical locality capability evidence; legacy source_id synthesized where source identity was not yet normalized.
us:me:municipality:mount-desert,us:authority:me:municipal-clerk:mount-desert-municipal-clerk,legacy:us:me:municipality:mount-desert:final,final,,,,,,,adjudicated_from_locality_registry,existing_me_locality_census,Migrated from canonical locality capability evidence; legacy source_id synthesized where source identity was not yet normalized.
us:me:municipality:southwest-harbor,us:authority:me:municipal-clerk:southwest-harbor-municipal-clerk,legacy:us:me:municipality:southwest-harbor:final,final,,,,,,,adjudicated_from_locality_registry,existing_me_locality_census,Migrated from canonical locality capability evidence; legacy source_id synthesized where source identity was not yet normalized.
us:me:municipality:tremont,us:authority:me:municipal-clerk:tremont-municipal-clerk,legacy:us:me:municipality:tremont:final,final,,,,,,,adjudicated_from_locality_registry,existing_me_locality_census,Migrated from canonical locality capability evidence; legacy source_id synthesized where source identity was not yet normalized.
us:me:municipality:sullivan,us:authority:me:municipal-clerk:sullivan-municipal-clerk,legacy:us:me:municipality:sullivan:final,final,,,,,,,adjudicated_from_locality_registry,existing_me_locality_census,Migrated from canonical locality capability evidence; legacy source_id synthesized where source identity was not yet normalized.
us:me:municipality:trenton,us:authority:me:municipal-clerk:trenton-municipal-clerk,legacy:us:me:municipality:trenton:final,final,,,,,,,adjudicated_from_locality_registry,existing_me_locality_census,Migrated from canonical locality capability evidence; legacy source_id synthesized where source identity was not yet normalized.
us:me:municipality:wiscasset,us:authority:me:municipal-clerk:wiscasset-municipal-clerk,legacy:us:me:municipality:wiscasset:final,final,,,,,,,adjudicated_from_locality_registry,existing_me_locality_census,Migrated from canonical locality capability evidence; legacy source_id synthesized where source identity was not yet normalized.
us:me:municipality:damariscotta,us:authority:me:municipal-clerk:damariscotta-municipal-clerk,legacy:us:me:municipality:damariscotta:final,final,,,,,,,adjudicated_from_locality_registry,existing_me_locality_census,Migrated from canonical locality capability evidence; legacy source_id synthesized where source identity was not yet normalized.
us:me:municipality:newcastle,us:authority:me:municipal-clerk:newcastle-municipal-clerk,legacy:us:me:municipality:newcastle:final,final,,,,,,,adjudicated_from_locality_registry,existing_me_locality_census,Migrated from canonical locality capability evidence; legacy source_id synthesized where source identity was not yet normalized.
us:me:municipality:boothbay,us:authority:me:municipal-clerk:boothbay-municipal-clerk,legacy:us:me:municipality:boothbay:final,final,,,,,,,adjudicated_from_locality_registry,existing_me_locality_census,Migrated from canonical locality capability evidence; legacy source_id synthesized where source identity was not yet normalized.
us:me:municipality:boothbay-harbor,us:authority:me:municipal-clerk:boothbay-harbor-municipal-clerk,legacy:us:me:municipality:boothbay-harbor:final,final,,,,,,,adjudicated_from_locality_registry,existing_me_locality_census,Migrated from canonical locality capability evidence; legacy source_id synthesized where source identity was not yet normalized.
us:me:municipality:waldoboro,us:authority:me:municipal-clerk:waldoboro-municipal-clerk,legacy:us:me:municipality:waldoboro:final,final,,,,,,,adjudicated_from_locality_registry,existing_me_locality_census,Migrated from canonical locality capability evidence; legacy source_id synthesized where source identity was not yet normalized.
us:me:municipality:bristol,us:authority:me:municipal-clerk:bristol-municipal-clerk,legacy:us:me:municipality:bristol:final,final,,,,,,,adjudicated_from_locality_registry,existing_me_locality_census,Migrated from canonical locality capability evidence; legacy source_id synthesized where source identity was not yet normalized.
us:me:municipality:nobleboro,us:authority:me:municipal-clerk:nobleboro-municipal-clerk,legacy:us:me:municipality:nobleboro:final,final,,,,,,,adjudicated_from_locality_registry,existing_me_locality_census,Migrated from canonical locality capability evidence; legacy source_id synthesized where source identity was not yet normalized.
us:me:municipality:jefferson,us:authority:me:municipal-clerk:jefferson-municipal-clerk,legacy:us:me:municipality:jefferson:final,final,,,,,,,adjudicated_from_locality_registry,existing_me_locality_census,Migrated from canonical locality capability evidence; legacy source_id synthesized where source identity was not yet normalized.
us:me:municipality:whitefield,us:authority:me:municipal-clerk:whitefield-municipal-clerk,legacy:us:me:municipality:whitefield:final,final,,,,,,,adjudicated_from_locality_registry,existing_me_locality_census,Migrated from canonical locality capability evidence; legacy source_id synthesized where source identity was not yet normalized.
us:me:municipality:union,us:authority:me:municipal-clerk:union-municipal-clerk,legacy:us:me:municipality:union:final,final,,,,,,,adjudicated_from_locality_registry,existing_me_locality_census,Migrated from canonical locality capability evidence; legacy source_id synthesized where source identity was not yet normalized.
us:me:municipality:warren,us:authority:me:municipal-clerk:warren-municipal-clerk,legacy:us:me:municipality:warren:final,final,,,,,,,adjudicated_from_locality_registry,existing_me_locality_census,Migrated from canonical locality capability evidence; legacy source_id synthesized where source identity was not yet normalized.
us:me:municipality:rockport,us:authority:me:municipal-clerk:rockport-municipal-clerk,legacy:us:me:municipality:rockport:final,final,,,,,,,adjudicated_from_locality_registry,existing_me_locality_census,Migrated from canonical locality capability evidence; legacy source_id synthesized where source identity was not yet normalized.
us:me:municipality:north-haven,us:authority:me:municipal-clerk:north-haven-municipal-clerk,legacy:us:me:municipality:north-haven:final,final,,,,,,,adjudicated_from_locality_registry,existing_me_locality_census,Migrated from canonical locality capability evidence; legacy source_id synthesized where source identity was not yet normalized.
us:me:municipality:vinalhaven,us:authority:me:municipal-clerk:vinalhaven-municipal-clerk,legacy:us:me:municipality:vinalhaven:final,final,,,,,,,adjudicated_from_locality_registry,existing_me_locality_census,Migrated from canonical locality capability evidence; legacy source_id synthesized where source identity was not yet normalized.
us:me:municipality:st-george,us:authority:me:municipal-clerk:st-george-municipal-clerk,legacy:us:me:municipality:st-george:final,final,,,,,,,adjudicated_from_locality_registry,existing_me_locality_census,Migrated from canonical locality capability evidence; legacy source_id synthesized where source identity was not yet normalized.
us:me:municipality:owls-head,us:authority:me:municipal-clerk:owls-head-municipal-clerk,legacy:us:me:municipality:owls-head:final,final,,,,,,,adjudicated_from_locality_registry,existing_me_locality_census,Migrated from canonical locality capability evidence; legacy source_id synthesized where source identity was not yet normalized.
us:me:municipality:friendship,us:authority:me:municipal-clerk:friendship-municipal-clerk,legacy:us:me:municipality:friendship:final,final,,,,,,,adjudicated_from_locality_registry,existing_me_locality_census,Migrated from canonical locality capability evidence; legacy source_id synthesized where source identity was not yet normalized.
us:me:municipality:washington,us:authority:me:municipal-clerk:washington-municipal-clerk,legacy:us:me:municipality:washington:final,final,,,,,,,adjudicated_from_locality_registry,existing_me_locality_census,Migrated from canonical locality capability evidence; legacy source_id synthesized where source identity was not yet normalized.
